lineId,name,gameId,season,playerTeam,opposingTeam,home_or_away,gameDate,position,situation,icetime,iceTimeRank,xGoalsPercentage,corsiPercentage,fenwickPercentage,xOnGoalFor,xGoalsFor,xReboundsFor,xFreezeFor,xPlayStoppedFor,xPlayContinuedInZoneFor,xPlayContinuedOutsideZoneFor,flurryAdjustedxGoalsFor,scoreVenueAdjustedxGoalsFor,flurryScoreVenueAdjustedxGoalsFor,shotsOnGoalFor,missedShotsFor,blockedShotAttemptsFor,shotAttemptsFor,goalsFor,reboundsFor,reboundGoalsFor,freezeFor,playStoppedFor,playContinuedInZoneFor,playContinuedOutsideZoneFor,savedShotsOnGoalFor,savedUnblockedShotAttemptsFor,penaltiesFor,penalityMinutesFor,faceOffsWonFor,hitsFor,takeawaysFor,giveawaysFor,lowDangerShotsFor,mediumDangerShotsFor,highDangerShotsFor,lowDangerxGoalsFor,mediumDangerxGoalsFor,highDangerxGoalsFor,lowDangerGoalsFor,mediumDangerGoalsFor,highDangerGoalsFor,scoreAdjustedShotsAttemptsFor,unblockedShotAttemptsFor,scoreAdjustedUnblockedShotAttemptsFor,dZoneGiveawaysFor,xGoalsFromxReboundsOfShotsFor,xGoalsFromActualReboundsOfShotsFor,reboundxGoalsFor,totalShotCreditFor,scoreAdjustedTotalShotCreditFor,scoreFlurryAdjustedTotalShotCreditFor,xOnGoalAgainst,xGoalsAgainst,xReboundsAgainst,xFreezeAgainst,xPlayStoppedAgainst,xPlayContinuedInZoneAgainst,xPlayContinuedOutsideZoneAgainst,flurryAdjustedxGoalsAgainst,scoreVenueAdjustedxGoalsAgainst,flurryScoreVenueAdjustedxGoalsAgainst,shotsOnGoalAgainst,missedShotsAgainst,blockedShotAttemptsAgainst,shotAttemptsAgainst,goalsAgainst,reboundsAgainst,reboundGoalsAgainst,freezeAgainst,playStoppedAgainst,playContinuedInZoneAgainst,playContinuedOutsideZoneAgainst,savedShotsOnGoalAgainst,savedUnblockedShotAttemptsAgainst,penaltiesAgainst,penalityMinutesAgainst,faceOffsWonAgainst,hitsAgainst,takeawaysAgainst,giveawaysAgainst,lowDangerShotsAgainst,mediumDangerShotsAgainst,highDangerShotsAgainst,lowDangerxGoalsAgainst,mediumDangerxGoalsAgainst,highDangerxGoalsAgainst,lowDangerGoalsAgainst,mediumDangerGoalsAgainst,highDangerGoalsAgainst,scoreAdjustedShotsAttemptsAgainst,unblockedShotAttemptsAgainst,scoreAdjustedUnblockedShotAttemptsAgainst,dZoneGiveawaysAgainst,xGoalsFromxReboundsOfShotsAgainst,xGoalsFromActualReboundsOfShotsAgainst,reboundxGoalsAgainst,totalShotCreditAgainst,scoreAdjustedTotalShotCreditAgainst,scoreFlurryAdjustedTotalShotCreditAgainst
847637484779568479661,Jeannot-Kuraly-Pastrnak,2026020003,2026,BOS,NYR,HOME,20260929,line,5on5,44.0,8.0,1.0,1.0,1.0,0.688,0.083,0.071,0.107,0.003,0.35,0.385,0.083,0.079,0.079,0.0,1.0,0.0,1.0,0.0,0.0,0.0,0.0,0.0,0.0,1.0,0.0,1.0,0.0,0.0,0.0,1.0,0.0,0.0,0.0,1.0,0.0,0.0,0.083,0.0,0.0,0.0,0.0,0.97,1.0,0.971,0.0,0.015,0.0,0.0,0.098,0.094,0.094,0.0,0.0,0.0,0.0,0.0,0.0,0.0,0.0,0.0,0.0,0.0,0.0,0.0,0.0,0.0,0.0,0.0,0.0,0.0,0.0,0.0,0.0,0.0,0.0,0.0,0.0,1.0,0.0,0.0,0.0,0.0,0.0,0.0,0.0,0.0,0.0,0.0,0.0,0.0,0.0,0.0,0.0,0.0,0.0,0.0,0.0,0.0,0.0
847795684821758483489,Pastrnak-Minten-Peterka,2026020003,2026,BOS,NYR,HOME,20260929,line,5on5,79.0,5.0,0.9252,0.75,0.5,0.764,0.136,0.063,0.123,0.001,0.258,0.419,0.136,0.13,0.13,0.0,1.0,2.0,3.0,0.0,0.0,0.0,0.0,0.0,0.0,1.0,0.0,1.0,0.0,0.0,0.0,0.0,0.0,0.0,0.0,1.0,0.0,0.0,0.136,0.0,0.0,0.0,0.0,2.91,1.0,0.971,0.0,0.013,0.0,0.0,0.149,0.142,0.142,0.731,0.011,0.08,0.074,0.002,0.462,0.371,0.011,0.011,0.011,1.0,0.0,0.0,1.0,0.0,0.0,0.0,1.0,0.0,0.0,0.0,1.0,1.0,0.0,0.0,1.0,0.0,0.0,0.0,1.0,0.0,0.0,0.011,0.0,0.0,0.0,0.0,0.0,1.032,1.0,1.03,0.0,0.019,0.0,0.0,0.03,0.032,0.032
847840184799878479999,Mittelstadt-Zacha-Geekie,2026020003,2026,BOS,NYR,HOME,20260929,line,5on5,710.0,2.0,0.5821,0.5,0.5263,7.401,0.769,0.791,1.297,0.021,3.576,3.547,0.739,0.734,0.706,6.0,4.0,0.0,10.0,0.0,0.0,0.0,1.0,0.0,4.0,5.0,6.0,10.0,0.0,0.0,9.0,11.0,1.0,0.0,5.0,5.0,0.0,0.198,0.571,0.0,0.0,0.0,0.0,9.7,10.0,9.712,0.0,0.166,0.0,0.0,0.935,0.893,0.858,6.871,0.552,0.686,1.283,0.018,3.131,3.331,0.529,0.579,0.555,6.0,3.0,1.0,10.0,0.0,0.0,0.0,3.0,0.0,4.0,2.0,6.0,9.0,1.0,2.0,8.0,4.0,1.0,4.0,6.0,3.0,0.0,0.159,0.393,0.0,0.0,0.0,0.0,10.32,9.0,9.274,3.0,0.141,0.0,0.0,0.692,0.727,0.694
847637484821778485395,Khusnutdinov-Kuraly-Hagens,2026020003,2026,BOS,NYR,HOME,20260929,line,5on5,59.0,6.0,0.0,0.0,0.0,0.0,0.0,0.0,0.0,0.0,0.0,0.0,0.0,0.0,0.0,0.0,0.0,0.0,0.0,0.0,0.0,0.0,0.0,0.0,0.0,0.0,0.0,0.0,0.0,0.0,0.0,0.0,0.0,2.0,0.0,0.0,0.0,0.0,0.0,0.0,0.0,0.0,0.0,0.0,0.0,0.0,1.0,0.0,0.0,0.0,0.0,0.0,0.0,0.0,0.0,0.0,0.0,0.0,0.0,0.0,0.0,0.0,0.0,0.0,0.0,1.0,1.0,0.0,0.0,0.0,0.0,0.0,0.0,0.0,0.0,0.0,0.0,0.0,0.0,0.0,0.0,1.0,0.0,0.0,0.0,0.0,0.0,0.0,0.0,0.0,0.0,1.032,0.0,0.0,0.0,0.0,0.0,0.0,0.0,0.0,0.0
84773658478840,Clifton-Borgen,2026020003,2026,BOS,NYR,HOME,20260929,pairing,5on5,27.0,5.0,0.0,0.0,0.0,0.0,0.0,0.0,0.0,0.0,0.0,0.0,0.0,0.0,0.0,0.0,0.0,0.0,0.0,0.0,0.0,0.0,0.0,0.0,0.0,0.0,0.0,0.0,0.0,0.0,0.0,0.0,0.0,0.0,0.0,0.0,0.0,0.0,0.0,0.0,0.0,0.0,0.0,0.0,0.0,0.0,0.0,0.0,0.0,0.0,0.0,0.0,0.0,0.0,0.0,0.0,0.0,0.0,0.0,0.0,0.0,0.0,0.0,0.0,0.0,0.0,0.0,0.0,0.0,0.0,0.0,0.0,0.0,0.0,0.0,0.0,0.0,0.0,0.0,1.0,1.0,0.0,0.0,0.0,0.0,0.0,0.0,0.0,0.0,0.0,0.0,0.0,0.0,0.0,0.0,0.0,0.0,0.0,0.0,0.0,0.0
847637484796618479987,Jeannot-Kuraly-Geekie,2026020003,2026,BOS,NYR,HOME,20260929,line,5on5,25.0,15.0,0.0,0.0,0.0,0.0,0.0,0.0,0.0,0.0,0.0,0.0,0.0,0.0,0.0,0.0,0.0,0.0,0.0,0.0,0.0,0.0,0.0,0.0,0.0,0.0,0.0,0.0,0.0,0.0,0.0,0.0,0.0,0.0,0.0,0.0,0.0,0.0,0.0,0.0,0.0,0.0,0.0,0.0,0.0,0.0,0.0,0.0,0.0,0.0,0.0,0.0,0.0,0.0,0.0,0.0,0.0,0.0,0.0,0.0,0.0,0.0,0.0,0.0,0.0,0.0,0.0,0.0,0.0,0.0,0.0,0.0,0.0,0.0,0.0,0.0,0.0,0.0,0.0,1.0,0.0,0.0,0.0,0.0,0.0,0.0,0.0,0.0,0.0,0.0,0.0,0.0,0.0,0.0,0.0,0.0,0.0,0.0,0.0,0.0,0.0
84768548477507,Zadorov-Lindholm,2026020003,2026,BOS,NYR,HOME,20260929,pairing,5on5,11.0,8.0,1.0,1.0,1.0,1.563,0.121,0.174,0.286,0.002,0.513,0.904,0.121,0.116,0.116,1.0,1.0,0.0,2.0,0.0,0.0,0.0,1.0,0.0,1.0,0.0,1.0,2.0,0.0,0.0,0.0,0.0,0.0,0.0,1.0,1.0,0.0,0.014,0.107,0.0,0.0,0.0,0.0,1.94,2.0,1.942,0.0,0.037,0.0,0.0,0.158,0.151,0.151,0.0,0.0,0.0,0.0,0.0,0.0,0.0,0.0,0.0,0.0,0.0,0.0,0.0,0.0,0.0,0.0,0.0,0.0,0.0,0.0,0.0,0.0,0.0,0.0,0.0,0.0,0.0,0.0,0.0,0.0,0.0,0.0,0.0,0.0,0.0,0.0,0.0,0.0,0.0,0.0,0.0,0.0,0.0,0.0,0.0,0.0,0.0,0.0
84768548477365,Lindholm-Clifton,2026020003,2026,BOS,NYR,HOME,20260929,pairing,5on5,15.0,6.0,1.0,1.0,1.0,0.709,0.082,0.07,0.192,0.001,0.264,0.39,0.082,0.078,0.078,0.0,1.0,0.0,1.0,0.0,0.0,0.0,0.0,0.0,0.0,1.0,0.0,1.0,0.0,0.0,0.0,0.0,0.0,0.0,0.0,1.0,0.0,0.0,0.082,0.0,0.0,0.0,0.0,0.97,1.0,0.971,0.0,0.014,0.0,0.0,0.096,0.091,0.091,0.0,0.0,0.0,0.0,0.0,0.0,0.0,0.0,0.0,0.0,0.0,0.0,0.0,0.0,0.0,0.0,0.0,0.0,0.0,0.0,0.0,0.0,0.0,0.0,0.0,0.0,0.0,0.0,0.0,0.0,0.0,0.0,0.0,0.0,0.0,0.0,0.0,0.0,0.0,0.0,0.0,0.0,0.0,0.0,0.0,0.0,0.0,0.0
847966184803558483489,Jeannot-Minten-Kastelic,2026020003,2026,BOS,NYR,HOME,20260929,line,5on5,15.0,18.0,0.0,0.0,0.0,0.0,0.0,0.0,0.0,0.0,0.0,0.0,0.0,0.0,0.0,0.0,0.0,0.0,0.0,0.0,0.0,0.0,0.0,0.0,0.0,0.0,0.0,0.0,0.0,0.0,0.0,2.0,0.0,0.0,0.0,0.0,0.0,0.0,0.0,0.0,0.0,0.0,0.0,0.0,0.0,0.0,0.0,0.0,0.0,0.0,0.0,0.0,0.0,0.0,0.0,0.0,0.0,0.0,0.0,0.0,0.0,0.0,0.0,0.0,0.0,0.0,0.0,0.0,0.0,0.0,0.0,0.0,0.0,0.0,0.0,0.0,0.0,0.0,0.0,0.0,0.0,0.0,0.0,0.0,0.0,0.0,0.0,0.0,0.0,0.0,0.0,0.0,0.0,0.0,0.0,0.0,0.0,0.0,0.0,0.0,0.0
847840184799878485395,Geekie-Zacha-Hagens,2026020003,2026,BOS,NYR,HOME,20260929,line,5on5,49.0,7.0,0.0,0.0,0.0,0.0,0.0,0.0,0.0,0.0,0.0,0.0,0.0,0.0,0.0,0.0,0.0,0.0,0.0,0.0,0.0,0.0,0.0,0.0,0.0,0.0,0.0,0.0,0.0,0.0,0.0,0.0,0.0,0.0,0.0,0.0,0.0,0.0,0.0,0.0,0.0,0.0,0.0,0.0,0.0,0.0,0.0,0.0,0.0,0.0,0.0,0.0,0.0,0.738,0.038,0.059,0.177,0.002,0.382,0.342,0.038,0.039,0.039,1.0,0.0,1.0,2.0,0.0,0.0,0.0,1.0,0.0,0.0,0.0,1.0,1.0,0.0,0.0,0.0,0.0,1.0,0.0,1.0,0.0,0.0,0.038,0.0,0.0,0.0,0.0,0.0,2.064,1.0,1.03,0.0,0.012,0.0,0.0,0.049,0.052,0.052
847749684799878479999,Mittelstadt-Lindholm-Geekie,2026020003,2026,BOS,NYR,HOME,20260929,line,5on5,43.0,9.0,1.0,0.5,1.0,0.755,0.076,0.078,0.105,0.003,0.351,0.387,0.076,0.073,0.073,1.0,0.0,0.0,1.0,0.0,0.0,0.0,0.0,0.0,0.0,1.0,1.0,1.0,0.0,0.0,0.0,1.0,0.0,0.0,1.0,0.0,0.0,0.076,0.0,0.0,0.0,0.0,0.0,0.97,1.0,0.971,0.0,0.016,0.0,0.0,0.092,0.088,0.088,0.0,0.0,0.0,0.0,0.0,0.0,0.0,0.0,0.0,0.0,0.0,0.0,1.0,1.0,0.0,0.0,0.0,0.0,0.0,0.0,0.0,0.0,0.0,0.0,0.0,0.0,1.0,0.0,0.0,0.0,0.0,0.0,0.0,0.0,0.0,0.0,0.0,0.0,1.032,0.0,0.0,0.0,0.0,0.0,0.0,0.0,0.0,0.0
84773658482511,Lohrei-Clifton,2026020003,2026,BOS,NYR,HOME,20260929,pairing,5on5,64.0,4.0,1.0,1.0,1.0,1.378,0.054,0.107,0.345,0.001,0.544,0.949,0.053,0.051,0.051,1.0,1.0,0.0,2.0,0.0,0.0,0.0,0.0,0.0,2.0,0.0,1.0,2.0,0.0,0.0,0.0,0.0,1.0,0.0,2.0,0.0,0.0,0.054,0.0,0.0,0.0,0.0,0.0,1.94,2.0,1.942,0.0,0.02,0.0,0.0,0.074,0.071,0.07,0.0,0.0,0.0,0.0,0.0,0.0,0.0,0.0,0.0,0.0,0.0,0.0,0.0,0.0,0.0,0.0,0.0,0.0,0.0,0.0,0.0,0.0,0.0,0.0,0.0,0.0,1.0,0.0,0.0,0.0,0.0,0.0,0.0,0.0,0.0,0.0,0.0,0.0,0.0,0.0,0.0,0.0,0.0,0.0,0.0,0.0,0.0,0.0
847637484796618480355,Jeannot-Kuraly-Kastelic,2026020003,2026,BOS,NYR,HOME,20260929,line,5on5,644.0,3.0,0.5271,0.3333,0.4545,3.553,0.331,0.325,0.744,0.005,1.475,2.12,0.331,0.316,0.316,2.0,3.0,1.0,6.0,0.0,0.0,0.0,1.0,0.0,3.0,1.0,2.0,5.0,0.0,0.0,6.0,9.0,1.0,2.0,3.0,2.0,0.0,0.068,0.263,0.0,0.0,0.0,0.0,5.82,5.0,4.856,1.0,0.065,0.0,0.0,0.396,0.378,0.378,4.472,0.297,0.541,0.878,0.011,2.19,2.084,0.275,0.311,0.288,5.0,1.0,6.0,12.0,0.0,1.0,0.0,2.0,0.0,3.0,0.0,5.0,6.0,0.0,0.0,2.0,15.0,1.0,2.0,6.0,0.0,0.0,0.297,0.0,0.0,0.0,0.0,0.0,12.384,6.0,6.183,0.0,0.116,0.033,0.033,0.379,0.398,0.367
847795684784018479999,Mittelstadt-Zacha-Pastrnak,2026020003,2026,BOS,NYR,HOME,20260929,line,5on5,27.0,13.0,0.0,0.0,0.0,0.0,0.0,0.0,0.0,0.0,0.0,0.0,0.0,0.0,0.0,0.0,0.0,0.0,0.0,0.0,0.0,0.0,0.0,0.0,0.0,0.0,0.0,0.0,0.0,0.0,0.0,1.0,0.0,0.0,0.0,0.0,0.0,0.0,0.0,0.0,0.0,0.0,0.0,0.0,0.0,0.0,0.0,0.0,0.0,0.0,0.0,0.0,0.0,0.0,0.0,0.0,0.0,0.0,0.0,0.0,0.0,0.0,0.0,0.0,0.0,0.0,0.0,0.0,0.0,0.0,0.0,0.0,0.0,0.0,0.0,0.0,0.0,0.0,0.0,1.0,0.0,0.0,0.0,0.0,0.0,0.0,0.0,0.0,0.0,0.0,0.0,0.0,0.0,0.0,0.0,0.0,0.0,0.0,0.0,0.0,0.0
847998784834898485395,Geekie-Minten-Hagens,2026020003,2026,BOS,NYR,HOME,20260929,line,5on5,33.0,10.0,0.0,0.0,0.0,0.0,0.0,0.0,0.0,0.0,0.0,0.0,0.0,0.0,0.0,0.0,0.0,0.0,0.0,0.0,0.0,0.0,0.0,0.0,0.0,0.0,0.0,0.0,0.0,0.0,0.0,0.0,0.0,0.0,0.0,0.0,0.0,0.0,0.0,0.0,0.0,0.0,0.0,0.0,0.0,0.0,0.0,0.0,0.0,0.0,0.0,0.0,0.0,0.0,0.0,0.0,0.0,0.0,0.0,0.0,0.0,0.0,0.0,0.0,0.0,0.0,0.0,0.0,0.0,0.0,0.0,0.0,0.0,0.0,0.0,0.0,0.0,0.0,0.0,1.0,0.0,0.0,0.0,0.0,0.0,0.0,0.0,0.0,0.0,0.0,0.0,0.0,0.0,0.0,0.0,0.0,0.0,0.0,0.0,0.0,0.0
848035584821778483489,Khusnutdinov-Minten-Kastelic,2026020003,2026,BOS,NYR,HOME,20260929,line,5on5,32.0,11.0,1.0,1.0,1.0,0.66,0.095,0.067,0.148,0.002,0.351,0.337,0.095,0.095,0.095,1.0,0.0,0.0,1.0,1.0,0.0,0.0,0.0,0.0,0.0,0.0,0.0,0.0,0.0,0.0,2.0,0.0,0.0,1.0,0.0,1.0,0.0,0.0,0.095,0.0,0.0,1.0,0.0,1.026,1.0,1.038,0.0,0.013,0.0,0.0,0.108,0.108,0.108,0.0,0.0,0.0,0.0,0.0,0.0,0.0,0.0,0.0,0.0,0.0,0.0,0.0,0.0,0.0,0.0,0.0,0.0,0.0,0.0,0.0,0.0,0.0,0.0,0.0,0.0,1.0,0.0,1.0,0.0,0.0,0.0,0.0,0.0,0.0,0.0,0.0,0.0,0.0,0.0,0.0,1.0,0.0,0.0,0.0,0.0,0.0,0.0
847840184799878482175,Geekie-Zacha-Peterka,2026020003,2026,BOS,NYR,HOME,20260929,line,5on5,21.0,16.0,0.0,1.0,0.0,0.0,0.0,0.0,0.0,0.0,0.0,0.0,0.0,0.0,0.0,0.0,0.0,1.0,1.0,0.0,0.0,0.0,0.0,0.0,0.0,0.0,0.0,0.0,0.0,0.0,0.0,0.0,0.0,0.0,0.0,0.0,0.0,0.0,0.0,0.0,0.0,0.0,0.0,0.97,0.0,0.0,0.0,0.0,0.0,0.0,0.0,0.0,0.0,0.0,0.0,0.0,0.0,0.0,0.0,0.0,0.0,0.0,0.0,0.0,0.0,0.0,0.0,0.0,0.0,0.0,0.0,0.0,0.0,0.0,0.0,0.0,0.0,0.0,0.0,0.0,0.0,0.0,0.0,0.0,0.0,0.0,0.0,0.0,0.0,0.0,0.0,0.0,0.0,0.0,0.0,0.0,0.0,0.0,0.0,0.0,0.0
84768548481219,Lindholm-Aspirot,2026020003,2026,BOS,NYR,HOME,20260929,pairing,5on5,12.0,7.0,1.0,1.0,1.0,0.789,0.032,0.086,0.063,0.003,0.391,0.424,0.032,0.03,0.03,0.0,1.0,1.0,2.0,0.0,0.0,0.0,0.0,0.0,0.0,1.0,0.0,1.0,0.0,0.0,0.0,0.0,0.0,0.0,1.0,0.0,0.0,0.032,0.0,0.0,0.0,0.0,0.0,1.94,1.0,0.971,0.0,0.018,0.0,0.0,0.05,0.047,0.047,0.0,0.0,0.0,0.0,0.0,0.0,0.0,0.0,0.0,0.0,0.0,0.0,0.0,0.0,0.0,0.0,0.0,0.0,0.0,0.0,0.0,0.0,0.0,0.0,0.0,0.0,0.0,0.0,0.0,0.0,0.0,0.0,0.0,0.0,0.0,0.0,0.0,0.0,0.0,0.0,0.0,0.0,0.0,0.0,0.0,0.0,0.0,0.0
84773658477507,Zadorov-Clifton,2026020003,2026,BOS,NYR,HOME,20260929,pairing,5on5,1219.0,1.0,0.4878,0.5333,0.55,7.995,0.618,0.942,1.421,0.024,3.618,4.378,0.6,0.596,0.579,7.0,4.0,5.0,16.0,0.0,1.0,0.0,2.0,0.0,1.0,7.0,7.0,11.0,1.0,2.0,10.0,25.0,3.0,2.0,8.0,3.0,0.0,0.269,0.349,0.0,0.0,0.0,0.0,16.168,11.0,10.92,0.0,0.193,0.031,0.031,0.78,0.755,0.736,7.518,0.649,0.96,1.135,0.016,3.174,3.065,0.634,0.68,0.666,8.0,1.0,5.0,14.0,0.0,2.0,0.0,3.0,0.0,2.0,2.0,8.0,9.0,0.0,0.0,6.0,7.0,2.0,5.0,7.0,2.0,0.0,0.381,0.268,0.0,0.0,0.0,0.0,14.448,9.0,9.274,2.0,0.208,0.116,0.116,0.741,0.778,0.765
84768548478840,Lindholm-Borgen,2026020003,2026,BOS,NYR,HOME,20260929,pairing,5on5,973.0,2.0,0.6373,0.52,0.55,8.075,0.947,0.842,1.129,0.025,4.155,3.903,0.937,0.913,0.904,6.0,5.0,2.0,13.0,1.0,1.0,0.0,1.0,0.0,3.0,5.0,5.0,10.0,0.0,0.0,11.0,9.0,0.0,3.0,6.0,5.0,0.0,0.332,0.615,0.0,0.0,1.0,0.0,12.714,11.0,10.762,2.0,0.179,0.055,0.055,1.07,1.032,1.021,6.532,0.539,0.659,1.256,0.017,3.339,3.191,0.505,0.566,0.53,5.0,4.0,3.0,12.0,0.0,0.0,0.0,1.0,0.0,7.0,1.0,5.0,9.0,1.0,2.0,10.0,14.0,0.0,5.0,6.0,3.0,0.0,0.221,0.318,0.0,0.0,0.0,0.0,12.384,9.0,9.274,0.0,0.136,0.0,0.0,0.675,0.709,0.662
848217584821778483489,Khusnutdinov-Minten-Peterka,2026020003,2026,BOS,NYR,HOME,20260929,line,5on5,32.0,12.0,0.0,0.0,0.0,0.0,0.0,0.0,0.0,0.0,0.0,0.0,0.0,0.0,0.0,0.0,0.0,0.0,0.0,0.0,0.0,0.0,0.0,0.0,0.0,0.0,0.0,0.0,0.0,0.0,0.0,0.0,0.0,0.0,0.0,0.0,0.0,0.0,0.0,0.0,0.0,0.0,0.0,0.0,0.0,0.0,0.0,0.0,0.0,0.0,0.0,0.0,0.0,0.0,0.0,0.0,0.0,0.0,0.0,0.0,0.0,0.0,0.0,0.0,0.0,0.0,0.0,0.0,0.0,0.0,0.0,0.0,0.0,0.0,0.0,0.0,0.0,0.0,0.0,0.0,0.0,1.0,0.0,0.0,0.0,0.0,0.0,0.0,0.0,0.0,0.0,0.0,0.0,0.0,0.0,0.0,0.0,0.0,0.0,0.0,0.0
84812198482511,Lohrei-Aspirot,2026020003,2026,BOS,NYR,HOME,20260929,pairing,5on5,962.0,3.0,0.4883,0.4706,0.4762,7.118,0.711,0.713,1.322,0.024,3.515,3.714,0.707,0.684,0.679,6.0,4.0,6.0,16.0,1.0,0.0,0.0,1.0,0.0,5.0,3.0,5.0,9.0,0.0,0.0,3.0,2.0,0.0,5.0,6.0,4.0,0.0,0.246,0.465,0.0,0.0,1.0,0.0,15.576,10.0,9.779,3.0,0.144,0.0,0.0,0.855,0.822,0.816,8.408,0.745,1.05,1.44,0.024,3.887,3.855,0.725,0.781,0.761,9.0,2.0,7.0,18.0,0.0,1.0,0.0,4.0,0.0,2.0,4.0,9.0,11.0,0.0,0.0,7.0,12.0,0.0,8.0,8.0,2.0,1.0,0.266,0.267,0.211,0.0,0.0,0.0,18.576,11.0,11.335,3.0,0.225,0.033,0.033,0.937,0.983,0.955
847637484796618485395,Jeannot-Kuraly-Hagens,2026020003,2026,BOS,NYR,HOME,20260929,line,5on5,15.0,17.0,0.0,0.0,0.0,0.0,0.0,0.0,0.0,0.0,0.0,0.0,0.0,0.0,0.0,0.0,0.0,0.0,0.0,0.0,0.0,0.0,0.0,0.0,0.0,0.0,0.0,0.0,0.0,0.0,0.0,0.0,0.0,0.0,0.0,0.0,0.0,0.0,0.0,0.0,0.0,0.0,0.0,0.0,0.0,0.0,0.0,0.0,0.0,0.0,0.0,0.0,0.0,0.0,0.0,0.0,0.0,0.0,0.0,0.0,0.0,0.0,0.0,0.0,0.0,0.0,0.0,0.0,0.0,0.0,0.0,0.0,0.0,0.0,0.0,0.0,0.0,0.0,1.0,0.0,0.0,0.0,0.0,0.0,0.0,0.0,0.0,0.0,0.0,0.0,0.0,0.0,0.0,0.0,0.0,0.0,0.0,0.0,0.0,0.0,0.0
847637484796618482177,Jeannot-Kuraly-Khusnutdinov,2026020003,2026,BOS,NYR,HOME,20260929,line,5on5,26.0,14.0,1.0,1.0,1.0,1.417,0.1,0.217,0.121,0.004,0.511,1.047,0.1,0.098,0.098,1.0,1.0,0.0,2.0,0.0,0.0,0.0,0.0,0.0,0.0,2.0,1.0,2.0,0.0,0.0,0.0,0.0,0.0,0.0,2.0,0.0,0.0,0.1,0.0,0.0,0.0,0.0,0.0,2.102,2.0,2.022,0.0,0.045,0.0,0.0,0.145,0.143,0.143,0.0,0.0,0.0,0.0,0.0,0.0,0.0,0.0,0.0,0.0,0.0,0.0,0.0,0.0,0.0,0.0,0.0,0.0,0.0,0.0,0.0,0.0,0.0,0.0,0.0,0.0,0.0,0.0,0.0,0.0,0.0,0.0,0.0,0.0,0.0,0.0,0.0,0.0,0.0,0.0,0.0,0.0,0.0,0.0,0.0,0.0,0.0,0.0
847749684779568482175,Pastrnak-Lindholm-Peterka,2026020003,2026,BOS,NYR,HOME,20260929,line,5on5,743.0,1.0,0.5767,0.5652,0.625,7.28,0.613,0.763,1.032,0.024,3.715,3.853,0.611,0.594,0.592,6.0,4.0,3.0,13.0,1.0,1.0,0.0,3.0,0.0,1.0,4.0,5.0,9.0,1.0,2.0,7.0,5.0,0.0,4.0,8.0,2.0,0.0,0.373,0.24,0.0,0.0,1.0,0.0,12.714,10.0,9.791,2.0,0.158,0.055,0.055,0.716,0.693,0.693,4.304,0.45,0.516,0.655,0.016,2.314,2.049,0.439,0.472,0.461,4.0,2.0,4.0,10.0,0.0,0.0,0.0,0.0,0.0,3.0,3.0,4.0,6.0,0.0,0.0,6.0,5.0,0.0,3.0,4.0,2.0,0.0,0.25,0.2,0.0,0.0,0.0,0.0,10.32,6.0,6.183,0.0,0.111,0.0,0.0,0.561,0.588,0.574
848217784834898485395,Khusnutdinov-Minten-Hagens,2026020003,2026,BOS,NYR,HOME,20260929,line,5on5,571.0,4.0,0.3229,0.65,0.5,4.399,0.279,0.489,0.889,0.016,2.15,2.178,0.278,0.271,0.27,4.0,2.0,7.0,13.0,0.0,1.0,0.0,0.0,0.0,4.0,1.0,4.0,6.0,0.0,0.0,0.0,4.0,1.0,1.0,5.0,1.0,0.0,0.132,0.147,0.0,0.0,0.0,0.0,13.096,6.0,5.985,1.0,0.1,0.031,0.031,0.348,0.338,0.337,5.341,0.585,0.786,0.764,0.008,1.921,1.935,0.573,0.614,0.602,5.0,1.0,1.0,7.0,0.0,2.0,0.0,1.0,0.0,1.0,2.0,5.0,6.0,0.0,0.0,5.0,5.0,1.0,6.0,3.0,2.0,1.0,0.114,0.26,0.211,0.0,0.0,0.0,7.224,6.0,6.183,1.0,0.172,0.116,0.116,0.642,0.673,0.664
848217584834898485395,Hagens-Minten-Peterka,2026020003,2026,BOS,NYR,HOME,20260929,line,5on5,13.0,19.0,0.0,0.0,0.0,0.0,0.0,0.0,0.0,0.0,0.0,0.0,0.0,0.0,0.0,0.0,0.0,0.0,0.0,0.0,0.0,0.0,0.0,0.0,0.0,0.0,0.0,0.0,0.0,0.0,0.0,0.0,1.0,0.0,0.0,0.0,0.0,0.0,0.0,0.0,0.0,0.0,0.0,0.0,0.0,0.0,0.0,0.0,0.0,0.0,0.0,0.0,0.0,0.0,0.0,0.0,0.0,0.0,0.0,0.0,0.0,0.0,0.0,0.0,0.0,0.0,0.0,0.0,0.0,0.0,0.0,0.0,0.0,0.0,0.0,0.0,0.0,0.0,0.0,0.0,0.0,0.0,0.0,0.0,0.0,0.0,0.0,0.0,0.0,0.0,0.0,0.0,0.0,0.0,0.0,0.0,0.0,0.0,0.0,0.0,0.0
848080284815228484797,Krebs-Mcleod-Helenius,2026020011,2026,BUF,CBJ,AWAY,20261001,line,5on5,605.0,3.0,0.1989,0.25,0.1111,0.716,0.073,0.077,0.093,0.001,0.368,0.388,0.073,0.073,0.073,0.0,1.0,2.0,3.0,0.0,0.0,0.0,0.0,0.0,1.0,0.0,0.0,1.0,1.0,2.0,5.0,6.0,0.0,2.0,1.0,0.0,0.0,0.073,0.0,0.0,0.0,0.0,0.0,2.904,1.0,0.954,2.0,0.016,0.0,0.0,0.09,0.088,0.088,6.09,0.294,0.518,1.389,0.01,2.78,3.008,0.293,0.29,0.289,5.0,3.0,1.0,9.0,0.0,0.0,0.0,3.0,0.0,3.0,2.0,5.0,8.0,1.0,2.0,7.0,6.0,1.0,2.0,7.0,1.0,0.0,0.189,0.106,0.0,0.0,0.0,0.0,9.004,8.0,8.008,1.0,0.108,0.0,0.0,0.402,0.395,0.393
847942084800648482659,Norris-Thompson-Doan,2026020011,2026,BUF,CBJ,AWAY,20261001,line,5on5,622.0,2.0,0.6951,0.7143,0.6667,7.519,0.832,0.779,1.151,0.02,3.867,3.351,0.811,0.845,0.824,7.0,3.0,5.0,15.0,0.0,1.0,0.0,2.0,1.0,3.0,3.0,7.0,10.0,1.0,2.0,8.0,4.0,0.0,1.0,6.0,3.0,1.0,0.214,0.393,0.226,0.0,0.0,0.0,14.661,10.0,9.765,0.0,0.161,0.019,0.019,0.975,0.989,0.965,3.667,0.365,0.313,0.765,0.008,1.669,1.88,0.363,0.356,0.354,4.0,1.0,1.0,6.0,0.0,0.0,0.0,1.0,0.0,2.0,2.0,4.0,5.0,1.0,2.0,7.0,5.0,2.0,1.0,3.0,2.0,0.0,0.107,0.259,0.0,0.0,0.0,0.0,5.932,5.0,4.991,0.0,0.061,0.0,0.0,0.426,0.416,0.413
848152284834688484797,Krebs-Kulich-Helenius,2026020011,2026,BUF,CBJ,AWAY,20261001,line,5on5,27.0,12.0,0.0,0.0,0.0,0.0,0.0,0.0,0.0,0.0,0.0,0.0,0.0,0.0,0.0,0.0,0.0,0.0,0.0,0.0,0.0,0.0,0.0,0.0,0.0,0.0,0.0,0.0,0.0,0.0,0.0,0.0,0.0,0.0,0.0,0.0,0.0,0.0,0.0,0.0,0.0,0.0,0.0,0.0,0.0,0.0,0.0,0.0,0.0,0.0,0.0,0.0,0.0,0.0,0.0,0.0,0.0,0.0,0.0,0.0,0.0,0.0,0.0,0.0,0.0,0.0,0.0,0.0,0.0,0.0,0.0,0.0,0.0,0.0,0.0,0.0,0.0,0.0,0.0,1.0,0.0,0.0,0.0,0.0,0.0,0.0,0.0,0.0,0.0,0.0,0.0,0.0,0.0,0.0,0.0,0.0,0.0,0.0,0.0,0.0,0.0
848152284835008484797,Krebs-Ostlund-Helenius,2026020011,2026,BUF,CBJ,AWAY,20261001,line,5on5,15.0,14.0,0.0,1.0,0.0,0.0,0.0,0.0,0.0,0.0,0.0,0.0,0.0,0.0,0.0,0.0,0.0,1.0,1.0,0.0,0.0,0.0,0.0,0.0,0.0,0.0,0.0,0.0,0.0,0.0,0.0,0.0,0.0,0.0,0.0,0.0,0.0,0.0,0.0,0.0,0.0,0.0,0.0,0.975,0.0,0.0,0.0,0.0,0.0,0.0,0.0,0.0,0.0,0.0,0.0,0.0,0.0,0.0,0.0,0.0,0.0,0.0,0.0,0.0,0.0,0.0,0.0,0.0,0.0,0.0,0.0,0.0,0.0,0.0,0.0,0.0,0.0,0.0,0.0,0.0,0.0,0.0,0.0,0.0,0.0,0.0,0.0,0.0,0.0,0.0,0.0,0.0,0.0,0.0,0.0,0.0,0.0,0.0,0.0,0.0,0.0
84808078484305,Samuelsson-Metsa,2026020011,2026,BUF,CBJ,AWAY,20261001,pairing,5on5,25.0,12.0,0.0,0.0,0.0,0.0,0.0,0.0,0.0,0.0,0.0,0.0,0.0,0.0,0.0,0.0,0.0,0.0,0.0,0.0,0.0,0.0,0.0,0.0,0.0,0.0,0.0,0.0,0.0,0.0,0.0,0.0,0.0,0.0,0.0,0.0,0.0,0.0,0.0,0.0,0.0,0.0,0.0,0.0,0.0,0.0,0.0,0.0,0.0,0.0,0.0,0.0,0.0,0.0,0.0,0.0,0.0,0.0,0.0,0.0,0.0,0.0,0.0,0.0,0.0,0.0,0.0,0.0,0.0,0.0,0.0,0.0,0.0,0.0,0.0,0.0,0.0,0.0,0.0,1.0,0.0,0.0,0.0,0.0,0.0,0.0,0.0,0.0,0.0,0.0,0.0,0.0,0.0,0.0,0.0,0.0,0.0,0.0,0.0,0.0,0.0
84818068484305,Crevier-Metsa,2026020011,2026,BUF,CBJ,AWAY,20261001,pairing,5on5,18.0,13.0,0.0764,0.5,0.5,0.761,0.011,0.077,0.105,0.003,0.245,0.559,0.011,0.011,0.011,1.0,0.0,0.0,1.0,0.0,0.0,0.0,0.0,0.0,0.0,1.0,1.0,1.0,0.0,0.0,0.0,0.0,0.0,0.0,1.0,0.0,0.0,0.011,0.0,0.0,0.0,0.0,0.0,0.975,1.0,0.964,0.0,0.017,0.0,0.0,0.028,0.028,0.028,0.8,0.133,0.06,0.103,0.002,0.271,0.431,0.133,0.133,0.133,1.0,0.0,0.0,1.0,0.0,0.0,0.0,0.0,0.0,0.0,1.0,1.0,1.0,0.0,0.0,0.0,0.0,0.0,0.0,0.0,1.0,0.0,0.0,0.133,0.0,0.0,0.0,0.0,1.026,1.0,1.038,0.0,0.012,0.0,0.0,0.146,0.146,0.146
84808078480839,Dahlin-Samuelsson,2026020011,2026,BUF,CBJ,AWAY,20261001,pairing,5on5,790.0,1.0,0.484,0.5909,0.4706,5.856,0.588,0.539,0.799,0.016,2.985,3.073,0.588,0.6,0.6,4.0,4.0,5.0,13.0,0.0,0.0,0.0,0.0,0.0,2.0,6.0,4.0,8.0,1.0,2.0,14.0,5.0,0.0,3.0,4.0,4.0,0.0,0.093,0.495,0.0,0.0,0.0,0.0,12.69,8.0,7.903,1.0,0.111,0.0,0.0,0.698,0.713,0.713,6.26,0.627,0.627,1.206,0.016,3.406,3.118,0.622,0.608,0.603,5.0,4.0,0.0,9.0,1.0,0.0,0.0,1.0,0.0,5.0,2.0,4.0,8.0,0.0,0.0,6.0,4.0,2.0,3.0,6.0,3.0,0.0,0.235,0.392,0.0,1.0,0.0,0.0,8.781,9.0,8.79,1.0,0.129,0.0,0.0,0.757,0.732,0.724
848006484808028484797,Norris-Mcleod-Helenius,2026020011,2026,BUF,CBJ,AWAY,20261001,line,5on5,31.0,9.0,0.0,0.0,0.0,0.0,0.0,0.0,0.0,0.0,0.0,0.0,0.0,0.0,0.0,0.0,0.0,0.0,0.0,0.0,0.0,0.0,0.0,0.0,0.0,0.0,0.0,0.0,0.0,0.0,0.0,0.0,0.0,1.0,0.0,0.0,0.0,0.0,0.0,0.0,0.0,0.0,0.0,0.0,0.0,0.0,1.0,0.0,0.0,0.0,0.0,0.0,0.0,0.802,0.182,0.076,0.077,0.002,0.351,0.312,0.182,0.182,0.182,1.0,0.0,0.0,1.0,0.0,0.0,0.0,0.0,0.0,0.0,1.0,1.0,1.0,0.0,0.0,0.0,0.0,0.0,0.0,0.0,1.0,0.0,0.0,0.182,0.0,0.0,0.0,0.0,1.026,1.0,1.038,0.0,0.016,0.0,0.0,0.198,0.198,0.198
84768918484305,Grzelcyk-Metsa,2026020011,2026,BUF,CBJ,AWAY,20261001,pairing,5on5,493.0,3.0,0.6179,0.5556,0.6,2.371,0.076,0.202,0.198,0.004,1.212,1.308,0.076,0.079,0.079,0.0,3.0,2.0,5.0,0.0,0.0,0.0,0.0,1.0,0.0,2.0,0.0,3.0,0.0,0.0,2.0,6.0,1.0,1.0,3.0,0.0,0.0,0.076,0.0,0.0,0.0,0.0,0.0,5.046,3.0,3.025,1.0,0.041,0.0,0.0,0.117,0.121,0.121,1.521,0.047,0.113,0.345,0.003,0.662,0.829,0.047,0.047,0.047,1.0,1.0,2.0,4.0,0.0,0.0,0.0,1.0,0.0,1.0,0.0,1.0,2.0,0.0,0.0,4.0,8.0,0.0,1.0,2.0,0.0,0.0,0.047,0.0,0.0,0.0,0.0,0.0,4.048,2.0,2.077,1.0,0.024,0.0,0.0,0.071,0.071,0.071
847584284793598481522,Malenstyn-Carrick-Krebs,2026020011,2026,BUF,CBJ,AWAY,20261001,line,5on5,49.0,7.0,0.0,0.0,0.0,0.0,0.0,0.0,0.0,0.0,0.0,0.0,0.0,0.0,0.0,0.0,0.0,0.0,0.0,0.0,0.0,0.0,0.0,0.0,0.0,0.0,0.0,0.0,0.0,0.0,0.0,1.0,0.0,0.0,0.0,0.0,0.0,0.0,0.0,0.0,0.0,0.0,0.0,0.0,0.0,0.0,0.0,0.0,0.0,0.0,0.0,0.0,0.0,0.0,0.0,0.0,0.0,0.0,0.0,0.0,0.0,0.0,0.0,0.0,0.0,0.0,0.0,0.0,0.0,0.0,0.0,0.0,0.0,0.0,0.0,0.0,0.0,0.0,1.0,0.0,0.0,0.0,0.0,0.0,0.0,0.0,0.0,0.0,0.0,0.0,0.0,0.0,0.0,0.0,0.0,0.0,0.0,0.0,0.0,0.0,0.0
848350084841458484797,Benson-Ostlund-Helenius,2026020011,2026,BUF,CBJ,AWAY,20261001,line,5on5,24.0,13.0,0.0,0.0,0.0,0.0,0.0,0.0,0.0,0.0,0.0,0.0,0.0,0.0,0.0,0.0,0.0,0.0,0.0,0.0,0.0,0.0,0.0,0.0,0.0,0.0,0.0,0.0,0.0,0.0,0.0,0.0,0.0,0.0,0.0,0.0,0.0,0.0,0.0,0.0,0.0,0.0,0.0,0.0,0.0,0.0,0.0,0.0,0.0,0.0,0.0,0.0,0.0,0.0,0.0,0.0,0.0,0.0,0.0,0.0,0.0,0.0,0.0,0.0,0.0,1.0,1.0,0.0,0.0,0.0,0.0,0.0,0.0,0.0,0.0,0.0,0.0,0.0,0.0,0.0,0.0,0.0,0.0,0.0,0.0,0.0,0.0,0.0,0.0,0.0,0.0,0.97,0.0,0.0,0.0,0.0,0.0,0.0,0.0,0.0,0.0
847584284793598483468,Malenstyn-Carrick-Kulich,2026020011,2026,BUF,CBJ,AWAY,20261001,line,5on5,360.0,4.0,0.2149,0.4286,0.5,2.313,0.049,0.14,0.348,0.003,1.206,1.254,0.049,0.051,0.051,2.0,1.0,0.0,3.0,0.0,0.0,0.0,2.0,0.0,0.0,1.0,2.0,3.0,0.0,0.0,5.0,5.0,0.0,4.0,3.0,0.0,0.0,0.049,0.0,0.0,0.0,0.0,0.0,3.039,3.0,3.025,2.0,0.029,0.0,0.0,0.078,0.081,0.081,1.833,0.179,0.231,0.346,0.005,1.161,1.078,0.177,0.181,0.178,2.0,1.0,1.0,4.0,2.0,0.0,0.0,0.0,0.0,0.0,1.0,0.0,1.0,0.0,0.0,7.0,7.0,1.0,0.0,2.0,1.0,0.0,0.087,0.092,0.0,1.0,1.0,0.0,4.25,3.0,3.072,0.0,0.051,0.0,0.0,0.23,0.232,0.229
84768918480839,Dahlin-Grzelcyk,2026020011,2026,BUF,CBJ,AWAY,20261001,pairing,5on5,57.0,10.0,0.0,1.0,0.0,0.0,0.0,0.0,0.0,0.0,0.0,0.0,0.0,0.0,0.0,0.0,0.0,1.0,1.0,0.0,0.0,0.0,0.0,0.0,0.0,0.0,0.0,0.0,0.0,0.0,1.0,0.0,0.0,0.0,0.0,0.0,0.0,0.0,0.0,0.0,0.0,0.0,0.0,1.032,0.0,0.0,0.0,0.0,0.0,0.0,0.0,0.0,0.0,0.0,0.0,0.0,0.0,0.0,0.0,0.0,0.0,0.0,0.0,0.0,0.0,0.0,0.0,0.0,0.0,0.0,0.0,0.0,0.0,0.0,0.0,0.0,1.0,2.0,0.0,0.0,0.0,0.0,0.0,0.0,0.0,0.0,0.0,0.0,0.0,0.0,0.0,0.0,0.0,0.0,0.0,0.0,0.0,0.0,0.0,0.0,0.0
84818068482671,Power-Crevier,2026020011,2026,BUF,CBJ,AWAY,20261001,pairing,5on5,621.0,2.0,0.7228,0.6316,0.6875,8.407,0.811,0.764,1.346,0.019,3.855,4.205,0.781,0.823,0.793,10.0,1.0,1.0,12.0,1.0,1.0,0.0,3.0,0.0,4.0,2.0,9.0,10.0,0.0,0.0,2.0,2.0,0.0,5.0,8.0,2.0,1.0,0.304,0.281,0.226,0.0,1.0,0.0,11.974,11.0,10.936,4.0,0.156,0.019,0.019,0.948,0.963,0.929,3.719,0.311,0.298,0.844,0.006,1.709,1.832,0.311,0.3,0.3,2.0,3.0,2.0,7.0,1.0,0.0,0.0,1.0,0.0,0.0,3.0,1.0,4.0,0.0,0.0,7.0,6.0,2.0,6.0,4.0,0.0,1.0,0.074,0.0,0.237,0.0,0.0,1.0,6.998,5.0,5.014,4.0,0.061,0.0,0.0,0.372,0.36,0.359
848080284820978484145,Benson-Mcleod-Quinn,2026020011,2026,BUF,CBJ,AWAY,20261001,line,5on5,27.0,11.0,1.0,1.0,1.0,0.672,0.11,0.069,0.155,0.002,0.307,0.357,0.11,0.11,0.11,1.0,0.0,1.0,2.0,0.0,0.0,0.0,0.0,0.0,0.0,1.0,1.0,1.0,0.0,0.0,0.0,0.0,0.0,0.0,0.0,1.0,0.0,0.0,0.11,0.0,0.0,0.0,0.0,2.007,1.0,0.964,0.0,0.013,0.0,0.0,0.123,0.123,0.123,0.0,0.0,0.0,0.0,0.0,0.0,0.0,0.0,0.0,0.0,0.0,0.0,0.0,0.0,0.0,0.0,0.0,0.0,0.0,0.0,0.0,0.0,0.0,1.0,2.0,0.0,0.0,0.0,0.0,0.0,0.0,0.0,0.0,0.0,0.0,0.0,0.0,0.0,0.0,0.0,0.0,0.0,0.0,0.0,0.0,0.0,0.0,0.0
847942084826598483468,Kulich-Thompson-Doan,2026020011,2026,BUF,CBJ,AWAY,20261001,line,5on5,55.0,6.0,1.0,1.0,1.0,0.658,0.033,0.069,0.164,0.001,0.313,0.42,0.033,0.032,0.032,1.0,0.0,0.0,1.0,0.0,0.0,0.0,0.0,0.0,0.0,1.0,1.0,1.0,0.0,0.0,1.0,0.0,0.0,0.0,1.0,0.0,0.0,0.033,0.0,0.0,0.0,0.0,0.0,0.936,1.0,0.954,0.0,0.013,0.0,0.0,0.046,0.046,0.046,0.0,0.0,0.0,0.0,0.0,0.0,0.0,0.0,0.0,0.0,0.0,0.0,0.0,0.0,0.0,0.0,0.0,0.0,0.0,0.0,0.0,0.0,0.0,0.0,0.0,0.0,0.0,0.0,0.0,0.0,0.0,0.0,0.0,0.0,0.0,0.0,0.0,0.0,0.0,0.0,0.0,0.0,0.0,0.0,0.0,0.0,0.0,0.0
84826718484305,Power-Metsa,2026020011,2026,BUF,CBJ,AWAY,20261001,pairing,5on5,108.0,6.0,1.0,1.0,1.0,0.716,0.073,0.077,0.093,0.001,0.368,0.388,0.073,0.073,0.073,0.0,1.0,1.0,2.0,0.0,0.0,0.0,0.0,0.0,1.0,0.0,0.0,1.0,1.0,5.0,1.0,0.0,0.0,1.0,1.0,0.0,0.0,0.073,0.0,0.0,0.0,0.0,0.0,1.872,1.0,0.954,0.0,0.016,0.0,0.0,0.09,0.088,0.088,0.0,0.0,0.0,0.0,0.0,0.0,0.0,0.0,0.0,0.0,0.0,0.0,0.0,0.0,0.0,0.0,0.0,0.0,0.0,0.0,0.0,0.0,0.0,4.0,11.0,2.0,0.0,0.0,0.0,0.0,0.0,0.0,0.0,0.0,0.0,0.0,0.0,0.0,0.0,0.0,0.0,0.0,0.0,0.0,0.0,0.0,0.0,0.0
84808078481806,Samuelsson-Crevier,2026020011,2026,BUF,CBJ,AWAY,20261001,pairing,5on5,89.0,7.0,0.0,1.0,0.0,0.0,0.0,0.0,0.0,0.0,0.0,0.0,0.0,0.0,0.0,0.0,0.0,1.0,1.0,0.0,0.0,0.0,0.0,0.0,0.0,0.0,0.0,0.0,0.0,0.0,1.0,0.0,0.0,0.0,0.0,0.0,0.0,0.0,0.0,0.0,0.0,0.0,0.0,0.936,0.0,0.0,0.0,0.0,0.0,0.0,0.0,0.0,0.0,0.0,0.0,0.0,0.0,0.0,0.0,0.0,0.0,0.0,0.0,0.0,0.0,0.0,0.0,0.0,0.0,0.0,0.0,0.0,0.0,0.0,0.0,0.0,0.0,0.0,1.0,2.0,0.0,0.0,0.0,0.0,0.0,0.0,0.0,0.0,0.0,0.0,0.0,0.0,0.0,0.0,0.0,0.0,0.0,0.0,0.0,0.0,0.0
847584284835008484145,Benson-Ostlund-Carrick,2026020011,2026,BUF,CBJ,AWAY,20261001,line,5on5,10.0,16.0,0.0,0.0,0.0,0.0,0.0,0.0,0.0,0.0,0.0,0.0,0.0,0.0,0.0,0.0,0.0,0.0,0.0,0.0,0.0,0.0,0.0,0.0,0.0,0.0,0.0,0.0,0.0,0.0,0.0,0.0,0.0,0.0,0.0,0.0,0.0,0.0,0.0,0.0,0.0,0.0,0.0,0.0,0.0,0.0,0.0,0.0,0.0,0.0,0.0,0.0,0.0,0.0,0.0,0.0,0.0,0.0,0.0,0.0,0.0,0.0,0.0,0.0,0.0,1.0,1.0,0.0,0.0,0.0,0.0,0.0,0.0,0.0,0.0,0.0,0.0,0.0,0.0,0.0,0.0,0.0,0.0,0.0,0.0,0.0,0.0,0.0,0.0,0.0,0.0,0.97,0.0,0.0,0.0,0.0,0.0,0.0,0.0,0.0,0.0
847935984794208482659,Malenstyn-Thompson-Doan,2026020011,2026,BUF,CBJ,AWAY,20261001,line,5on5,10.0,17.0,0.0,0.0,0.0,0.0,0.0,0.0,0.0,0.0,0.0,0.0,0.0,0.0,0.0,0.0,0.0,0.0,0.0,0.0,0.0,0.0,0.0,0.0,0.0,0.0,0.0,0.0,0.0,0.0,0.0,0.0,0.0,0.0,0.0,0.0,0.0,0.0,0.0,0.0,0.0,0.0,0.0,0.0,0.0,0.0,0.0,0.0,0.0,0.0,0.0,0.0,0.0,0.0,0.0,0.0,0.0,0.0,0.0,0.0,0.0,0.0,0.0,0.0,0.0,0.0,0.0,0.0,0.0,0.0,0.0,0.0,0.0,0.0,0.0,0.0,0.0,0.0,0.0,1.0,0.0,0.0,0.0,0.0,0.0,0.0,0.0,0.0,0.0,0.0,0.0,0.0,0.0,0.0,0.0,0.0,0.0,0.0,0.0,0.0,0.0
847942084815228482659,Krebs-Thompson-Doan,2026020011,2026,BUF,CBJ,AWAY,20261001,line,5on5,104.0,5.0,0.2558,0.5,0.5,0.761,0.011,0.077,0.105,0.003,0.245,0.559,0.011,0.011,0.011,1.0,0.0,0.0,1.0,0.0,0.0,0.0,0.0,0.0,0.0,1.0,1.0,1.0,0.0,0.0,0.0,0.0,1.0,0.0,1.0,0.0,0.0,0.011,0.0,0.0,0.0,0.0,0.0,0.975,1.0,0.964,0.0,0.017,0.0,0.0,0.028,0.028,0.028,0.765,0.032,0.055,0.123,0.002,0.278,0.51,0.032,0.032,0.032,0.0,1.0,0.0,1.0,0.0,0.0,0.0,0.0,0.0,1.0,0.0,0.0,1.0,0.0,0.0,1.0,1.0,0.0,0.0,1.0,0.0,0.0,0.032,0.0,0.0,0.0,0.0,0.0,1.026,1.0,1.038,0.0,0.011,0.0,0.0,0.044,0.044,0.044
84768918481806,Grzelcyk-Crevier,2026020011,2026,BUF,CBJ,AWAY,20261001,pairing,5on5,86.0,8.0,0.0,0.0,0.0,0.0,0.0,0.0,0.0,0.0,0.0,0.0,0.0,0.0,0.0,0.0,0.0,0.0,0.0,0.0,0.0,0.0,0.0,0.0,0.0,0.0,0.0,0.0,0.0,0.0,1.0,2.0,1.0,0.0,0.0,0.0,0.0,0.0,0.0,0.0,0.0,0.0,0.0,0.0,0.0,0.0,0.0,0.0,0.0,0.0,0.0,0.0,0.0,0.0,0.0,0.0,0.0,0.0,0.0,0.0,0.0,0.0,0.0,0.0,0.0,1.0,1.0,0.0,0.0,0.0,0.0,0.0,0.0,0.0,0.0,0.0,0.0,0.0,2.0,0.0,1.0,0.0,0.0,0.0,0.0,0.0,0.0,0.0,0.0,0.0,0.0,1.132,0.0,0.0,0.0,0.0,0.0,0.0,0.0,0.0,0.0
84808398482671,Dahlin-Power,2026020011,2026,BUF,CBJ,AWAY,20261001,pairing,5on5,311.0,4.0,0.3093,0.5714,0.6,2.079,0.09,0.196,0.489,0.004,1.159,1.063,0.09,0.09,0.089,3.0,0.0,1.0,4.0,0.0,0.0,0.0,1.0,1.0,0.0,1.0,3.0,3.0,0.0,0.0,3.0,5.0,0.0,0.0,3.0,0.0,0.0,0.09,0.0,0.0,0.0,0.0,0.0,3.822,3.0,2.873,0.0,0.041,0.0,0.0,0.131,0.13,0.13,1.634,0.201,0.216,0.165,0.003,0.709,0.707,0.201,0.2,0.2,2.0,0.0,1.0,3.0,0.0,0.0,0.0,1.0,0.0,0.0,1.0,2.0,2.0,1.0,2.0,5.0,2.0,0.0,0.0,0.0,2.0,0.0,0.0,0.201,0.0,0.0,0.0,0.0,3.022,2.0,2.077,0.0,0.047,0.0,0.0,0.248,0.247,0.247
84808078482671,Power-Samuelsson,2026020011,2026,BUF,CBJ,AWAY,20261001,pairing,5on5,74.0,9.0,0.0,0.0,0.0,0.0,0.0,0.0,0.0,0.0,0.0,0.0,0.0,0.0,0.0,0.0,0.0,0.0,0.0,0.0,0.0,0.0,0.0,0.0,0.0,0.0,0.0,0.0,0.0,0.0,0.0,0.0,0.0,0.0,0.0,0.0,0.0,0.0,0.0,0.0,0.0,0.0,0.0,0.0,0.0,0.0,0.0,0.0,0.0,0.0,0.0,0.0,0.0,1.536,0.069,0.11,0.374,0.002,0.535,0.909,0.069,0.069,0.069,2.0,0.0,0.0,2.0,0.0,0.0,0.0,0.0,0.0,1.0,1.0,2.0,2.0,0.0,0.0,0.0,1.0,0.0,0.0,2.0,0.0,0.0,0.069,0.0,0.0,0.0,0.0,0.0,2.052,2.0,2.077,0.0,0.021,0.0,0.0,0.09,0.09,0.09
84768918480807,Samuelsson-Grzelcyk,2026020011,2026,BUF,CBJ,AWAY,20261001,pairing,5on5,34.0,11.0,0.0,0.0,0.0,0.0,0.0,0.0,0.0,0.0,0.0,0.0,0.0,0.0,0.0,0.0,0.0,0.0,0.0,0.0,0.0,0.0,0.0,0.0,0.0,0.0,0.0,0.0,1.0,2.0,0.0,0.0,0.0,0.0,0.0,0.0,0.0,0.0,0.0,0.0,0.0,0.0,0.0,0.0,0.0,0.0,0.0,0.0,0.0,0.0,0.0,0.0,0.0,0.658,0.092,0.096,0.065,0.002,0.376,0.369,0.092,0.093,0.093,1.0,0.0,0.0,1.0,1.0,0.0,0.0,0.0,0.0,0.0,0.0,0.0,0.0,0.0,0.0,1.0,0.0,0.0,0.0,0.0,1.0,0.0,0.0,0.092,0.0,0.0,1.0,0.0,1.074,1.0,1.05,0.0,0.021,0.0,0.0,0.113,0.115,0.115
848209784835008484145,Benson-Ostlund-Quinn,2026020011,2026,BUF,CBJ,AWAY,20261001,line,5on5,674.0,1.0,0.619,0.7222,0.7692,7.552,0.541,0.644,1.013,0.018,3.518,4.267,0.532,0.554,0.545,6.0,4.0,3.0,13.0,1.0,0.0,0.0,0.0,1.0,3.0,5.0,5.0,9.0,1.0,5.0,6.0,3.0,1.0,2.0,8.0,2.0,0.0,0.268,0.273,0.0,0.0,1.0,0.0,12.85,10.0,10.028,1.0,0.132,0.0,0.0,0.673,0.689,0.679,2.234,0.333,0.208,0.335,0.005,1.033,1.086,0.333,0.316,0.316,1.0,2.0,2.0,5.0,1.0,0.0,0.0,0.0,0.0,1.0,1.0,0.0,2.0,3.0,9.0,5.0,3.0,1.0,6.0,1.0,1.0,1.0,0.011,0.085,0.237,0.0,0.0,1.0,4.899,3.0,2.938,4.0,0.043,0.0,0.0,0.376,0.356,0.356
84768918482671,Power-Grzelcyk,2026020011,2026,BUF,CBJ,AWAY,20261001,pairing,5on5,130.0,5.0,0.0,0.0,0.0,0.0,0.0,0.0,0.0,0.0,0.0,0.0,0.0,0.0,0.0,0.0,0.0,0.0,0.0,0.0,0.0,0.0,0.0,0.0,0.0,0.0,0.0,0.0,0.0,0.0,0.0,1.0,0.0,0.0,0.0,0.0,0.0,0.0,0.0,0.0,0.0,0.0,0.0,0.0,0.0,0.0,0.0,0.0,0.0,0.0,0.0,0.0,0.0,0.0,0.0,0.0,0.0,0.0,0.0,0.0,0.0,0.0,0.0,0.0,0.0,1.0,1.0,0.0,0.0,0.0,0.0,0.0,0.0,0.0,0.0,0.0,0.0,0.0,0.0,1.0,0.0,0.0,0.0,0.0,0.0,0.0,0.0,0.0,0.0,0.0,0.0,0.97,0.0,0.0,0.0,0.0,0.0,0.0,0.0,0.0,0.0
847942084820978484145,Benson-Thompson-Quinn,2026020011,2026,BUF,CBJ,AWAY,20261001,line,5on5,35.0,8.0,0.0,0.0,0.0,0.0,0.0,0.0,0.0,0.0,0.0,0.0,0.0,0.0,0.0,0.0,0.0,0.0,0.0,0.0,0.0,0.0,0.0,0.0,0.0,0.0,0.0,0.0,0.0,0.0,0.0,0.0,0.0,0.0,0.0,0.0,0.0,0.0,0.0,0.0,0.0,0.0,0.0,0.0,0.0,0.0,0.0,0.0,0.0,0.0,0.0,0.0,0.0,0.0,0.0,0.0,0.0,0.0,0.0,0.0,0.0,0.0,0.0,0.0,0.0,0.0,0.0,0.0,0.0,0.0,0.0,0.0,0.0,0.0,0.0,0.0,0.0,0.0,0.0,0.0,0.0,1.0,0.0,0.0,0.0,0.0,0.0,0.0,0.0,0.0,0.0,0.0,0.0,0.0,1.0,0.0,0.0,0.0,0.0,0.0,0.0
848006484808028482659,Norris-Mcleod-Doan,2026020011,2026,BUF,CBJ,AWAY,20261001,line,5on5,28.0,10.0,0.0,0.0,0.0,0.0,0.0,0.0,0.0,0.0,0.0,0.0,0.0,0.0,0.0,0.0,0.0,0.0,0.0,0.0,0.0,0.0,0.0,0.0,0.0,0.0,0.0,0.0,0.0,0.0,0.0,1.0,0.0,0.0,0.0,0.0,0.0,0.0,0.0,0.0,0.0,0.0,0.0,0.0,0.0,0.0,0.0,0.0,0.0,0.0,0.0,0.0,0.0,0.737,0.095,0.119,0.067,0.002,0.396,0.32,0.095,0.095,0.095,1.0,0.0,0.0,1.0,0.0,0.0,0.0,0.0,0.0,0.0,1.0,1.0,1.0,0.0,0.0,0.0,0.0,0.0,0.0,0.0,1.0,0.0,0.0,0.095,0.0,0.0,0.0,0.0,1.026,1.0,1.038,0.0,0.025,0.0,0.0,0.12,0.12,0.12
847935984834688484797,Malenstyn-Kulich-Helenius,2026020011,2026,BUF,CBJ,AWAY,20261001,line,5on5,14.0,15.0,0.0,0.0,0.0,0.0,0.0,0.0,0.0,0.0,0.0,0.0,0.0,0.0,0.0,0.0,0.0,0.0,0.0,0.0,0.0,0.0,0.0,0.0,0.0,0.0,0.0,0.0,0.0,0.0,0.0,0.0,0.0,0.0,0.0,0.0,0.0,0.0,0.0,0.0,0.0,0.0,0.0,0.0,0.0,0.0,0.0,0.0,0.0,0.0,0.0,0.0,0.0,0.0,0.0,0.0,0.0,0.0,0.0,0.0,0.0,0.0,0.0,0.0,0.0,0.0,0.0,0.0,0.0,0.0,0.0,0.0,0.0,0.0,0.0,0.0,0.0,0.0,0.0,1.0,0.0,0.0,0.0,0.0,0.0,0.0,0.0,0.0,0.0,0.0,0.0,0.0,0.0,0.0,0.0,0.0,0.0,0.0,0.0,0.0,0.0
847579184784278480762,Robinson-Aho-Hall,2026020001,2026,CAR,FLA,HOME,20260929,line,5on5,23.0,13.0,0.0,0.0,0.0,0.0,0.0,0.0,0.0,0.0,0.0,0.0,0.0,0.0,0.0,0.0,0.0,0.0,0.0,0.0,0.0,0.0,0.0,0.0,0.0,0.0,0.0,0.0,0.0,0.0,0.0,0.0,0.0,0.0,0.0,0.0,0.0,0.0,0.0,0.0,0.0,0.0,0.0,0.0,0.0,0.0,0.0,0.0,0.0,0.0,0.0,0.0,0.0,0.0,0.0,0.0,0.0,0.0,0.0,0.0,0.0,0.0,0.0,0.0,0.0,0.0,0.0,0.0,0.0,0.0,0.0,0.0,0.0,0.0,0.0,0.0,0.0,0.0,0.0,1.0,0.0,0.0,0.0,0.0,0.0,0.0,0.0,0.0,0.0,0.0,0.0,0.0,0.0,0.0,0.0,0.0,0.0,0.0,0.0,0.0,0.0
847353384769218477940,Martinook-Staal-Ehlers,2026020001,2026,CAR,FLA,HOME,20260929,line,5on5,460.0,2.0,0.0,0.1667,0.0,0.0,0.0,0.0,0.0,0.0,0.0,0.0,0.0,0.0,0.0,0.0,0.0,1.0,1.0,0.0,0.0,0.0,0.0,0.0,0.0,0.0,0.0,0.0,0.0,0.0,6.0,8.0,0.0,2.0,0.0,0.0,0.0,0.0,0.0,0.0,0.0,0.0,0.0,0.97,0.0,0.0,0.0,0.0,0.0,0.0,0.0,0.0,0.0,2.376,0.09,0.144,0.362,0.004,0.989,1.411,0.09,0.094,0.094,1.0,2.0,2.0,5.0,0.0,0.0,0.0,1.0,0.0,0.0,2.0,1.0,3.0,0.0,0.0,4.0,8.0,0.0,2.0,2.0,1.0,0.0,0.006,0.084,0.0,0.0,0.0,0.0,5.16,3.0,3.091,0.0,0.029,0.0,0.0,0.119,0.125,0.125
847353384779408480762,Robinson-Staal-Ehlers,2026020001,2026,CAR,FLA,HOME,20260929,line,5on5,13.0,17.0,0.0,0.0,0.0,0.0,0.0,0.0,0.0,0.0,0.0,0.0,0.0,0.0,0.0,0.0,0.0,0.0,0.0,0.0,0.0,0.0,0.0,0.0,0.0,0.0,0.0,0.0,0.0,0.0,0.0,2.0,0.0,0.0,0.0,0.0,0.0,0.0,0.0,0.0,0.0,0.0,0.0,0.0,0.0,0.0,0.0,0.0,0.0,0.0,0.0,0.0,0.0,0.0,0.0,0.0,0.0,0.0,0.0,0.0,0.0,0.0,0.0,0.0,0.0,0.0,0.0,0.0,0.0,0.0,0.0,0.0,0.0,0.0,0.0,0.0,0.0,0.0,0.0,0.0,0.0,0.0,0.0,0.0,0.0,0.0,0.0,0.0,0.0,0.0,0.0,0.0,0.0,0.0,0.0,0.0,0.0,0.0,0.0,0.0,0.0
847523584768738477478,Deslauriers-Jankowski-Carrier,2026020001,2026,CAR,FLA,HOME,20260929,line,5on5,253.0,4.0,0.7576,0.25,0.5,0.604,0.025,0.058,0.155,0.001,0.409,0.352,0.025,0.024,0.024,0.0,1.0,0.0,1.0,0.0,0.0,0.0,0.0,0.0,0.0,1.0,0.0,1.0,1.0,5.0,2.0,4.0,0.0,3.0,1.0,0.0,0.0,0.025,0.0,0.0,0.0,0.0,0.0,0.97,1.0,0.971,2.0,0.012,0.0,0.0,0.037,0.035,0.035,0.731,0.008,0.09,0.115,0.0,0.41,0.377,0.008,0.008,0.008,1.0,0.0,2.0,3.0,0.0,0.0,0.0,0.0,0.0,0.0,1.0,1.0,1.0,3.0,9.0,3.0,7.0,0.0,1.0,1.0,0.0,0.0,0.008,0.0,0.0,0.0,0.0,0.0,3.096,1.0,1.03,0.0,0.019,0.0,0.0,0.027,0.028,0.028
847579184768738482809,Hall-Jankowski-Blake,2026020001,2026,CAR,FLA,HOME,20260929,line,5on5,21.0,14.0,0.0,0.0,0.0,0.0,0.0,0.0,0.0,0.0,0.0,0.0,0.0,0.0,0.0,0.0,0.0,0.0,0.0,0.0,0.0,0.0,0.0,0.0,0.0,0.0,0.0,0.0,0.0,0.0,2.0,0.0,0.0,1.0,0.0,0.0,0.0,0.0,0.0,0.0,0.0,0.0,0.0,0.0,0.0,0.0,1.0,0.0,0.0,0.0,0.0,0.0,0.0,0.0,0.0,0.0,0.0,0.0,0.0,0.0,0.0,0.0,0.0,0.0,0.0,0.0,0.0,0.0,0.0,0.0,0.0,0.0,0.0,0.0,0.0,0.0,0.0,0.0,0.0,0.0,0.0,2.0,0.0,0.0,0.0,0.0,0.0,0.0,0.0,0.0,0.0,0.0,0.0,0.0,0.0,0.0,0.0,0.0,0.0,0.0,0.0
847794084827028482809,Ehlers-Stankoven-Blake,2026020001,2026,CAR,FLA,HOME,20260929,line,5on5,60.0,7.0,0.0,0.0,0.0,0.0,0.0,0.0,0.0,0.0,0.0,0.0,0.0,0.0,0.0,0.0,0.0,0.0,0.0,0.0,0.0,0.0,0.0,0.0,0.0,0.0,0.0,0.0,1.0,2.0,0.0,0.0,0.0,0.0,0.0,0.0,0.0,0.0,0.0,0.0,0.0,0.0,0.0,0.0,0.0,0.0,0.0,0.0,0.0,0.0,0.0,0.0,0.0,1.618,0.223,0.151,0.165,0.004,0.686,0.77,0.223,0.235,0.235,2.0,0.0,0.0,2.0,0.0,0.0,0.0,0.0,0.0,1.0,1.0,2.0,2.0,0.0,0.0,0.0,2.0,0.0,1.0,1.0,1.0,0.0,0.025,0.199,0.0,0.0,0.0,0.0,2.064,2.0,2.061,0.0,0.03,0.0,0.0,0.254,0.266,0.266
84769588480817,Miller-Slavin,2026020001,2026,CAR,FLA,HOME,20260929,pairing,5on5,51.0,7.0,0.0,0.0,0.0,0.0,0.0,0.0,0.0,0.0,0.0,0.0,0.0,0.0,0.0,0.0,0.0,0.0,0.0,0.0,0.0,0.0,0.0,0.0,0.0,0.0,0.0,0.0,1.0,2.0,0.0,0.0,0.0,0.0,0.0,0.0,0.0,0.0,0.0,0.0,0.0,0.0,0.0,0.0,0.0,0.0,0.0,0.0,0.0,0.0,0.0,0.0,0.0,0.788,0.025,0.076,0.079,0.001,0.399,0.419,0.025,0.026,0.026,1.0,0.0,0.0,1.0,0.0,0.0,0.0,0.0,0.0,0.0,1.0,1.0,1.0,0.0,0.0,0.0,3.0,0.0,1.0,1.0,0.0,0.0,0.025,0.0,0.0,0.0,0.0,0.0,1.032,1.0,1.03,0.0,0.014,0.0,0.0,0.039,0.041,0.041
847353384779408482809,Ehlers-Staal-Blake,2026020001,2026,CAR,FLA,HOME,20260929,line,5on5,26.0,10.0,0.0,0.0,0.0,0.0,0.0,0.0,0.0,0.0,0.0,0.0,0.0,0.0,0.0,0.0,0.0,0.0,0.0,0.0,0.0,0.0,0.0,0.0,0.0,0.0,0.0,0.0,0.0,0.0,0.0,0.0,0.0,0.0,0.0,0.0,0.0,0.0,0.0,0.0,0.0,0.0,0.0,0.0,0.0,0.0,0.0,0.0,0.0,0.0,0.0,0.0,0.0,0.736,0.015,0.062,0.162,0.001,0.322,0.438,0.015,0.016,0.016,0.0,1.0,0.0,1.0,0.0,0.0,0.0,0.0,0.0,0.0,1.0,0.0,1.0,0.0,0.0,0.0,0.0,0.0,0.0,1.0,0.0,0.0,0.015,0.0,0.0,0.0,0.0,0.0,1.032,1.0,1.03,0.0,0.012,0.0,0.0,0.027,0.029,0.029
847353384769218477478,Carrier-Staal-Martinook,2026020001,2026,CAR,FLA,HOME,20260929,line,5on5,69.0,5.0,0.0,0.5,0.0,0.0,0.0,0.0,0.0,0.0,0.0,0.0,0.0,0.0,0.0,0.0,0.0,1.0,1.0,0.0,0.0,0.0,0.0,0.0,0.0,0.0,0.0,0.0,0.0,0.0,0.0,2.0,0.0,0.0,0.0,0.0,0.0,0.0,0.0,0.0,0.0,0.0,0.0,0.97,0.0,0.0,0.0,0.0,0.0,0.0,0.0,0.0,0.0,0.0,0.0,0.0,0.0,0.0,0.0,0.0,0.0,0.0,0.0,0.0,0.0,1.0,1.0,0.0,0.0,0.0,0.0,0.0,0.0,0.0,0.0,0.0,0.0,0.0,0.0,1.0,0.0,1.0,0.0,0.0,0.0,0.0,0.0,0.0,0.0,0.0,0.0,1.032,0.0,0.0,1.0,0.0,0.0,0.0,0.0,0.0,0.0
847692184779408478427,Martinook-Aho-Ehlers,2026020001,2026,CAR,FLA,HOME,20260929,line,5on5,14.0,16.0,0.0,0.0,0.0,0.0,0.0,0.0,0.0,0.0,0.0,0.0,0.0,0.0,0.0,0.0,0.0,0.0,0.0,0.0,0.0,0.0,0.0,0.0,0.0,0.0,0.0,0.0,0.0,0.0,0.0,0.0,0.0,0.0,0.0,0.0,0.0,0.0,0.0,0.0,0.0,0.0,0.0,0.0,0.0,0.0,0.0,0.0,0.0,0.0,0.0,0.0,0.0,0.0,0.0,0.0,0.0,0.0,0.0,0.0,0.0,0.0,0.0,0.0,0.0,0.0,0.0,0.0,0.0,0.0,0.0,0.0,0.0,0.0,0.0,0.0,0.0,0.0,0.0,1.0,0.0,0.0,0.0,0.0,0.0,0.0,0.0,0.0,0.0,0.0,0.0,0.0,0.0,0.0,0.0,0.0,0.0,0.0,0.0,0.0,0.0
847687384774788482702,Jankowski-Stankoven-Carrier,2026020001,2026,CAR,FLA,HOME,20260929,line,5on5,13.0,18.0,0.0,0.0,0.0,0.0,0.0,0.0,0.0,0.0,0.0,0.0,0.0,0.0,0.0,0.0,0.0,0.0,0.0,0.0,0.0,0.0,0.0,0.0,0.0,0.0,0.0,0.0,0.0,0.0,0.0,0.0,0.0,0.0,0.0,0.0,0.0,0.0,0.0,0.0,0.0,0.0,0.0,0.0,0.0,0.0,0.0,0.0,0.0,0.0,0.0,0.0,0.0,0.932,0.154,0.142,0.13,0.003,0.282,0.288,0.154,0.162,0.162,1.0,0.0,0.0,1.0,0.0,0.0,0.0,0.0,0.0,1.0,0.0,1.0,1.0,1.0,2.0,0.0,0.0,0.0,0.0,0.0,1.0,0.0,0.0,0.154,0.0,0.0,0.0,0.0,1.032,1.0,1.03,0.0,0.031,0.0,0.0,0.185,0.195,0.195
84769588478970,Slavin-Chatfield,2026020001,2026,CAR,FLA,HOME,20260929,pairing,5on5,730.0,1.0,0.3381,0.5333,0.4,2.845,0.238,0.302,0.392,0.01,1.664,1.395,0.236,0.227,0.226,3.0,1.0,4.0,8.0,0.0,0.0,0.0,0.0,0.0,3.0,1.0,3.0,4.0,1.0,2.0,8.0,8.0,0.0,2.0,3.0,1.0,0.0,0.096,0.142,0.0,0.0,0.0,0.0,7.76,4.0,3.885,0.0,0.067,0.0,0.0,0.305,0.291,0.29,4.954,0.466,0.419,0.604,0.01,2.003,2.498,0.466,0.488,0.488,4.0,2.0,1.0,7.0,0.0,0.0,0.0,2.0,0.0,1.0,3.0,4.0,6.0,1.0,2.0,7.0,10.0,0.0,1.0,3.0,3.0,0.0,0.013,0.453,0.0,0.0,0.0,0.0,7.224,6.0,6.183,0.0,0.09,0.0,0.0,0.555,0.583,0.583
84769068484428,Gostisbehere-Legault,2026020001,2026,CAR,FLA,HOME,20260929,pairing,5on5,566.0,3.0,0.1181,0.3333,0.2727,2.019,0.073,0.191,0.557,0.004,1.131,1.043,0.073,0.07,0.07,1.0,2.0,2.0,5.0,0.0,0.0,0.0,0.0,0.0,2.0,1.0,1.0,3.0,0.0,0.0,5.0,8.0,0.0,4.0,3.0,0.0,0.0,0.073,0.0,0.0,0.0,0.0,0.0,4.85,3.0,2.914,4.0,0.038,0.0,0.0,0.112,0.107,0.107,6.141,0.545,0.531,0.878,0.011,2.865,3.169,0.545,0.572,0.572,6.0,2.0,2.0,10.0,0.0,0.0,0.0,1.0,0.0,2.0,5.0,6.0,8.0,3.0,6.0,5.0,9.0,0.0,2.0,5.0,3.0,0.0,0.102,0.444,0.0,0.0,0.0,0.0,10.32,8.0,8.244,0.0,0.113,0.0,0.0,0.658,0.69,0.69
847579184768738480762,Robinson-Jankowski-Hall,2026020001,2026,CAR,FLA,HOME,20260929,line,5on5,13.0,19.0,0.0,0.0,0.0,0.0,0.0,0.0,0.0,0.0,0.0,0.0,0.0,0.0,0.0,0.0,0.0,0.0,0.0,0.0,0.0,0.0,0.0,0.0,0.0,0.0,0.0,0.0,0.0,0.0,0.0,0.0,0.0,1.0,0.0,0.0,0.0,0.0,0.0,0.0,0.0,0.0,0.0,0.0,0.0,0.0,1.0,0.0,0.0,0.0,0.0,0.0,0.0,0.0,0.0,0.0,0.0,0.0,0.0,0.0,0.0,0.0,0.0,0.0,0.0,0.0,0.0,0.0,0.0,0.0,0.0,0.0,0.0,0.0,0.0,0.0,0.0,0.0,0.0,0.0,0.0,0.0,0.0,0.0,0.0,0.0,0.0,0.0,0.0,0.0,0.0,0.0,0.0,0.0,0.0,0.0,0.0,0.0,0.0,0.0,0.0
84789708480817,Miller-Chatfield,2026020001,2026,CAR,FLA,HOME,20260929,pairing,5on5,35.0,10.0,0.0,0.0,0.0,0.0,0.0,0.0,0.0,0.0,0.0,0.0,0.0,0.0,0.0,0.0,0.0,0.0,0.0,0.0,0.0,0.0,0.0,0.0,0.0,0.0,0.0,0.0,0.0,0.0,1.0,2.0,0.0,0.0,0.0,0.0,0.0,0.0,0.0,0.0,0.0,0.0,0.0,0.0,0.0,0.0,0.0,0.0,0.0,0.0,0.0,0.0,0.0,0.0,0.0,0.0,0.0,0.0,0.0,0.0,0.0,0.0,0.0,0.0,0.0,0.0,0.0,0.0,0.0,0.0,0.0,0.0,0.0,0.0,0.0,0.0,0.0,0.0,0.0,2.0,0.0,0.0,0.0,0.0,0.0,0.0,0.0,0.0,0.0,0.0,0.0,0.0,0.0,0.0,0.0,0.0,0.0,0.0,0.0,0.0,0.0
84808178484428,Miller-Legault,2026020001,2026,CAR,FLA,HOME,20260929,pairing,5on5,39.0,9.0,0.0,0.0,0.0,0.0,0.0,0.0,0.0,0.0,0.0,0.0,0.0,0.0,0.0,0.0,0.0,0.0,0.0,0.0,0.0,0.0,0.0,0.0,0.0,0.0,0.0,0.0,0.0,0.0,0.0,0.0,0.0,0.0,0.0,0.0,0.0,0.0,0.0,0.0,0.0,0.0,0.0,0.0,0.0,0.0,0.0,0.0,0.0,0.0,0.0,0.0,0.0,0.0,0.0,0.0,0.0,0.0,0.0,0.0,0.0,0.0,0.0,0.0,0.0,0.0,0.0,0.0,0.0,0.0,0.0,0.0,0.0,0.0,0.0,0.0,0.0,0.0,0.0,0.0,0.0,0.0,0.0,0.0,0.0,0.0,0.0,0.0,0.0,0.0,0.0,0.0,0.0,0.0,0.0,0.0,0.0,0.0,0.0,0.0,0.0
847579184768738482702,Jankowski-Stankoven-Hall,2026020001,2026,CAR,FLA,HOME,20260929,line,5on5,45.0,8.0,0.0,0.0,0.0,0.0,0.0,0.0,0.0,0.0,0.0,0.0,0.0,0.0,0.0,0.0,0.0,0.0,0.0,0.0,0.0,0.0,0.0,0.0,0.0,0.0,0.0,0.0,1.0,2.0,1.0,0.0,0.0,0.0,0.0,0.0,0.0,0.0,0.0,0.0,0.0,0.0,0.0,0.0,0.0,0.0,0.0,0.0,0.0,0.0,0.0,0.0,0.0,0.0,0.0,0.0,0.0,0.0,0.0,0.0,0.0,0.0,0.0,0.0,0.0,0.0,0.0,0.0,0.0,0.0,0.0,0.0,0.0,0.0,0.0,0.0,0.0,0.0,0.0,2.0,1.0,0.0,0.0,0.0,0.0,0.0,0.0,0.0,0.0,0.0,0.0,0.0,0.0,0.0,0.0,0.0,0.0,0.0,0.0,0.0,0.0
847579184827028482809,Hall-Stankoven-Blake,2026020001,2026,CAR,FLA,HOME,20260929,line,5on5,529.0,1.0,0.356,0.5714,0.375,2.154,0.136,0.219,0.499,0.006,1.128,1.012,0.136,0.13,0.13,2.0,1.0,5.0,8.0,0.0,0.0,0.0,0.0,0.0,3.0,0.0,2.0,3.0,0.0,0.0,4.0,5.0,0.0,3.0,2.0,1.0,0.0,0.048,0.088,0.0,0.0,0.0,0.0,7.76,3.0,2.914,1.0,0.045,0.0,0.0,0.181,0.173,0.173,3.566,0.246,0.351,0.682,0.006,2.027,1.688,0.246,0.258,0.258,2.0,3.0,1.0,6.0,0.0,0.0,0.0,1.0,0.0,1.0,3.0,2.0,5.0,2.0,4.0,3.0,10.0,0.0,1.0,4.0,1.0,0.0,0.104,0.142,0.0,0.0,0.0,0.0,6.192,5.0,5.152,0.0,0.074,0.0,0.0,0.32,0.335,0.335
847842784807628480830,Robinson-Aho-Svechnikov,2026020001,2026,CAR,FLA,HOME,20260929,line,5on5,434.0,3.0,0.4399,0.625,0.5714,2.845,0.238,0.302,0.392,0.01,1.664,1.395,0.236,0.227,0.226,3.0,1.0,1.0,5.0,0.0,0.0,0.0,0.0,0.0,3.0,1.0,3.0,4.0,2.0,4.0,7.0,10.0,0.0,1.0,3.0,1.0,0.0,0.096,0.142,0.0,0.0,0.0,0.0,4.85,4.0,3.885,0.0,0.067,0.0,0.0,0.305,0.291,0.29,2.455,0.303,0.173,0.212,0.004,0.936,1.372,0.303,0.318,0.318,2.0,1.0,0.0,3.0,0.0,0.0,0.0,1.0,0.0,0.0,2.0,2.0,3.0,0.0,0.0,4.0,8.0,0.0,1.0,1.0,2.0,0.0,0.005,0.299,0.0,0.0,0.0,0.0,3.096,3.0,3.091,0.0,0.037,0.0,0.0,0.34,0.357,0.357
84803368480817,Miller-Walker,2026020001,2026,CAR,FLA,HOME,20260929,pairing,5on5,705.0,2.0,0.9778,0.5,0.5,0.739,0.088,0.086,0.097,0.003,0.406,0.32,0.088,0.084,0.084,1.0,0.0,2.0,3.0,0.0,0.0,0.0,0.0,0.0,1.0,0.0,1.0,1.0,3.0,9.0,8.0,12.0,0.0,6.0,0.0,1.0,0.0,0.0,0.088,0.0,0.0,0.0,0.0,2.91,1.0,0.971,2.0,0.018,0.0,0.0,0.106,0.101,0.101,0.681,0.002,0.053,0.109,0.0,0.435,0.401,0.002,0.002,0.002,1.0,0.0,2.0,3.0,0.0,0.0,0.0,0.0,0.0,1.0,0.0,1.0,1.0,2.0,7.0,2.0,16.0,1.0,5.0,1.0,0.0,0.0,0.002,0.0,0.0,0.0,0.0,0.0,3.096,1.0,1.03,1.0,0.011,0.0,0.0,0.013,0.014,0.014
84803368484428,Walker-Legault,2026020001,2026,CAR,FLA,HOME,20260929,pairing,5on5,33.0,11.0,0.0,0.0,0.0,0.0,0.0,0.0,0.0,0.0,0.0,0.0,0.0,0.0,0.0,0.0,0.0,0.0,0.0,0.0,0.0,0.0,0.0,0.0,0.0,0.0,0.0,0.0,0.0,0.0,0.0,0.0,0.0,0.0,0.0,0.0,0.0,0.0,0.0,0.0,0.0,0.0,0.0,0.0,0.0,0.0,0.0,0.0,0.0,0.0,0.0,0.0,0.0,0.0,0.0,0.0,0.0,0.0,0.0,0.0,0.0,0.0,0.0,0.0,0.0,0.0,0.0,0.0,0.0,0.0,0.0,0.0,0.0,0.0,0.0,0.0,0.0,0.0,0.0,0.0,0.0,0.0,0.0,0.0,0.0,0.0,0.0,0.0,0.0,0.0,0.0,0.0,0.0,0.0,0.0,0.0,0.0,0.0,0.0,0.0,0.0
84769068476958,Slavin-Gostisbehere,2026020001,2026,CAR,FLA,HOME,20260929,pairing,5on5,62.0,6.0,0.0,0.0,0.0,0.0,0.0,0.0,0.0,0.0,0.0,0.0,0.0,0.0,0.0,0.0,0.0,0.0,0.0,0.0,0.0,0.0,0.0,0.0,0.0,0.0,0.0,0.0,0.0,0.0,0.0,2.0,0.0,0.0,0.0,0.0,0.0,0.0,0.0,0.0,0.0,0.0,0.0,0.0,0.0,0.0,0.0,0.0,0.0,0.0,0.0,0.0,0.0,1.395,0.031,0.127,0.295,0.002,0.779,0.767,0.031,0.032,0.032,0.0,2.0,1.0,3.0,0.0,0.0,0.0,0.0,0.0,1.0,1.0,0.0,2.0,0.0,0.0,0.0,0.0,0.0,0.0,2.0,0.0,0.0,0.031,0.0,0.0,0.0,0.0,0.0,3.096,2.0,2.061,0.0,0.024,0.0,0.0,0.055,0.058,0.058
847523584774788482702,Deslauriers-Stankoven-Carrier,2026020001,2026,CAR,FLA,HOME,20260929,line,5on5,26.0,11.0,0.0,0.0,0.0,0.0,0.0,0.0,0.0,0.0,0.0,0.0,0.0,0.0,0.0,0.0,0.0,0.0,0.0,0.0,0.0,0.0,0.0,0.0,0.0,0.0,0.0,0.0,0.0,0.0,0.0,1.0,0.0,0.0,0.0,0.0,0.0,0.0,0.0,0.0,0.0,0.0,0.0,0.0,0.0,0.0,0.0,0.0,0.0,0.0,0.0,0.0,0.0,0.0,0.0,0.0,0.0,0.0,0.0,0.0,0.0,0.0,0.0,0.0,0.0,0.0,0.0,0.0,0.0,0.0,0.0,0.0,0.0,0.0,0.0,0.0,0.0,0.0,0.0,0.0,0.0,0.0,0.0,0.0,0.0,0.0,0.0,0.0,0.0,0.0,0.0,0.0,0.0,0.0,0.0,0.0,0.0,0.0,0.0,0.0,0.0
847579184807628482702,Robinson-Stankoven-Hall,2026020001,2026,CAR,FLA,HOME,20260929,line,5on5,24.0,12.0,0.0,0.0,0.0,0.0,0.0,0.0,0.0,0.0,0.0,0.0,0.0,0.0,0.0,0.0,0.0,0.0,0.0,0.0,0.0,0.0,0.0,0.0,0.0,0.0,0.0,0.0,0.0,0.0,0.0,0.0,0.0,0.0,0.0,0.0,0.0,0.0,0.0,0.0,0.0,0.0,0.0,0.0,0.0,0.0,0.0,0.0,0.0,0.0,0.0,0.0,0.0,0.83,0.103,0.071,0.083,0.003,0.32,0.42,0.103,0.108,0.108,1.0,0.0,0.0,1.0,0.0,0.0,0.0,0.0,0.0,1.0,0.0,1.0,1.0,0.0,0.0,0.0,0.0,0.0,0.0,0.0,1.0,0.0,0.0,0.103,0.0,0.0,0.0,0.0,1.032,1.0,1.03,0.0,0.015,0.0,0.0,0.118,0.124,0.124
84769068480817,Miller-Gostisbehere,2026020001,2026,CAR,FLA,HOME,20260929,pairing,5on5,79.0,4.0,0.0,0.0,0.0,0.0,0.0,0.0,0.0,0.0,0.0,0.0,0.0,0.0,0.0,0.0,0.0,0.0,0.0,0.0,0.0,0.0,0.0,0.0,0.0,0.0,0.0,0.0,0.0,0.0,1.0,1.0,0.0,0.0,0.0,0.0,0.0,0.0,0.0,0.0,0.0,0.0,0.0,0.0,0.0,0.0,0.0,0.0,0.0,0.0,0.0,0.0,0.0,0.0,0.0,0.0,0.0,0.0,0.0,0.0,0.0,0.0,0.0,0.0,0.0,0.0,0.0,0.0,0.0,0.0,0.0,0.0,0.0,0.0,0.0,0.0,0.0,0.0,0.0,0.0,0.0,0.0,0.0,0.0,0.0,0.0,0.0,0.0,0.0,0.0,0.0,0.0,0.0,0.0,0.0,0.0,0.0,0.0,0.0,0.0,0.0
847687384784278480830,Jankowski-Aho-Svechnikov,2026020001,2026,CAR,FLA,HOME,20260929,line,5on5,61.0,6.0,0.0,0.0,0.0,0.0,0.0,0.0,0.0,0.0,0.0,0.0,0.0,0.0,0.0,0.0,0.0,0.0,0.0,0.0,0.0,0.0,0.0,0.0,0.0,0.0,0.0,0.0,0.0,0.0,1.0,0.0,0.0,0.0,0.0,0.0,0.0,0.0,0.0,0.0,0.0,0.0,0.0,0.0,0.0,0.0,0.0,0.0,0.0,0.0,0.0,0.0,0.0,0.769,0.007,0.049,0.065,0.001,0.397,0.481,0.007,0.007,0.007,1.0,0.0,0.0,1.0,0.0,0.0,0.0,0.0,0.0,0.0,1.0,1.0,1.0,0.0,0.0,0.0,0.0,0.0,0.0,1.0,0.0,0.0,0.007,0.0,0.0,0.0,0.0,0.0,1.032,1.0,1.03,0.0,0.01,0.0,0.0,0.017,0.018,0.018
84769588484428,Slavin-Legault,2026020001,2026,CAR,FLA,HOME,20260929,pairing,5on5,65.0,5.0,0.0,0.0,0.0,0.0,0.0,0.0,0.0,0.0,0.0,0.0,0.0,0.0,0.0,0.0,0.0,0.0,0.0,0.0,0.0,0.0,0.0,0.0,0.0,0.0,0.0,0.0,0.0,0.0,0.0,1.0,0.0,0.0,0.0,0.0,0.0,0.0,0.0,0.0,0.0,0.0,0.0,0.0,0.0,0.0,0.0,0.0,0.0,0.0,0.0,0.0,0.0,0.734,0.084,0.079,0.121,0.002,0.322,0.393,0.084,0.088,0.088,0.0,1.0,1.0,2.0,0.0,0.0,0.0,0.0,0.0,0.0,1.0,0.0,1.0,0.0,0.0,0.0,0.0,0.0,0.0,0.0,1.0,0.0,0.0,0.084,0.0,0.0,0.0,0.0,2.064,1.0,1.03,0.0,0.016,0.0,0.0,0.1,0.105,0.105
84769588480336,Slavin-Walker,2026020001,2026,CAR,FLA,HOME,20260929,pairing,5on5,45.0,8.0,0.0,0.0,0.0,0.0,0.0,0.0,0.0,0.0,0.0,0.0,0.0,0.0,0.0,0.0,0.0,0.0,0.0,0.0,0.0,0.0,0.0,0.0,0.0,0.0,0.0,0.0,0.0,0.0,0.0,0.0,0.0,0.0,0.0,0.0,0.0,0.0,0.0,0.0,0.0,0.0,0.0,0.0,0.0,0.0,0.0,0.0,0.0,0.0,0.0,0.0,0.0,0.0,0.0,0.0,0.0,0.0,0.0,0.0,0.0,0.0,0.0,0.0,0.0,0.0,0.0,0.0,0.0,0.0,0.0,0.0,0.0,0.0,0.0,0.0,0.0,0.0,0.0,0.0,0.0,0.0,0.0,0.0,0.0,0.0,0.0,0.0,0.0,0.0,0.0,0.0,0.0,0.0,0.0,0.0,0.0,0.0,0.0,0.0,0.0
847353384757918476921,Martinook-Staal-Hall,2026020001,2026,CAR,FLA,HOME,20260929,line,5on5,15.0,15.0,0.0,0.0,0.0,0.0,0.0,0.0,0.0,0.0,0.0,0.0,0.0,0.0,0.0,0.0,0.0,0.0,0.0,0.0,0.0,0.0,0.0,0.0,0.0,0.0,0.0,0.0,0.0,0.0,0.0,1.0,0.0,1.0,0.0,0.0,0.0,0.0,0.0,0.0,0.0,0.0,0.0,0.0,0.0,0.0,1.0,0.0,0.0,0.0,0.0,0.0,0.0,0.681,0.002,0.053,0.109,0.0,0.435,0.401,0.002,0.002,0.002,1.0,0.0,0.0,1.0,0.0,0.0,0.0,0.0,0.0,1.0,0.0,1.0,1.0,0.0,0.0,0.0,0.0,0.0,0.0,1.0,0.0,0.0,0.002,0.0,0.0,0.0,0.0,0.0,1.032,1.0,1.03,0.0,0.011,0.0,0.0,0.013,0.014,0.014
847794084784278480762,Robinson-Aho-Ehlers,2026020001,2026,CAR,FLA,HOME,20260929,line,5on5,38.0,9.0,0.0,0.0,0.0,0.0,0.0,0.0,0.0,0.0,0.0,0.0,0.0,0.0,0.0,0.0,0.0,0.0,0.0,0.0,0.0,0.0,0.0,0.0,0.0,0.0,0.0,0.0,0.0,0.0,0.0,1.0,0.0,0.0,0.0,0.0,0.0,0.0,0.0,0.0,0.0,0.0,0.0,0.0,0.0,0.0,0.0,0.0,0.0,0.0,0.0,0.0,0.0,0.0,0.0,0.0,0.0,0.0,0.0,0.0,0.0,0.0,0.0,0.0,0.0,0.0,0.0,0.0,0.0,0.0,0.0,0.0,0.0,0.0,0.0,0.0,0.0,0.0,0.0,0.0,0.0,0.0,0.0,0.0,0.0,0.0,0.0,0.0,0.0,0.0,0.0,0.0,0.0,0.0,0.0,0.0,0.0,0.0,0.0,0.0,0.0
847574584788568482705,Sillinger-Coyle-Garland,2026020011,2026,CBJ,BUF,HOME,20261001,line,5on5,42.0,10.0,0.0,0.0,0.0,0.0,0.0,0.0,0.0,0.0,0.0,0.0,0.0,0.0,0.0,0.0,0.0,0.0,0.0,0.0,0.0,0.0,0.0,0.0,0.0,0.0,0.0,0.0,0.0,0.0,0.0,0.0,0.0,1.0,0.0,0.0,0.0,0.0,0.0,0.0,0.0,0.0,0.0,0.0,0.0,0.0,1.0,0.0,0.0,0.0,0.0,0.0,0.0,0.0,0.0,0.0,0.0,0.0,0.0,0.0,0.0,0.0,0.0,0.0,0.0,1.0,1.0,0.0,0.0,0.0,0.0,0.0,0.0,0.0,0.0,0.0,0.0,0.0,0.0,0.0,0.0,0.0,0.0,0.0,0.0,0.0,0.0,0.0,0.0,0.0,0.0,0.975,0.0,0.0,0.0,0.0,0.0,0.0,0.0,0.0,0.0
84757908481161,Christiansen-Gudbranson,2026020011,2026,CBJ,BUF,HOME,20261001,pairing,5on5,317.0,3.0,0.3571,0.5455,0.4286,2.055,0.08,0.201,0.434,0.004,1.143,1.139,0.079,0.074,0.073,0.0,3.0,3.0,6.0,0.0,0.0,0.0,0.0,0.0,2.0,1.0,0.0,3.0,1.0,2.0,4.0,4.0,1.0,2.0,3.0,0.0,0.0,0.08,0.0,0.0,0.0,0.0,0.0,5.71,3.0,2.804,1.0,0.04,0.0,0.0,0.12,0.111,0.11,2.988,0.144,0.22,0.285,0.006,1.589,1.757,0.144,0.146,0.146,0.0,4.0,1.0,5.0,0.0,0.0,0.0,0.0,1.0,1.0,2.0,0.0,4.0,0.0,0.0,2.0,5.0,0.0,1.0,4.0,0.0,0.0,0.144,0.0,0.0,0.0,0.0,0.0,4.968,4.0,4.046,1.0,0.047,0.0,0.0,0.19,0.194,0.194
847574584827058482720,Knies-Coyle-Sillinger,2026020011,2026,CBJ,BUF,HOME,20261001,line,5on5,13.0,18.0,0.0,0.0,0.0,0.0,0.0,0.0,0.0,0.0,0.0,0.0,0.0,0.0,0.0,0.0,0.0,0.0,0.0,0.0,0.0,0.0,0.0,0.0,0.0,0.0,0.0,0.0,0.0,0.0,0.0,0.0,0.0,0.0,0.0,0.0,0.0,0.0,0.0,0.0,0.0,0.0,0.0,0.0,0.0,0.0,0.0,0.0,0.0,0.0,0.0,0.0,0.0,0.0,0.0,0.0,0.0,0.0,0.0,0.0,0.0,0.0,0.0,0.0,0.0,0.0,0.0,0.0,0.0,0.0,0.0,0.0,0.0,0.0,0.0,0.0,0.0,0.0,0.0,1.0,0.0,0.0,0.0,0.0,0.0,0.0,0.0,0.0,0.0,0.0,0.0,0.0,0.0,0.0,0.0,0.0,0.0,0.0,0.0,0.0,0.0
847749784775018481716,Voronkov-Monahan-Nichushkin,2026020011,2026,CBJ,BUF,HOME,20261001,line,5on5,379.0,4.0,0.0,0.0,0.0,0.0,0.0,0.0,0.0,0.0,0.0,0.0,0.0,0.0,0.0,0.0,0.0,0.0,0.0,0.0,0.0,0.0,0.0,0.0,0.0,0.0,0.0,0.0,0.0,0.0,3.0,3.0,0.0,0.0,0.0,0.0,0.0,0.0,0.0,0.0,0.0,0.0,0.0,0.0,0.0,0.0,0.0,0.0,0.0,0.0,0.0,0.0,0.0,0.732,0.148,0.069,0.105,0.002,0.323,0.354,0.148,0.148,0.148,1.0,0.0,0.0,1.0,0.0,0.0,0.0,0.0,0.0,0.0,1.0,1.0,1.0,0.0,0.0,7.0,4.0,0.0,2.0,0.0,1.0,0.0,0.0,0.148,0.0,0.0,0.0,0.0,0.975,1.0,0.964,1.0,0.014,0.0,0.0,0.162,0.162,0.162
847885684790668484166,Lomberg-Fantilli-Garland,2026020011,2026,CBJ,BUF,HOME,20261001,line,5on5,17.0,16.0,0.0,0.0,0.0,0.0,0.0,0.0,0.0,0.0,0.0,0.0,0.0,0.0,0.0,0.0,0.0,0.0,0.0,0.0,0.0,0.0,0.0,0.0,0.0,0.0,0.0,0.0,0.0,0.0,1.0,0.0,0.0,0.0,0.0,0.0,0.0,0.0,0.0,0.0,0.0,0.0,0.0,0.0,0.0,0.0,0.0,0.0,0.0,0.0,0.0,0.0,0.0,0.0,0.0,0.0,0.0,0.0,0.0,0.0,0.0,0.0,0.0,0.0,0.0,0.0,0.0,0.0,0.0,0.0,0.0,0.0,0.0,0.0,0.0,0.0,0.0,0.0,0.0,0.0,0.0,0.0,0.0,0.0,0.0,0.0,0.0,0.0,0.0,0.0,0.0,0.0,0.0,0.0,0.0,0.0,0.0,0.0,0.0,0.0,0.0
847750184780468482660,Johnson-Heinen-Nichushkin,2026020011,2026,CBJ,BUF,HOME,20261001,line,5on5,20.0,15.0,0.0,0.0,0.0,0.0,0.0,0.0,0.0,0.0,0.0,0.0,0.0,0.0,0.0,0.0,0.0,0.0,0.0,0.0,0.0,0.0,0.0,0.0,0.0,0.0,0.0,0.0,0.0,0.0,0.0,1.0,0.0,0.0,0.0,0.0,0.0,0.0,0.0,0.0,0.0,0.0,0.0,0.0,0.0,0.0,0.0,0.0,0.0,0.0,0.0,0.0,0.0,0.756,0.103,0.061,0.103,0.002,0.308,0.423,0.103,0.103,0.103,1.0,0.0,0.0,1.0,1.0,0.0,0.0,0.0,0.0,0.0,0.0,0.0,0.0,0.0,0.0,0.0,0.0,0.0,1.0,0.0,1.0,0.0,0.0,0.103,0.0,0.0,1.0,0.0,0.975,1.0,0.964,1.0,0.012,0.0,0.0,0.115,0.115,0.115
847574584775018481716,Voronkov-Coyle-Nichushkin,2026020011,2026,CBJ,BUF,HOME,20261001,line,5on5,39.0,11.0,0.0,0.0,0.0,0.0,0.0,0.0,0.0,0.0,0.0,0.0,0.0,0.0,0.0,0.0,0.0,0.0,0.0,0.0,0.0,0.0,0.0,0.0,0.0,0.0,0.0,0.0,0.0,0.0,0.0,0.0,0.0,0.0,0.0,0.0,0.0,0.0,0.0,0.0,0.0,0.0,0.0,0.0,0.0,0.0,0.0,0.0,0.0,0.0,0.0,0.0,0.0,0.0,0.0,0.0,0.0,0.0,0.0,0.0,0.0,0.0,0.0,0.0,0.0,1.0,1.0,0.0,0.0,0.0,0.0,0.0,0.0,0.0,0.0,0.0,0.0,0.0,0.0,1.0,0.0,0.0,0.0,0.0,0.0,0.0,0.0,0.0,0.0,0.0,0.0,0.936,0.0,0.0,0.0,0.0,0.0,0.0,0.0,0.0,0.0
84784608483485,Werenski-Mateychuk,2026020011,2026,CBJ,BUF,HOME,20261001,pairing,5on5,916.0,1.0,0.5139,0.4583,0.45,6.636,0.756,0.619,1.301,0.015,2.912,3.398,0.754,0.737,0.735,7.0,2.0,2.0,11.0,1.0,0.0,0.0,1.0,0.0,2.0,5.0,6.0,8.0,3.0,9.0,5.0,9.0,3.0,4.0,5.0,3.0,1.0,0.165,0.354,0.237,0.0,0.0,1.0,11.054,9.0,9.089,3.0,0.126,0.0,0.0,0.882,0.86,0.857,8.489,0.715,0.873,1.218,0.024,3.961,4.21,0.698,0.737,0.72,8.0,3.0,2.0,13.0,0.0,1.0,0.0,1.0,0.0,3.0,6.0,8.0,11.0,2.0,7.0,8.0,6.0,0.0,6.0,8.0,2.0,1.0,0.252,0.237,0.226,0.0,0.0,0.0,13.102,11.0,11.012,4.0,0.18,0.019,0.019,0.876,0.903,0.885
84757908482126,Andrae-Gudbranson,2026020011,2026,CBJ,BUF,HOME,20261001,pairing,5on5,77.0,10.0,0.0595,0.3333,0.3333,0.725,0.011,0.051,0.159,0.0,0.398,0.381,0.011,0.011,0.011,0.0,1.0,0.0,1.0,0.0,0.0,0.0,0.0,0.0,0.0,1.0,0.0,1.0,0.0,0.0,1.0,0.0,0.0,0.0,1.0,0.0,0.0,0.011,0.0,0.0,0.0,0.0,0.0,1.074,1.0,1.05,0.0,0.01,0.0,0.0,0.021,0.021,0.021,1.348,0.174,0.135,0.247,0.004,0.639,0.801,0.168,0.174,0.168,2.0,0.0,0.0,2.0,1.0,0.0,0.0,0.0,0.0,1.0,0.0,1.0,1.0,0.0,0.0,0.0,1.0,0.0,0.0,1.0,1.0,0.0,0.049,0.125,0.0,0.0,1.0,0.0,1.911,2.0,1.919,0.0,0.027,0.0,0.0,0.201,0.2,0.194
847804684796718482705,Sillinger-Heinen-Olivier,2026020011,2026,CBJ,BUF,HOME,20261001,line,5on5,48.0,8.0,0.0,0.0,0.0,0.0,0.0,0.0,0.0,0.0,0.0,0.0,0.0,0.0,0.0,0.0,0.0,0.0,0.0,0.0,0.0,0.0,0.0,0.0,0.0,0.0,0.0,0.0,0.0,0.0,0.0,0.0,0.0,0.0,0.0,0.0,0.0,0.0,0.0,0.0,0.0,0.0,0.0,0.0,0.0,0.0,0.0,0.0,0.0,0.0,0.0,0.0,0.0,0.0,0.0,0.0,0.0,0.0,0.0,0.0,0.0,0.0,0.0,0.0,0.0,0.0,0.0,0.0,0.0,0.0,0.0,0.0,0.0,0.0,0.0,0.0,0.0,0.0,0.0,1.0,0.0,0.0,0.0,0.0,0.0,0.0,0.0,0.0,0.0,0.0,0.0,0.0,0.0,0.0,0.0,0.0,0.0,0.0,0.0,0.0,0.0
84757908478460,Werenski-Gudbranson,2026020011,2026,CBJ,BUF,HOME,20261001,pairing,5on5,80.0,9.0,0.0,0.0,0.0,0.0,0.0,0.0,0.0,0.0,0.0,0.0,0.0,0.0,0.0,0.0,0.0,0.0,0.0,0.0,0.0,0.0,0.0,0.0,0.0,0.0,0.0,0.0,0.0,0.0,0.0,0.0,1.0,0.0,0.0,0.0,0.0,0.0,0.0,0.0,0.0,0.0,0.0,0.0,0.0,0.0,0.0,0.0,0.0,0.0,0.0,0.0,0.0,0.0,0.0,0.0,0.0,0.0,0.0,0.0,0.0,0.0,0.0,0.0,0.0,0.0,0.0,0.0,0.0,0.0,0.0,0.0,0.0,0.0,0.0,0.0,0.0,0.0,0.0,0.0,0.0,1.0,0.0,0.0,0.0,0.0,0.0,0.0,0.0,0.0,0.0,0.0,0.0,0.0,0.0,0.0,0.0,0.0,0.0,0.0,0.0
847967184827058484166,Sillinger-Fantilli-Olivier,2026020011,2026,CBJ,BUF,HOME,20261001,line,5on5,44.0,9.0,0.0,1.0,0.0,0.0,0.0,0.0,0.0,0.0,0.0,0.0,0.0,0.0,0.0,0.0,0.0,1.0,1.0,0.0,0.0,0.0,0.0,0.0,0.0,0.0,0.0,0.0,3.0,9.0,0.0,0.0,0.0,2.0,0.0,0.0,0.0,0.0,0.0,0.0,0.0,0.0,0.0,0.97,0.0,0.0,1.0,0.0,0.0,0.0,0.0,0.0,0.0,0.0,0.0,0.0,0.0,0.0,0.0,0.0,0.0,0.0,0.0,0.0,0.0,0.0,0.0,0.0,0.0,0.0,0.0,0.0,0.0,0.0,0.0,0.0,1.0,5.0,0.0,0.0,0.0,0.0,0.0,0.0,0.0,0.0,0.0,0.0,0.0,0.0,0.0,0.0,0.0,0.0,0.0,0.0,0.0,0.0,0.0,0.0,0.0
847804684790668481716,Lomberg-Heinen-Voronkov,2026020011,2026,CBJ,BUF,HOME,20261001,line,5on5,71.0,6.0,0.0,0.5,0.0,0.0,0.0,0.0,0.0,0.0,0.0,0.0,0.0,0.0,0.0,0.0,0.0,1.0,1.0,0.0,0.0,0.0,0.0,0.0,0.0,0.0,0.0,0.0,0.0,0.0,0.0,1.0,0.0,0.0,0.0,0.0,0.0,0.0,0.0,0.0,0.0,0.0,0.0,0.97,0.0,0.0,0.0,0.0,0.0,0.0,0.0,0.0,0.0,0.0,0.0,0.0,0.0,0.0,0.0,0.0,0.0,0.0,0.0,0.0,0.0,1.0,1.0,0.0,0.0,0.0,0.0,0.0,0.0,0.0,0.0,0.0,0.0,0.0,0.0,1.0,0.0,0.0,0.0,0.0,0.0,0.0,0.0,0.0,0.0,0.0,0.0,1.032,0.0,0.0,0.0,0.0,0.0,0.0,0.0,0.0,0.0
847750184826608484166,Johnson-Fantilli-Nichushkin,2026020011,2026,CBJ,BUF,HOME,20261001,line,5on5,50.0,7.0,1.0,1.0,1.0,0.755,0.026,0.06,0.197,0.001,0.287,0.429,0.026,0.026,0.026,1.0,0.0,1.0,2.0,0.0,0.0,0.0,0.0,0.0,1.0,0.0,1.0,1.0,0.0,0.0,0.0,1.0,0.0,0.0,1.0,0.0,0.0,0.026,0.0,0.0,0.0,0.0,0.0,1.996,1.0,1.038,0.0,0.011,0.0,0.0,0.037,0.037,0.037,0.0,0.0,0.0,0.0,0.0,0.0,0.0,0.0,0.0,0.0,0.0,0.0,0.0,0.0,0.0,0.0,0.0,0.0,0.0,0.0,0.0,0.0,0.0,0.0,0.0,0.0,0.0,0.0,0.0,0.0,0.0,0.0,0.0,0.0,0.0,0.0,0.0,0.0,0.0,0.0,0.0,0.0,0.0,0.0,0.0,0.0,0.0,0.0
84784608482126,Werenski-Andrae,2026020011,2026,CBJ,BUF,HOME,20261001,pairing,5on5,198.0,5.0,0.2267,0.1111,0.2,0.479,0.068,0.072,0.108,0.002,0.446,0.304,0.066,0.069,0.067,1.0,0.0,0.0,1.0,1.0,0.0,0.0,0.0,0.0,0.0,0.0,0.0,0.0,0.0,0.0,1.0,4.0,0.0,0.0,1.0,0.0,0.0,0.068,0.0,0.0,1.0,0.0,0.0,1.074,1.0,1.05,0.0,0.018,0.0,0.0,0.086,0.087,0.085,2.994,0.232,0.269,0.566,0.004,1.567,1.361,0.225,0.232,0.225,2.0,2.0,4.0,8.0,0.0,0.0,0.0,1.0,1.0,2.0,0.0,2.0,4.0,0.0,0.0,4.0,0.0,0.0,0.0,3.0,1.0,0.0,0.077,0.155,0.0,0.0,0.0,0.0,7.605,4.0,3.837,0.0,0.056,0.0,0.0,0.289,0.288,0.279
847749784788568481716,Voronkov-Monahan-Garland,2026020011,2026,CBJ,BUF,HOME,20261001,line,5on5,17.0,17.0,1.0,1.0,1.0,0.753,0.085,0.087,0.098,0.003,0.409,0.32,0.085,0.078,0.078,0.0,1.0,0.0,1.0,0.0,0.0,0.0,0.0,0.0,1.0,0.0,0.0,1.0,0.0,0.0,0.0,0.0,0.0,0.0,0.0,1.0,0.0,0.0,0.085,0.0,0.0,0.0,0.0,0.915,1.0,0.916,0.0,0.018,0.0,0.0,0.103,0.095,0.095,0.0,0.0,0.0,0.0,0.0,0.0,0.0,0.0,0.0,0.0,0.0,0.0,0.0,0.0,0.0,0.0,0.0,0.0,0.0,0.0,0.0,0.0,0.0,0.0,0.0,1.0,0.0,0.0,0.0,0.0,0.0,0.0,0.0,0.0,0.0,0.0,0.0,0.0,0.0,0.0,0.0,0.0,0.0,0.0,0.0,0.0,0.0,0.0
84811618483485,Mateychuk-Christiansen,2026020011,2026,CBJ,BUF,HOME,20261001,pairing,5on5,21.0,12.0,0.0,0.0,0.0,0.0,0.0,0.0,0.0,0.0,0.0,0.0,0.0,0.0,0.0,0.0,0.0,0.0,0.0,0.0,0.0,0.0,0.0,0.0,0.0,0.0,0.0,0.0,0.0,0.0,0.0,0.0,0.0,0.0,0.0,0.0,0.0,0.0,0.0,0.0,0.0,0.0,0.0,0.0,0.0,0.0,0.0,0.0,0.0,0.0,0.0,0.0,0.0,0.0,0.0,0.0,0.0,0.0,0.0,0.0,0.0,0.0,0.0,0.0,0.0,0.0,0.0,0.0,0.0,0.0,0.0,0.0,0.0,0.0,0.0,0.0,0.0,0.0,0.0,0.0,0.0,0.0,0.0,0.0,0.0,0.0,0.0,0.0,0.0,0.0,0.0,0.0,0.0,0.0,0.0,0.0,0.0,0.0,0.0,0.0,0.0
84773698478460,Werenski-Soucy,2026020011,2026,CBJ,BUF,HOME,20261001,pairing,5on5,84.0,8.0,1.0,0.5,1.0,0.897,0.106,0.097,0.098,0.001,0.312,0.387,0.106,0.105,0.105,1.0,0.0,0.0,1.0,0.0,0.0,0.0,1.0,0.0,0.0,0.0,1.0,1.0,0.0,0.0,0.0,0.0,0.0,2.0,0.0,1.0,0.0,0.0,0.106,0.0,0.0,0.0,0.0,1.026,1.0,1.038,1.0,0.022,0.0,0.0,0.127,0.127,0.127,0.0,0.0,0.0,0.0,0.0,0.0,0.0,0.0,0.0,0.0,0.0,0.0,1.0,1.0,0.0,0.0,0.0,0.0,0.0,0.0,0.0,0.0,0.0,0.0,0.0,0.0,1.0,0.0,0.0,0.0,0.0,0.0,0.0,0.0,0.0,0.0,0.0,0.0,0.975,0.0,0.0,0.0,0.0,0.0,0.0,0.0,0.0,0.0
847749784817168482720,Voronkov-Monahan-Knies,2026020011,2026,CBJ,BUF,HOME,20261001,line,5on5,20.0,14.0,0.0,0.0,0.0,0.0,0.0,0.0,0.0,0.0,0.0,0.0,0.0,0.0,0.0,0.0,0.0,0.0,0.0,0.0,0.0,0.0,0.0,0.0,0.0,0.0,0.0,0.0,0.0,0.0,0.0,2.0,0.0,0.0,0.0,0.0,0.0,0.0,0.0,0.0,0.0,0.0,0.0,0.0,0.0,0.0,0.0,0.0,0.0,0.0,0.0,0.0,0.0,0.0,0.0,0.0,0.0,0.0,0.0,0.0,0.0,0.0,0.0,0.0,0.0,0.0,0.0,0.0,0.0,0.0,0.0,0.0,0.0,0.0,0.0,0.0,0.0,0.0,0.0,0.0,0.0,0.0,0.0,0.0,0.0,0.0,0.0,0.0,0.0,0.0,0.0,0.0,0.0,0.0,0.0,0.0,0.0,0.0,0.0,0.0,0.0
847804684788568482720,Knies-Heinen-Garland,2026020011,2026,CBJ,BUF,HOME,20261001,line,5on5,13.0,19.0,0.0,0.0,0.0,0.0,0.0,0.0,0.0,0.0,0.0,0.0,0.0,0.0,0.0,0.0,0.0,0.0,0.0,0.0,0.0,0.0,0.0,0.0,0.0,0.0,0.0,0.0,0.0,0.0,0.0,0.0,0.0,0.0,0.0,0.0,0.0,0.0,0.0,0.0,0.0,0.0,0.0,0.0,0.0,0.0,0.0,0.0,0.0,0.0,0.0,0.0,0.0,0.761,0.011,0.077,0.105,0.003,0.245,0.559,0.011,0.011,0.011,1.0,0.0,0.0,1.0,0.0,0.0,0.0,0.0,0.0,0.0,1.0,1.0,1.0,0.0,0.0,0.0,0.0,0.0,0.0,1.0,0.0,0.0,0.011,0.0,0.0,0.0,0.0,0.0,0.975,1.0,0.964,0.0,0.017,0.0,0.0,0.028,0.028,0.028
847749784827058484166,Sillinger-Fantilli-Monahan,2026020011,2026,CBJ,BUF,HOME,20261001,line,5on5,24.0,13.0,1.0,1.0,1.0,0.781,0.044,0.05,0.177,0.001,0.248,0.48,0.044,0.044,0.044,1.0,0.0,0.0,1.0,0.0,0.0,0.0,0.0,0.0,0.0,1.0,1.0,1.0,0.0,0.0,0.0,0.0,1.0,0.0,1.0,0.0,0.0,0.044,0.0,0.0,0.0,0.0,0.0,1.026,1.0,1.038,0.0,0.009,0.0,0.0,0.053,0.053,0.053,0.0,0.0,0.0,0.0,0.0,0.0,0.0,0.0,0.0,0.0,0.0,0.0,0.0,0.0,0.0,0.0,0.0,0.0,0.0,0.0,0.0,0.0,0.0,0.0,0.0,0.0,0.0,0.0,1.0,0.0,0.0,0.0,0.0,0.0,0.0,0.0,0.0,0.0,0.0,0.0,0.0,0.0,0.0,0.0,0.0,0.0,0.0,0.0
84757908477369,Soucy-Gudbranson,2026020011,2026,CBJ,BUF,HOME,20261001,pairing,5on5,165.0,6.0,0.387,0.4,0.5,1.524,0.125,0.147,0.284,0.005,0.766,0.673,0.125,0.118,0.118,1.0,1.0,0.0,2.0,0.0,0.0,0.0,1.0,0.0,1.0,0.0,1.0,2.0,1.0,2.0,4.0,0.0,0.0,0.0,1.0,1.0,0.0,0.04,0.085,0.0,0.0,0.0,0.0,1.941,2.0,1.955,0.0,0.03,0.0,0.0,0.155,0.146,0.146,1.36,0.198,0.135,0.275,0.004,0.74,0.648,0.198,0.198,0.198,2.0,0.0,1.0,3.0,0.0,0.0,0.0,1.0,0.0,0.0,1.0,2.0,2.0,0.0,0.0,4.0,0.0,0.0,0.0,1.0,1.0,0.0,0.05,0.148,0.0,0.0,0.0,0.0,2.925,2.0,1.929,0.0,0.027,0.0,0.0,0.225,0.225,0.225
84811618482126,Andrae-Christiansen,2026020011,2026,CBJ,BUF,HOME,20261001,pairing,5on5,15.0,13.0,0.0,1.0,0.0,0.0,0.0,0.0,0.0,0.0,0.0,0.0,0.0,0.0,0.0,0.0,0.0,1.0,1.0,0.0,0.0,0.0,0.0,0.0,0.0,0.0,0.0,0.0,0.0,0.0,0.0,1.0,0.0,0.0,0.0,0.0,0.0,0.0,0.0,0.0,0.0,0.0,0.0,0.97,0.0,0.0,0.0,0.0,0.0,0.0,0.0,0.0,0.0,0.0,0.0,0.0,0.0,0.0,0.0,0.0,0.0,0.0,0.0,0.0,0.0,0.0,0.0,0.0,0.0,0.0,0.0,0.0,0.0,0.0,0.0,0.0,0.0,0.0,0.0,0.0,0.0,1.0,0.0,0.0,0.0,0.0,0.0,0.0,0.0,0.0,0.0,0.0,0.0,0.0,1.0,0.0,0.0,0.0,0.0,0.0,0.0
847574584796718482705,Sillinger-Coyle-Olivier,2026020011,2026,CBJ,BUF,HOME,20261001,line,5on5,619.0,2.0,0.52,0.4444,0.4706,5.886,0.702,0.516,1.114,0.013,2.593,3.062,0.7,0.682,0.68,5.0,3.0,0.0,8.0,1.0,0.0,0.0,1.0,0.0,3.0,3.0,4.0,7.0,1.0,2.0,8.0,7.0,2.0,1.0,5.0,2.0,1.0,0.158,0.307,0.237,0.0,0.0,1.0,7.928,8.0,7.971,1.0,0.103,0.0,0.0,0.805,0.782,0.779,6.433,0.648,0.661,1.089,0.018,3.226,3.359,0.644,0.672,0.669,6.0,3.0,1.0,10.0,0.0,0.0,0.0,1.0,1.0,2.0,5.0,6.0,9.0,0.0,0.0,6.0,4.0,1.0,5.0,6.0,3.0,0.0,0.3,0.347,0.0,0.0,0.0,0.0,10.138,9.0,9.139,3.0,0.136,0.0,0.0,0.783,0.813,0.809
847804684788568479066,Lomberg-Heinen-Garland,2026020011,2026,CBJ,BUF,HOME,20261001,line,5on5,388.0,3.0,0.5231,0.5385,0.5556,3.604,0.329,0.388,0.608,0.01,1.815,1.85,0.328,0.324,0.324,2.0,3.0,2.0,7.0,0.0,0.0,0.0,0.0,0.0,2.0,3.0,2.0,5.0,0.0,0.0,2.0,2.0,1.0,3.0,3.0,2.0,0.0,0.101,0.228,0.0,0.0,0.0,0.0,6.952,5.0,4.96,1.0,0.08,0.0,0.0,0.409,0.402,0.401,3.26,0.3,0.365,0.388,0.008,1.524,1.416,0.286,0.3,0.287,3.0,1.0,2.0,6.0,0.0,1.0,0.0,0.0,0.0,1.0,2.0,3.0,4.0,1.0,2.0,4.0,5.0,1.0,1.0,3.0,0.0,1.0,0.074,0.0,0.226,0.0,0.0,0.0,5.85,4.0,3.857,1.0,0.073,0.019,0.019,0.354,0.355,0.34
848266084827208484166,Knies-Fantilli-Johnson,2026020011,2026,CBJ,BUF,HOME,20261001,line,5on5,621.0,1.0,0.3719,0.381,0.4,4.348,0.296,0.419,0.909,0.007,2.316,2.054,0.293,0.298,0.295,5.0,1.0,2.0,8.0,2.0,0.0,0.0,3.0,0.0,0.0,1.0,3.0,4.0,2.0,4.0,12.0,6.0,2.0,2.0,4.0,2.0,0.0,0.098,0.197,0.0,1.0,1.0,0.0,8.346,6.0,6.199,2.0,0.094,0.0,0.0,0.39,0.392,0.388,6.782,0.5,0.496,0.947,0.012,3.215,3.83,0.487,0.501,0.488,6.0,3.0,4.0,13.0,1.0,0.0,0.0,3.0,0.0,3.0,2.0,5.0,8.0,0.0,0.0,4.0,3.0,0.0,1.0,7.0,2.0,0.0,0.219,0.281,0.0,0.0,1.0,0.0,12.69,9.0,8.791,0.0,0.101,0.0,0.0,0.601,0.603,0.587
84773698482126,Soucy-Andrae,2026020011,2026,CBJ,BUF,HOME,20261001,pairing,5on5,530.0,2.0,0.6906,0.375,0.5,1.49,0.096,0.142,0.321,0.003,0.776,0.663,0.096,0.097,0.097,2.0,0.0,1.0,3.0,1.0,0.0,0.0,1.0,0.0,0.0,0.0,1.0,1.0,1.0,2.0,9.0,2.0,1.0,1.0,1.0,1.0,0.0,0.004,0.092,0.0,0.0,1.0,0.0,3.176,2.0,2.022,1.0,0.032,0.0,0.0,0.128,0.129,0.128,1.683,0.043,0.084,0.119,0.003,0.708,1.042,0.043,0.045,0.045,2.0,0.0,3.0,5.0,0.0,0.0,0.0,1.0,0.0,0.0,1.0,2.0,2.0,0.0,0.0,6.0,2.0,0.0,1.0,2.0,0.0,0.0,0.043,0.0,0.0,0.0,0.0,0.0,4.95,2.0,1.995,0.0,0.018,0.0,0.0,0.061,0.064,0.064
84773698483485,Mateychuk-Soucy,2026020011,2026,CBJ,BUF,HOME,20261001,pairing,5on5,305.0,4.0,0.1088,0.3333,0.3333,0.755,0.026,0.06,0.197,0.001,0.287,0.429,0.026,0.026,0.026,1.0,0.0,0.0,1.0,0.0,0.0,0.0,0.0,0.0,1.0,0.0,1.0,1.0,0.0,0.0,2.0,3.0,0.0,1.0,1.0,0.0,0.0,0.026,0.0,0.0,0.0,0.0,0.0,1.026,1.0,1.038,0.0,0.011,0.0,0.0,0.037,0.037,0.037,1.428,0.213,0.13,0.257,0.004,0.615,0.78,0.213,0.213,0.213,2.0,0.0,0.0,2.0,1.0,0.0,0.0,0.0,0.0,0.0,1.0,1.0,1.0,1.0,2.0,1.0,2.0,2.0,1.0,0.0,2.0,0.0,0.0,0.213,0.0,0.0,1.0,0.0,1.95,2.0,1.929,0.0,0.025,0.0,0.0,0.238,0.238,0.238
84821268483485,Mateychuk-Andrae,2026020011,2026,CBJ,BUF,HOME,20261001,pairing,5on5,125.0,7.0,0.8669,0.6667,0.6667,1.567,0.215,0.131,0.2,0.004,0.629,0.822,0.215,0.214,0.214,1.0,1.0,0.0,2.0,0.0,0.0,0.0,0.0,0.0,1.0,1.0,1.0,2.0,0.0,0.0,0.0,2.0,0.0,0.0,1.0,1.0,0.0,0.032,0.182,0.0,0.0,0.0,0.0,2.052,2.0,2.077,0.0,0.027,0.0,0.0,0.242,0.242,0.242,0.658,0.033,0.069,0.164,0.001,0.313,0.42,0.033,0.032,0.032,1.0,0.0,0.0,1.0,0.0,0.0,0.0,0.0,0.0,0.0,1.0,1.0,1.0,0.0,0.0,0.0,1.0,0.0,0.0,1.0,0.0,0.0,0.033,0.0,0.0,0.0,0.0,0.0,0.936,1.0,0.954,0.0,0.013,0.0,0.0,0.046,0.046,0.046
84757908483485,Mateychuk-Gudbranson,2026020011,2026,CBJ,BUF,HOME,20261001,pairing,5on5,49.0,11.0,0.0,0.0,0.0,0.0,0.0,0.0,0.0,0.0,0.0,0.0,0.0,0.0,0.0,0.0,0.0,0.0,0.0,0.0,0.0,0.0,0.0,0.0,0.0,0.0,0.0,0.0,0.0,0.0,2.0,0.0,0.0,0.0,0.0,0.0,0.0,0.0,0.0,0.0,0.0,0.0,0.0,0.0,0.0,0.0,0.0,0.0,0.0,0.0,0.0,0.0,0.0,0.0,0.0,0.0,0.0,0.0,0.0,0.0,0.0,0.0,0.0,0.0,0.0,0.0,0.0,0.0,0.0,0.0,0.0,0.0,0.0,0.0,0.0,0.0,0.0,0.0,0.0,3.0,0.0,0.0,0.0,0.0,0.0,0.0,0.0,0.0,0.0,0.0,0.0,0.0,0.0,0.0,0.0,0.0,0.0,0.0,0.0,0.0,0.0
847967184827208484166,Knies-Fantilli-Olivier,2026020011,2026,CBJ,BUF,HOME,20261001,line,5on5,28.0,12.0,0.0,0.0,0.0,0.0,0.0,0.0,0.0,0.0,0.0,0.0,0.0,0.0,0.0,0.0,0.0,0.0,0.0,0.0,0.0,0.0,0.0,0.0,0.0,0.0,0.0,0.0,0.0,0.0,0.0,0.0,0.0,0.0,0.0,0.0,0.0,0.0,0.0,0.0,0.0,0.0,0.0,0.0,0.0,0.0,0.0,0.0,0.0,0.0,0.0,0.0,0.0,0.774,0.01,0.054,0.064,0.002,0.446,0.424,0.01,0.01,0.01,0.0,1.0,0.0,1.0,0.0,0.0,0.0,0.0,0.0,0.0,1.0,0.0,1.0,0.0,0.0,0.0,0.0,0.0,0.0,1.0,0.0,0.0,0.01,0.0,0.0,0.0,0.0,0.0,1.032,1.0,1.03,0.0,0.012,0.0,0.0,0.022,0.023,0.023
847749784775018478856,Nichushkin-Monahan-Garland,2026020011,2026,CBJ,BUF,HOME,20261001,line,5on5,149.0,5.0,0.0,0.0,0.0,0.0,0.0,0.0,0.0,0.0,0.0,0.0,0.0,0.0,0.0,0.0,0.0,0.0,0.0,0.0,0.0,0.0,0.0,0.0,0.0,0.0,0.0,0.0,0.0,0.0,2.0,2.0,0.0,1.0,0.0,0.0,0.0,0.0,0.0,0.0,0.0,0.0,0.0,0.0,0.0,0.0,0.0,0.0,0.0,0.0,0.0,0.0,0.0,0.655,0.026,0.073,0.177,0.001,0.416,0.307,0.026,0.025,0.025,0.0,1.0,2.0,3.0,0.0,0.0,0.0,0.0,0.0,1.0,0.0,0.0,1.0,1.0,2.0,2.0,1.0,0.0,0.0,1.0,0.0,0.0,0.026,0.0,0.0,0.0,0.0,0.0,2.808,1.0,0.954,0.0,0.014,0.0,0.0,0.04,0.039,0.039
847645884807978482074,Farabee-Strome-Zary,2026020014,2026,CGY,SEA,HOME,20261001,line,5on5,18.0,13.0,0.0,0.0,0.0,0.0,0.0,0.0,0.0,0.0,0.0,0.0,0.0,0.0,0.0,0.0,0.0,0.0,0.0,0.0,0.0,0.0,0.0,0.0,0.0,0.0,0.0,0.0,0.0,0.0,0.0,0.0,0.0,0.0,0.0,0.0,0.0,0.0,0.0,0.0,0.0,0.0,0.0,0.0,0.0,0.0,0.0,0.0,0.0,0.0,0.0,0.0,0.0,0.0,0.0,0.0,0.0,0.0,0.0,0.0,0.0,0.0,0.0,0.0,0.0,0.0,0.0,0.0,0.0,0.0,0.0,0.0,0.0,0.0,0.0,0.0,0.0,0.0,0.0,0.0,1.0,0.0,0.0,0.0,0.0,0.0,0.0,0.0,0.0,0.0,0.0,0.0,0.0,0.0,0.0,0.0,0.0,0.0,0.0,0.0,0.0
847415084836098484180,Honzek-Backlund-Klapka,2026020014,2026,CGY,SEA,HOME,20261001,line,5on5,24.0,10.0,1.0,1.0,1.0,1.335,0.029,0.124,0.291,0.002,0.789,0.766,0.029,0.026,0.026,0.0,2.0,1.0,3.0,0.0,1.0,0.0,0.0,0.0,0.0,1.0,0.0,2.0,0.0,0.0,0.0,0.0,0.0,0.0,2.0,0.0,0.0,0.029,0.0,0.0,0.0,0.0,0.0,2.646,2.0,1.774,0.0,0.024,0.008,0.008,0.045,0.041,0.04,0.0,0.0,0.0,0.0,0.0,0.0,0.0,0.0,0.0,0.0,0.0,0.0,0.0,0.0,0.0,0.0,0.0,0.0,0.0,0.0,0.0,0.0,0.0,0.0,0.0,0.0,0.0,0.0,0.0,0.0,0.0,0.0,0.0,0.0,0.0,0.0,0.0,0.0,0.0,0.0,0.0,0.0,0.0,0.0,0.0,0.0,0.0,0.0
848002884807978482679,Farabee-Frost-Coronato,2026020014,2026,CGY,SEA,HOME,20261001,line,5on5,9.0,21.0,0.0,0.0,0.0,0.0,0.0,0.0,0.0,0.0,0.0,0.0,0.0,0.0,0.0,0.0,0.0,0.0,0.0,0.0,0.0,0.0,0.0,0.0,0.0,0.0,0.0,0.0,0.0,0.0,0.0,0.0,0.0,0.0,0.0,0.0,0.0,0.0,0.0,0.0,0.0,0.0,0.0,0.0,0.0,0.0,0.0,0.0,0.0,0.0,0.0,0.0,0.0,0.76,0.042,0.071,0.088,0.001,0.402,0.396,0.042,0.048,0.048,1.0,0.0,0.0,1.0,1.0,0.0,0.0,0.0,0.0,0.0,0.0,0.0,0.0,0.0,0.0,0.0,0.0,0.0,0.0,1.0,0.0,0.0,0.042,0.0,0.0,1.0,0.0,0.0,1.214,1.0,1.161,0.0,0.015,0.0,0.0,0.057,0.065,0.065
84808608482165,Bahl-Kuznetsov,2026020014,2026,CGY,SEA,HOME,20261001,pairing,5on5,16.0,12.0,0.0,0.0,0.0,0.0,0.0,0.0,0.0,0.0,0.0,0.0,0.0,0.0,0.0,0.0,0.0,0.0,0.0,0.0,0.0,0.0,0.0,0.0,0.0,0.0,0.0,0.0,0.0,0.0,0.0,0.0,0.0,1.0,0.0,0.0,0.0,0.0,0.0,0.0,0.0,0.0,0.0,0.0,0.0,0.0,0.0,0.0,0.0,0.0,0.0,0.0,0.0,0.0,0.0,0.0,0.0,0.0,0.0,0.0,0.0,0.0,0.0,0.0,0.0,0.0,0.0,0.0,0.0,0.0,0.0,0.0,0.0,0.0,0.0,0.0,0.0,0.0,0.0,0.0,0.0,0.0,0.0,0.0,0.0,0.0,0.0,0.0,0.0,0.0,0.0,0.0,0.0,0.0,0.0,0.0,0.0,0.0,0.0,0.0,0.0
84781368480860,Bahl-Middleton,2026020014,2026,CGY,SEA,HOME,20261001,pairing,5on5,68.0,7.0,0.7651,0.5,0.5,0.532,0.114,0.076,0.06,0.004,0.35,0.397,0.114,0.1,0.1,1.0,0.0,0.0,1.0,0.0,0.0,0.0,1.0,0.0,0.0,0.0,1.0,1.0,0.0,0.0,0.0,1.0,0.0,0.0,0.0,1.0,0.0,0.0,0.114,0.0,0.0,0.0,0.0,0.85,1.0,0.878,0.0,0.017,0.0,0.0,0.13,0.115,0.115,0.663,0.035,0.063,0.109,0.001,0.285,0.508,0.035,0.04,0.04,1.0,0.0,0.0,1.0,0.0,0.0,0.0,1.0,0.0,0.0,0.0,1.0,1.0,0.0,0.0,1.0,0.0,0.0,1.0,1.0,0.0,0.0,0.035,0.0,0.0,0.0,0.0,0.0,1.214,1.0,1.161,1.0,0.013,0.0,0.0,0.047,0.055,0.055
848002884807978481068,Farabee-Frost-Sharangovich,2026020014,2026,CGY,SEA,HOME,20261001,line,5on5,21.0,11.0,1.0,1.0,1.0,0.806,0.039,0.063,0.152,0.003,0.295,0.448,0.039,0.035,0.035,0.0,1.0,0.0,1.0,0.0,0.0,0.0,0.0,0.0,0.0,1.0,0.0,1.0,0.0,0.0,0.0,1.0,1.0,0.0,1.0,0.0,0.0,0.039,0.0,0.0,0.0,0.0,0.0,0.85,1.0,0.878,0.0,0.013,0.0,0.0,0.052,0.046,0.046,0.0,0.0,0.0,0.0,0.0,0.0,0.0,0.0,0.0,0.0,0.0,0.0,0.0,0.0,0.0,0.0,0.0,0.0,0.0,0.0,0.0,0.0,0.0,0.0,0.0,0.0,0.0,0.0,0.0,0.0,0.0,0.0,0.0,0.0,0.0,0.0,0.0,0.0,0.0,0.0,0.0,0.0,0.0,0.0,0.0,0.0,0.0,0.0
848102884836098484958,Klapka-Pospisil-Tsyplakov,2026020014,2026,CGY,SEA,HOME,20261001,line,5on5,546.0,4.0,0.3199,0.6,0.5385,4.977,0.151,0.415,1.274,0.009,2.695,2.456,0.151,0.134,0.134,5.0,2.0,5.0,12.0,0.0,0.0,0.0,0.0,0.0,5.0,2.0,5.0,7.0,2.0,4.0,3.0,8.0,0.0,2.0,7.0,0.0,0.0,0.151,0.0,0.0,0.0,0.0,0.0,10.472,7.0,6.157,1.0,0.084,0.0,0.0,0.234,0.208,0.208,4.189,0.321,0.448,0.795,0.014,2.364,2.058,0.311,0.37,0.358,3.0,3.0,2.0,8.0,0.0,0.0,0.0,0.0,0.0,2.0,4.0,3.0,6.0,0.0,0.0,5.0,7.0,0.0,4.0,5.0,1.0,0.0,0.198,0.123,0.0,0.0,0.0,0.0,9.652,6.0,6.965,2.0,0.094,0.0,0.0,0.415,0.478,0.463
847415084810288484180,Honzek-Backlund-Pospisil,2026020014,2026,CGY,SEA,HOME,20261001,line,5on5,20.0,12.0,0.0,0.0,0.0,0.0,0.0,0.0,0.0,0.0,0.0,0.0,0.0,0.0,0.0,0.0,0.0,0.0,0.0,0.0,0.0,0.0,0.0,0.0,0.0,0.0,0.0,0.0,0.0,0.0,0.0,1.0,0.0,0.0,0.0,0.0,0.0,0.0,0.0,0.0,0.0,0.0,0.0,0.0,0.0,0.0,0.0,0.0,0.0,0.0,0.0,0.0,0.0,0.0,0.0,0.0,0.0,0.0,0.0,0.0,0.0,0.0,0.0,0.0,0.0,0.0,0.0,0.0,0.0,0.0,0.0,0.0,0.0,0.0,0.0,0.0,0.0,0.0,0.0,0.0,0.0,0.0,0.0,0.0,0.0,0.0,0.0,0.0,0.0,0.0,0.0,0.0,0.0,0.0,0.0,0.0,0.0,0.0,0.0,0.0,0.0
84781368484768,Middleton-Parekh,2026020014,2026,CGY,SEA,HOME,20261001,pairing,5on5,764.0,2.0,0.4952,0.5769,0.5,7.016,0.671,0.654,1.077,0.013,3.067,3.519,0.671,0.598,0.598,4.0,5.0,6.0,15.0,0.0,0.0,0.0,0.0,1.0,6.0,2.0,4.0,9.0,0.0,0.0,7.0,5.0,1.0,2.0,6.0,3.0,0.0,0.18,0.491,0.0,0.0,0.0,0.0,12.846,9.0,7.922,0.0,0.138,0.0,0.0,0.809,0.72,0.72,6.905,0.684,0.859,0.907,0.026,3.217,3.308,0.665,0.786,0.765,7.0,2.0,2.0,11.0,2.0,1.0,0.0,1.0,0.0,1.0,4.0,5.0,7.0,0.0,0.0,7.0,4.0,2.0,2.0,5.0,4.0,0.0,0.16,0.524,0.0,2.0,0.0,0.0,13.183,9.0,10.433,2.0,0.182,0.011,0.011,0.855,0.983,0.954
84781368483495,Middleton-Nemec,2026020014,2026,CGY,SEA,HOME,20261001,pairing,5on5,65.0,8.0,0.4656,0.6667,0.6667,1.499,0.061,0.138,0.265,0.003,0.524,1.009,0.061,0.055,0.055,1.0,1.0,0.0,2.0,0.0,0.0,0.0,1.0,0.0,1.0,0.0,1.0,2.0,0.0,0.0,0.0,1.0,0.0,0.0,2.0,0.0,0.0,0.061,0.0,0.0,0.0,0.0,0.0,1.82,2.0,1.849,0.0,0.028,0.0,0.0,0.089,0.081,0.081,0.685,0.07,0.085,0.118,0.007,0.334,0.386,0.07,0.08,0.08,1.0,0.0,0.0,1.0,0.0,0.0,0.0,0.0,0.0,0.0,1.0,1.0,1.0,0.0,0.0,0.0,0.0,0.0,0.0,1.0,0.0,0.0,0.07,0.0,0.0,0.0,0.0,0.0,1.214,1.0,1.161,0.0,0.017,0.0,0.0,0.087,0.1,0.1
847415084836098484958,Klapka-Backlund-Tsyplakov,2026020014,2026,CGY,SEA,HOME,20261001,line,5on5,36.0,6.0,0.0,0.0,0.0,0.0,0.0,0.0,0.0,0.0,0.0,0.0,0.0,0.0,0.0,0.0,0.0,0.0,0.0,0.0,0.0,0.0,0.0,0.0,0.0,0.0,0.0,0.0,0.0,0.0,0.0,0.0,0.0,0.0,0.0,0.0,0.0,0.0,0.0,0.0,0.0,0.0,0.0,0.0,0.0,0.0,0.0,0.0,0.0,0.0,0.0,0.0,0.0,0.845,0.351,0.077,0.069,0.002,0.236,0.265,0.351,0.404,0.404,0.0,1.0,0.0,1.0,0.0,0.0,0.0,0.0,0.0,0.0,1.0,0.0,1.0,0.0,0.0,0.0,0.0,1.0,0.0,0.0,0.0,1.0,0.0,0.0,0.351,0.0,0.0,0.0,1.214,1.0,1.161,0.0,0.017,0.0,0.0,0.368,0.423,0.423
84807278483495,Nemec-Whitecloud,2026020014,2026,CGY,SEA,HOME,20261001,pairing,5on5,120.0,5.0,1.0,1.0,1.0,1.512,0.12,0.144,0.294,0.006,0.758,0.678,0.12,0.109,0.109,2.0,0.0,0.0,2.0,0.0,0.0,0.0,0.0,0.0,0.0,2.0,2.0,2.0,0.0,0.0,1.0,0.0,0.0,1.0,1.0,1.0,0.0,0.013,0.108,0.0,0.0,0.0,0.0,1.764,2.0,1.774,1.0,0.031,0.0,0.0,0.152,0.137,0.137,0.0,0.0,0.0,0.0,0.0,0.0,0.0,0.0,0.0,0.0,0.0,0.0,0.0,0.0,0.0,0.0,0.0,0.0,0.0,0.0,0.0,0.0,0.0,0.0,0.0,0.0,1.0,0.0,0.0,0.0,0.0,0.0,0.0,0.0,0.0,0.0,0.0,0.0,0.0,0.0,0.0,0.0,0.0,0.0,0.0,0.0,0.0,0.0
84821658483495,Kuznetsov-Nemec,2026020014,2026,CGY,SEA,HOME,20261001,pairing,5on5,25.0,11.0,1.0,1.0,1.0,0.806,0.039,0.063,0.152,0.003,0.295,0.448,0.039,0.035,0.035,0.0,1.0,0.0,1.0,0.0,0.0,0.0,0.0,0.0,0.0,1.0,0.0,1.0,0.0,0.0,0.0,0.0,0.0,0.0,1.0,0.0,0.0,0.039,0.0,0.0,0.0,0.0,0.0,0.85,1.0,0.878,0.0,0.013,0.0,0.0,0.052,0.046,0.046,0.0,0.0,0.0,0.0,0.0,0.0,0.0,0.0,0.0,0.0,0.0,0.0,0.0,0.0,0.0,0.0,0.0,0.0,0.0,0.0,0.0,0.0,0.0,0.0,0.0,0.0,0.0,0.0,0.0,0.0,0.0,0.0,0.0,0.0,0.0,0.0,0.0,0.0,0.0,0.0,0.0,0.0,0.0,0.0,0.0,0.0,0.0,0.0
847645884810688482074,Zary-Strome-Sharangovich,2026020014,2026,CGY,SEA,HOME,20261001,line,5on5,654.0,1.0,0.5315,0.6522,0.5625,6.738,0.743,0.652,1.025,0.019,2.83,3.731,0.72,0.671,0.649,6.0,3.0,6.0,15.0,1.0,0.0,0.0,1.0,0.0,4.0,3.0,5.0,8.0,0.0,0.0,4.0,2.0,0.0,6.0,5.0,4.0,0.0,0.185,0.559,0.0,1.0,0.0,0.0,13.054,9.0,8.006,1.0,0.137,0.0,0.0,0.88,0.793,0.768,5.568,0.655,0.761,0.854,0.022,2.377,2.331,0.629,0.753,0.723,5.0,2.0,1.0,8.0,2.0,2.0,1.0,0.0,0.0,1.0,2.0,3.0,5.0,1.0,2.0,7.0,2.0,1.0,1.0,3.0,4.0,0.0,0.084,0.57,0.0,1.0,1.0,0.0,9.541,7.0,8.111,1.0,0.161,0.195,0.195,0.621,0.714,0.687
84834958484768,Nemec-Parekh,2026020014,2026,CGY,SEA,HOME,20261001,pairing,5on5,69.0,6.0,0.0,0.3333,0.0,0.0,0.0,0.0,0.0,0.0,0.0,0.0,0.0,0.0,0.0,0.0,0.0,1.0,1.0,0.0,0.0,0.0,0.0,0.0,0.0,0.0,0.0,0.0,0.0,0.0,2.0,0.0,0.0,3.0,0.0,0.0,0.0,0.0,0.0,0.0,0.0,0.0,0.0,0.85,0.0,0.0,1.0,0.0,0.0,0.0,0.0,0.0,0.0,1.663,0.258,0.177,0.239,0.002,0.594,0.731,0.258,0.297,0.297,2.0,0.0,0.0,2.0,1.0,0.0,0.0,0.0,0.0,1.0,0.0,1.0,1.0,0.0,0.0,0.0,0.0,1.0,0.0,0.0,2.0,0.0,0.0,0.258,0.0,0.0,1.0,0.0,2.428,2.0,2.322,0.0,0.038,0.0,0.0,0.296,0.341,0.341
84807278482165,Kuznetsov-Whitecloud,2026020014,2026,CGY,SEA,HOME,20261001,pairing,5on5,700.0,3.0,0.2262,0.4516,0.4286,6.543,0.275,0.627,1.324,0.015,3.635,3.124,0.274,0.256,0.256,7.0,2.0,5.0,14.0,1.0,0.0,0.0,2.0,0.0,4.0,2.0,6.0,8.0,1.0,2.0,9.0,10.0,1.0,4.0,8.0,1.0,0.0,0.113,0.162,0.0,1.0,0.0,0.0,12.412,9.0,8.099,2.0,0.131,0.0,0.0,0.406,0.375,0.375,9.046,0.941,0.906,1.698,0.026,4.12,4.308,0.924,1.065,1.045,8.0,4.0,5.0,17.0,2.0,1.0,1.0,1.0,0.0,2.0,6.0,6.0,10.0,0.0,0.0,6.0,7.0,0.0,4.0,6.0,6.0,0.0,0.203,0.739,0.0,0.0,2.0,0.0,19.972,12.0,13.54,1.0,0.188,0.184,0.184,0.946,1.067,1.054
847415084807978484958,Farabee-Backlund-Tsyplakov,2026020014,2026,CGY,SEA,HOME,20261001,line,5on5,29.0,7.0,0.0,0.0,0.0,0.0,0.0,0.0,0.0,0.0,0.0,0.0,0.0,0.0,0.0,0.0,0.0,0.0,0.0,0.0,0.0,0.0,0.0,0.0,0.0,0.0,0.0,0.0,0.0,0.0,0.0,0.0,0.0,0.0,0.0,0.0,0.0,0.0,0.0,0.0,0.0,0.0,0.0,0.0,0.0,0.0,0.0,0.0,0.0,0.0,0.0,0.0,0.0,0.0,0.0,0.0,0.0,0.0,0.0,0.0,0.0,0.0,0.0,0.0,0.0,0.0,0.0,0.0,0.0,0.0,0.0,0.0,0.0,0.0,0.0,0.0,0.0,0.0,0.0,0.0,0.0,1.0,0.0,0.0,0.0,0.0,0.0,0.0,0.0,0.0,0.0,0.0,0.0,0.0,1.0,0.0,0.0,0.0,0.0,0.0,0.0
847645884826798484860,Strome-Coronato-Gridin,2026020014,2026,CGY,SEA,HOME,20261001,line,5on5,53.0,5.0,0.1111,0.5,0.5,0.736,0.019,0.051,0.187,0.001,0.25,0.492,0.019,0.018,0.018,1.0,0.0,0.0,1.0,0.0,0.0,0.0,1.0,0.0,0.0,0.0,1.0,1.0,0.0,0.0,0.0,0.0,0.0,1.0,1.0,0.0,0.0,0.019,0.0,0.0,0.0,0.0,0.0,0.97,1.0,0.971,1.0,0.01,0.0,0.0,0.029,0.028,0.028,0.798,0.152,0.07,0.089,0.002,0.289,0.399,0.152,0.175,0.175,1.0,0.0,0.0,1.0,0.0,0.0,0.0,0.0,0.0,0.0,1.0,1.0,1.0,0.0,0.0,0.0,0.0,0.0,0.0,0.0,1.0,0.0,0.0,0.152,0.0,0.0,0.0,0.0,1.214,1.0,1.161,0.0,0.015,0.0,0.0,0.166,0.192,0.192
848002884820748482679,Zary-Frost-Coronato,2026020014,2026,CGY,SEA,HOME,20261001,line,5on5,13.0,18.0,0.0,0.0,0.0,0.0,0.0,0.0,0.0,0.0,0.0,0.0,0.0,0.0,0.0,0.0,0.0,0.0,0.0,0.0,0.0,0.0,0.0,0.0,0.0,0.0,0.0,0.0,0.0,0.0,0.0,0.0,0.0,1.0,0.0,0.0,0.0,0.0,0.0,0.0,0.0,0.0,0.0,0.0,0.0,0.0,0.0,0.0,0.0,0.0,0.0,0.0,0.0,0.922,0.168,0.111,0.103,0.001,0.277,0.34,0.168,0.193,0.193,1.0,0.0,0.0,1.0,0.0,0.0,0.0,0.0,0.0,1.0,0.0,1.0,1.0,0.0,0.0,0.0,0.0,0.0,0.0,0.0,1.0,0.0,0.0,0.168,0.0,0.0,0.0,0.0,1.214,1.0,1.161,0.0,0.025,0.0,0.0,0.193,0.222,0.222
847645884820748483609,Zary-Strome-Klapka,2026020014,2026,CGY,SEA,HOME,20261001,line,5on5,11.0,20.0,0.0,0.0,0.0,0.0,0.0,0.0,0.0,0.0,0.0,0.0,0.0,0.0,0.0,0.0,0.0,0.0,0.0,0.0,0.0,0.0,0.0,0.0,0.0,0.0,0.0,0.0,0.0,0.0,0.0,0.0,0.0,0.0,0.0,0.0,0.0,0.0,0.0,0.0,0.0,0.0,0.0,0.0,0.0,0.0,0.0,0.0,0.0,0.0,0.0,0.0,0.0,0.0,0.0,0.0,0.0,0.0,0.0,0.0,0.0,0.0,0.0,0.0,0.0,0.0,0.0,0.0,0.0,0.0,0.0,0.0,0.0,0.0,0.0,0.0,0.0,0.0,0.0,1.0,0.0,0.0,0.0,0.0,0.0,0.0,0.0,0.0,0.0,0.0,0.0,0.0,0.0,0.0,0.0,0.0,0.0,0.0,0.0,0.0,0.0
847645884810688484180,Honzek-Strome-Sharangovich,2026020014,2026,CGY,SEA,HOME,20261001,line,5on5,11.0,19.0,0.0,0.0,0.0,0.0,0.0,0.0,0.0,0.0,0.0,0.0,0.0,0.0,0.0,0.0,0.0,0.0,0.0,0.0,0.0,0.0,0.0,0.0,0.0,0.0,0.0,0.0,0.0,0.0,0.0,0.0,0.0,0.0,0.0,0.0,0.0,0.0,0.0,0.0,0.0,0.0,0.0,0.0,0.0,0.0,0.0,0.0,0.0,0.0,0.0,0.0,0.0,0.0,0.0,0.0,0.0,0.0,0.0,0.0,0.0,0.0,0.0,0.0,0.0,0.0,0.0,0.0,0.0,0.0,0.0,0.0,0.0,0.0,0.0,0.0,0.0,0.0,0.0,1.0,0.0,0.0,0.0,0.0,0.0,0.0,0.0,0.0,0.0,0.0,0.0,0.0,0.0,0.0,0.0,0.0,0.0,0.0,0.0,0.0,0.0
84821658484768,Kuznetsov-Parekh,2026020014,2026,CGY,SEA,HOME,20261001,pairing,5on5,137.0,4.0,1.0,1.0,1.0,2.846,0.214,0.248,0.602,0.004,1.438,1.493,0.214,0.19,0.19,1.0,3.0,2.0,6.0,0.0,1.0,0.0,0.0,0.0,1.0,2.0,1.0,4.0,0.0,0.0,0.0,0.0,0.0,0.0,3.0,1.0,0.0,0.039,0.176,0.0,0.0,0.0,0.0,5.196,4.0,3.531,0.0,0.048,0.008,0.008,0.255,0.226,0.226,0.0,0.0,0.0,0.0,0.0,0.0,0.0,0.0,0.0,0.0,0.0,0.0,0.0,0.0,0.0,0.0,0.0,0.0,0.0,0.0,0.0,0.0,0.0,0.0,0.0,0.0,0.0,2.0,1.0,0.0,0.0,0.0,0.0,0.0,0.0,0.0,0.0,0.0,0.0,0.0,0.0,1.0,0.0,0.0,0.0,0.0,0.0,0.0
847415084810688484180,Honzek-Backlund-Sharangovich,2026020014,2026,CGY,SEA,HOME,20261001,line,5on5,16.0,15.0,0.0,0.0,0.0,0.0,0.0,0.0,0.0,0.0,0.0,0.0,0.0,0.0,0.0,0.0,0.0,0.0,0.0,0.0,0.0,0.0,0.0,0.0,0.0,0.0,0.0,0.0,0.0,0.0,0.0,0.0,0.0,0.0,0.0,0.0,0.0,0.0,0.0,0.0,0.0,0.0,0.0,0.0,0.0,0.0,0.0,0.0,0.0,0.0,0.0,0.0,0.0,0.0,0.0,0.0,0.0,0.0,0.0,0.0,0.0,0.0,0.0,0.0,0.0,0.0,0.0,0.0,0.0,0.0,0.0,0.0,0.0,0.0,0.0,0.0,0.0,0.0,0.0,0.0,1.0,0.0,0.0,0.0,0.0,0.0,0.0,0.0,0.0,0.0,0.0,0.0,0.0,0.0,0.0,0.0,0.0,0.0,0.0,0.0,0.0
847415084807978484180,Honzek-Backlund-Farabee,2026020014,2026,CGY,SEA,HOME,20261001,line,5on5,603.0,2.0,0.6643,0.4286,0.4667,5.418,0.661,0.592,0.808,0.014,2.572,2.353,0.661,0.6,0.6,5.0,2.0,2.0,9.0,0.0,0.0,0.0,2.0,0.0,2.0,3.0,5.0,7.0,0.0,0.0,8.0,7.0,1.0,3.0,3.0,4.0,0.0,0.06,0.6,0.0,0.0,0.0,0.0,8.018,7.0,6.36,2.0,0.128,0.0,0.0,0.789,0.717,0.717,6.425,0.334,0.675,1.147,0.02,3.003,2.821,0.334,0.384,0.384,6.0,2.0,4.0,12.0,1.0,0.0,0.0,2.0,0.0,1.0,4.0,5.0,7.0,0.0,0.0,6.0,6.0,0.0,2.0,7.0,1.0,0.0,0.224,0.11,0.0,0.0,1.0,0.0,14.326,8.0,9.157,2.0,0.145,0.0,0.0,0.478,0.549,0.547
848079784810288481068,Farabee-Pospisil-Sharangovich,2026020014,2026,CGY,SEA,HOME,20261001,line,5on5,13.0,17.0,0.0,0.0,0.0,0.0,0.0,0.0,0.0,0.0,0.0,0.0,0.0,0.0,0.0,0.0,0.0,0.0,0.0,0.0,0.0,0.0,0.0,0.0,0.0,0.0,0.0,0.0,0.0,0.0,0.0,0.0,0.0,0.0,0.0,0.0,0.0,0.0,0.0,0.0,0.0,0.0,0.0,0.0,0.0,0.0,0.0,0.0,0.0,0.0,0.0,0.0,0.0,0.0,0.0,0.0,0.0,0.0,0.0,0.0,0.0,0.0,0.0,0.0,0.0,0.0,0.0,0.0,0.0,0.0,0.0,0.0,0.0,0.0,0.0,0.0,0.0,0.0,0.0,0.0,0.0,1.0,0.0,0.0,0.0,0.0,0.0,0.0,0.0,0.0,0.0,0.0,0.0,0.0,0.0,0.0,0.0,0.0,0.0,0.0,0.0
84781368480727,Middleton-Whitecloud,2026020014,2026,CGY,SEA,HOME,20261001,pairing,5on5,49.0,10.0,1.0,1.0,1.0,0.663,0.043,0.076,0.205,0.004,0.341,0.332,0.043,0.038,0.038,1.0,0.0,0.0,1.0,0.0,0.0,0.0,0.0,0.0,1.0,0.0,1.0,1.0,1.0,2.0,0.0,0.0,0.0,1.0,1.0,0.0,0.0,0.043,0.0,0.0,0.0,0.0,0.0,0.85,1.0,0.878,0.0,0.015,0.0,0.0,0.057,0.051,0.051,0.0,0.0,0.0,0.0,0.0,0.0,0.0,0.0,0.0,0.0,0.0,0.0,0.0,0.0,0.0,0.0,0.0,0.0,0.0,0.0,0.0,0.0,0.0,0.0,0.0,1.0,0.0,0.0,0.0,0.0,0.0,0.0,0.0,0.0,0.0,0.0,0.0,0.0,0.0,0.0,0.0,0.0,0.0,0.0,0.0,0.0,0.0,0.0
84807278480860,Bahl-Whitecloud,2026020014,2026,CGY,SEA,HOME,20261001,pairing,5on5,53.0,9.0,0.0,0.0,0.0,0.0,0.0,0.0,0.0,0.0,0.0,0.0,0.0,0.0,0.0,0.0,0.0,0.0,0.0,0.0,0.0,0.0,0.0,0.0,0.0,0.0,0.0,0.0,0.0,0.0,0.0,1.0,0.0,1.0,0.0,0.0,0.0,0.0,0.0,0.0,0.0,0.0,0.0,0.0,0.0,0.0,1.0,0.0,0.0,0.0,0.0,0.0,0.0,0.0,0.0,0.0,0.0,0.0,0.0,0.0,0.0,0.0,0.0,0.0,0.0,0.0,0.0,0.0,0.0,0.0,0.0,0.0,0.0,0.0,0.0,0.0,0.0,0.0,0.0,1.0,0.0,0.0,0.0,0.0,0.0,0.0,0.0,0.0,0.0,0.0,0.0,0.0,0.0,0.0,0.0,0.0,0.0,0.0,0.0,0.0,0.0
84808608483495,Bahl-Nemec,2026020014,2026,CGY,SEA,HOME,20261001,pairing,5on5,858.0,1.0,0.4832,0.5,0.4,6.411,0.718,0.805,1.042,0.014,2.831,2.591,0.671,0.648,0.606,6.0,2.0,6.0,14.0,0.0,2.0,0.0,1.0,0.0,1.0,4.0,6.0,8.0,3.0,6.0,8.0,3.0,0.0,5.0,3.0,5.0,0.0,0.091,0.627,0.0,0.0,0.0,0.0,12.236,8.0,7.128,2.0,0.169,0.121,0.121,0.766,0.692,0.655,8.923,0.768,0.928,1.525,0.022,4.488,4.269,0.766,0.884,0.882,6.0,6.0,2.0,14.0,0.0,0.0,0.0,2.0,0.0,5.0,5.0,6.0,12.0,2.0,4.0,7.0,7.0,1.0,4.0,10.0,1.0,1.0,0.295,0.122,0.351,0.0,0.0,0.0,16.632,12.0,13.8,3.0,0.195,0.0,0.0,0.963,1.107,1.103
848079784810288484180,Honzek-Pospisil-Farabee,2026020014,2026,CGY,SEA,HOME,20261001,line,5on5,13.0,16.0,0.0,0.0,0.0,0.0,0.0,0.0,0.0,0.0,0.0,0.0,0.0,0.0,0.0,0.0,0.0,0.0,0.0,0.0,0.0,0.0,0.0,0.0,0.0,0.0,0.0,0.0,0.0,0.0,0.0,0.0,0.0,1.0,0.0,0.0,0.0,0.0,0.0,0.0,0.0,0.0,0.0,0.0,0.0,0.0,1.0,0.0,0.0,0.0,0.0,0.0,0.0,0.0,0.0,0.0,0.0,0.0,0.0,0.0,0.0,0.0,0.0,0.0,0.0,0.0,0.0,0.0,0.0,0.0,0.0,0.0,0.0,0.0,0.0,0.0,0.0,0.0,0.0,0.0,0.0,0.0,0.0,0.0,0.0,0.0,0.0,0.0,0.0,0.0,0.0,0.0,0.0,0.0,0.0,0.0,0.0,0.0,0.0,0.0,0.0
847645884807978481068,Farabee-Strome-Sharangovich,2026020014,2026,CGY,SEA,HOME,20261001,line,5on5,29.0,8.0,0.0,0.0,0.0,0.0,0.0,0.0,0.0,0.0,0.0,0.0,0.0,0.0,0.0,0.0,0.0,0.0,0.0,0.0,0.0,0.0,0.0,0.0,0.0,0.0,0.0,0.0,1.0,2.0,0.0,0.0,0.0,0.0,0.0,0.0,0.0,0.0,0.0,0.0,0.0,0.0,0.0,0.0,0.0,0.0,0.0,0.0,0.0,0.0,0.0,0.0,0.0,1.516,0.072,0.138,0.175,0.001,0.638,0.976,0.072,0.083,0.083,1.0,1.0,0.0,2.0,0.0,0.0,0.0,1.0,0.0,0.0,1.0,1.0,2.0,0.0,0.0,0.0,0.0,0.0,2.0,2.0,0.0,0.0,0.072,0.0,0.0,0.0,0.0,0.0,2.428,2.0,2.322,2.0,0.028,0.0,0.0,0.101,0.116,0.116
848002884826798483609,Klapka-Frost-Coronato,2026020014,2026,CGY,SEA,HOME,20261001,line,5on5,26.0,9.0,0.0,0.0,0.0,0.0,0.0,0.0,0.0,0.0,0.0,0.0,0.0,0.0,0.0,0.0,0.0,0.0,0.0,0.0,0.0,0.0,0.0,0.0,0.0,0.0,0.0,0.0,0.0,0.0,0.0,0.0,0.0,0.0,0.0,0.0,0.0,0.0,0.0,0.0,0.0,0.0,0.0,0.0,0.0,0.0,0.0,0.0,0.0,0.0,0.0,0.0,0.0,0.0,0.0,0.0,0.0,0.0,0.0,0.0,0.0,0.0,0.0,0.0,0.0,0.0,0.0,0.0,0.0,0.0,0.0,0.0,0.0,0.0,0.0,0.0,0.0,0.0,0.0,0.0,1.0,0.0,0.0,0.0,0.0,0.0,0.0,0.0,0.0,0.0,0.0,0.0,0.0,0.0,0.0,0.0,0.0,0.0,0.0,0.0,0.0
848102884836098484860,Gridin-Pospisil-Klapka,2026020014,2026,CGY,SEA,HOME,20261001,line,5on5,16.0,14.0,0.0,0.0,0.0,0.0,0.0,0.0,0.0,0.0,0.0,0.0,0.0,0.0,0.0,0.0,0.0,0.0,0.0,0.0,0.0,0.0,0.0,0.0,0.0,0.0,0.0,0.0,0.0,0.0,0.0,0.0,0.0,0.0,0.0,0.0,0.0,0.0,0.0,0.0,0.0,0.0,0.0,0.0,0.0,0.0,0.0,0.0,0.0,0.0,0.0,0.0,0.0,0.672,0.055,0.073,0.158,0.004,0.328,0.382,0.055,0.063,0.063,0.0,1.0,0.0,1.0,0.0,0.0,0.0,0.0,0.0,0.0,1.0,0.0,1.0,0.0,0.0,0.0,0.0,0.0,0.0,1.0,0.0,0.0,0.055,0.0,0.0,0.0,0.0,0.0,1.214,1.0,1.161,0.0,0.014,0.0,0.0,0.069,0.079,0.079
848002884826798484860,Gridin-Frost-Coronato,2026020014,2026,CGY,SEA,HOME,20261001,line,5on5,572.0,3.0,0.5029,0.5926,0.5263,7.817,0.613,0.933,1.283,0.018,3.809,3.344,0.589,0.545,0.524,6.0,4.0,6.0,16.0,0.0,2.0,0.0,1.0,1.0,3.0,3.0,6.0,10.0,2.0,4.0,12.0,0.0,0.0,3.0,6.0,4.0,0.0,0.095,0.518,0.0,0.0,0.0,0.0,13.664,10.0,8.792,1.0,0.195,0.121,0.121,0.686,0.611,0.598,6.188,0.606,0.595,1.117,0.017,3.125,3.541,0.604,0.679,0.677,7.0,2.0,2.0,11.0,1.0,0.0,0.0,2.0,0.0,4.0,2.0,6.0,8.0,1.0,2.0,4.0,3.0,0.0,1.0,4.0,5.0,0.0,0.086,0.52,0.0,0.0,1.0,0.0,12.626,9.0,10.057,0.0,0.121,0.0,0.0,0.726,0.815,0.813
847798784834938484185,Lardis-Nazar-Donato,2026020005,2026,CHI,VGK,AWAY,20260929,line,5on5,445.0,3.0,0.118,0.3077,0.3636,3.072,0.074,0.381,0.603,0.007,1.503,1.432,0.073,0.073,0.072,3.0,1.0,0.0,4.0,0.0,0.0,0.0,3.0,0.0,1.0,0.0,3.0,4.0,0.0,0.0,5.0,0.0,2.0,2.0,4.0,0.0,0.0,0.074,0.0,0.0,0.0,0.0,0.0,3.783,4.0,3.827,1.0,0.079,0.0,0.0,0.152,0.151,0.15,5.162,0.553,0.556,0.788,0.02,2.857,2.225,0.523,0.557,0.526,5.0,2.0,2.0,9.0,1.0,1.0,1.0,2.0,0.0,1.0,2.0,4.0,6.0,0.0,0.0,4.0,1.0,1.0,3.0,5.0,1.0,1.0,0.255,0.087,0.211,0.0,0.0,1.0,9.476,7.0,7.249,1.0,0.118,0.211,0.211,0.46,0.462,0.454
847798784834938484185,Lardis-Nazar-Donato,2026020013,2026,CHI,UTA,AWAY,20261001,line,5on5,50.0,11.0,0.7143,0.6667,0.5,0.615,0.015,0.064,0.115,0.001,0.429,0.375,0.015,0.015,0.015,0.0,1.0,1.0,2.0,0.0,0.0,0.0,0.0,0.0,1.0,0.0,0.0,1.0,0.0,0.0,0.0,1.0,0.0,0.0,1.0,0.0,0.0,0.015,0.0,0.0,0.0,0.0,0.0,1.79,1.0,0.954,0.0,0.012,0.0,0.0,0.027,0.026,0.026,0.747,0.006,0.048,0.201,0.001,0.319,0.426,0.006,0.006,0.006,0.0,1.0,0.0,1.0,0.0,0.0,0.0,1.0,0.0,0.0,0.0,0.0,1.0,0.0,0.0,0.0,1.0,0.0,0.0,1.0,0.0,0.0,0.006,0.0,0.0,0.0,0.0,0.0,0.97,1.0,0.971,0.0,0.009,0.0,0.0,0.016,0.015,0.015
84740138481524,Byram-Cole,2026020005,2026,CHI,VGK,AWAY,20260929,pairing,5on5,27.0,11.0,1.0,1.0,1.0,0.707,0.014,0.059,0.131,0.002,0.373,0.42,0.014,0.014,0.014,1.0,0.0,0.0,1.0,0.0,0.0,0.0,1.0,0.0,0.0,0.0,1.0,1.0,0.0,0.0,0.0,0.0,0.0,1.0,1.0,0.0,0.0,0.014,0.0,0.0,0.0,0.0,0.0,0.936,1.0,0.954,1.0,0.013,0.0,0.0,0.027,0.027,0.027,0.0,0.0,0.0,0.0,0.0,0.0,0.0,0.0,0.0,0.0,0.0,0.0,0.0,0.0,0.0,0.0,0.0,0.0,0.0,0.0,0.0,0.0,0.0,0.0,0.0,0.0,0.0,0.0,0.0,0.0,0.0,0.0,0.0,0.0,0.0,0.0,0.0,0.0,0.0,0.0,0.0,0.0,0.0,0.0,0.0,0.0,0.0,0.0
84740138481524,Byram-Cole,2026020013,2026,CHI,UTA,AWAY,20261001,pairing,5on5,25.0,11.0,1.0,1.0,1.0,0.847,0.144,0.082,0.087,0.002,0.297,0.387,0.144,0.139,0.139,0.0,1.0,0.0,1.0,0.0,0.0,0.0,0.0,0.0,0.0,1.0,0.0,1.0,0.0,0.0,0.0,0.0,0.0,0.0,0.0,1.0,0.0,0.0,0.144,0.0,0.0,0.0,0.0,0.895,1.0,0.954,0.0,0.017,0.0,0.0,0.161,0.155,0.155,0.0,0.0,0.0,0.0,0.0,0.0,0.0,0.0,0.0,0.0,0.0,0.0,0.0,0.0,0.0,0.0,0.0,0.0,0.0,0.0,0.0,0.0,0.0,0.0,0.0,0.0,0.0,0.0,0.0,0.0,0.0,0.0,0.0,0.0,0.0,0.0,0.0,0.0,0.0,0.0,0.0,0.0,0.0,0.0,0.0,0.0,0.0,0.0
847823384820628483493,Mangiapane-Nazar-Smith,2026020005,2026,CHI,VGK,AWAY,20260929,line,5on5,14.0,23.0,0.0,0.0,0.0,0.0,0.0,0.0,0.0,0.0,0.0,0.0,0.0,0.0,0.0,0.0,0.0,0.0,0.0,0.0,0.0,0.0,0.0,0.0,0.0,0.0,0.0,0.0,0.0,0.0,0.0,0.0,0.0,1.0,0.0,0.0,0.0,0.0,0.0,0.0,0.0,0.0,0.0,0.0,0.0,0.0,1.0,0.0,0.0,0.0,0.0,0.0,0.0,0.0,0.0,0.0,0.0,0.0,0.0,0.0,0.0,0.0,0.0,0.0,0.0,0.0,0.0,0.0,0.0,0.0,0.0,0.0,0.0,0.0,0.0,0.0,0.0,0.0,0.0,0.0,0.0,1.0,0.0,0.0,0.0,0.0,0.0,0.0,0.0,0.0,0.0,0.0,0.0,0.0,0.0,0.0,0.0,0.0,0.0,0.0,0.0
847414184820628485391,Kane-Frondell-Smith,2026020013,2026,CHI,UTA,AWAY,20261001,line,5on5,42.0,12.0,0.0,0.0,0.0,0.0,0.0,0.0,0.0,0.0,0.0,0.0,0.0,0.0,0.0,0.0,0.0,0.0,0.0,0.0,0.0,0.0,0.0,0.0,0.0,0.0,0.0,0.0,0.0,0.0,0.0,2.0,0.0,0.0,0.0,0.0,0.0,0.0,0.0,0.0,0.0,0.0,0.0,0.0,0.0,0.0,0.0,0.0,0.0,0.0,0.0,0.0,0.0,0.613,0.027,0.068,0.163,0.001,0.312,0.428,0.027,0.027,0.027,0.0,1.0,0.0,1.0,0.0,0.0,0.0,0.0,0.0,1.0,0.0,0.0,1.0,0.0,0.0,0.0,0.0,0.0,1.0,1.0,0.0,0.0,0.027,0.0,0.0,0.0,0.0,0.0,1.074,1.0,1.05,0.0,0.013,0.0,0.0,0.039,0.04,0.04
847798784784138484197,Greenway-Moore-Donato,2026020013,2026,CHI,UTA,AWAY,20261001,line,5on5,12.0,24.0,0.0,0.0,0.0,0.0,0.0,0.0,0.0,0.0,0.0,0.0,0.0,0.0,0.0,0.0,0.0,0.0,0.0,0.0,0.0,0.0,0.0,0.0,0.0,0.0,0.0,0.0,1.0,5.0,0.0,0.0,0.0,0.0,0.0,0.0,0.0,0.0,0.0,0.0,0.0,0.0,0.0,0.0,0.0,0.0,0.0,0.0,0.0,0.0,0.0,0.0,0.0,0.0,0.0,0.0,0.0,0.0,0.0,0.0,0.0,0.0,0.0,0.0,0.0,0.0,0.0,0.0,0.0,0.0,0.0,0.0,0.0,0.0,0.0,0.0,1.0,5.0,0.0,1.0,0.0,0.0,0.0,0.0,0.0,0.0,0.0,0.0,0.0,0.0,0.0,0.0,0.0,0.0,0.0,0.0,0.0,0.0,0.0,0.0,0.0
847747984784138483450,Greenway-Greene-Bertuzzi,2026020005,2026,CHI,VGK,AWAY,20260929,line,5on5,27.0,18.0,1.0,1.0,1.0,0.642,0.015,0.058,0.158,0.001,0.301,0.466,0.015,0.015,0.015,0.0,1.0,1.0,2.0,0.0,0.0,0.0,0.0,0.0,1.0,0.0,0.0,1.0,0.0,0.0,0.0,1.0,0.0,0.0,1.0,0.0,0.0,0.015,0.0,0.0,0.0,0.0,0.0,1.872,1.0,0.954,0.0,0.011,0.0,0.0,0.026,0.026,0.026,0.0,0.0,0.0,0.0,0.0,0.0,0.0,0.0,0.0,0.0,0.0,0.0,0.0,0.0,0.0,0.0,0.0,0.0,0.0,0.0,0.0,0.0,0.0,0.0,0.0,0.0,0.0,0.0,0.0,0.0,0.0,0.0,0.0,0.0,0.0,0.0,0.0,0.0,0.0,0.0,0.0,0.0,0.0,0.0,0.0,0.0,0.0,0.0
847747984784138483450,Greenway-Greene-Bertuzzi,2026020013,2026,CHI,UTA,AWAY,20261001,line,5on5,23.0,15.0,0.0,0.0,0.0,0.0,0.0,0.0,0.0,0.0,0.0,0.0,0.0,0.0,0.0,0.0,0.0,0.0,0.0,0.0,0.0,0.0,0.0,0.0,0.0,0.0,0.0,0.0,1.0,2.0,0.0,0.0,0.0,0.0,0.0,0.0,0.0,0.0,0.0,0.0,0.0,0.0,0.0,0.0,0.0,0.0,0.0,0.0,0.0,0.0,0.0,0.0,0.0,0.0,0.0,0.0,0.0,0.0,0.0,0.0,0.0,0.0,0.0,0.0,0.0,0.0,0.0,0.0,0.0,0.0,0.0,0.0,0.0,0.0,0.0,0.0,0.0,0.0,0.0,0.0,0.0,0.0,0.0,0.0,0.0,0.0,0.0,0.0,0.0,0.0,0.0,0.0,0.0,0.0,0.0,0.0,0.0,0.0,0.0,0.0,0.0
847414184841978484390,Moore-Kantserov-Kane,2026020005,2026,CHI,VGK,AWAY,20260929,line,5on5,543.0,2.0,0.1478,0.4211,0.3571,3.57,0.09,0.209,0.477,0.005,1.619,2.6,0.09,0.09,0.09,4.0,1.0,3.0,8.0,0.0,0.0,0.0,1.0,0.0,3.0,1.0,4.0,5.0,0.0,0.0,3.0,2.0,1.0,1.0,5.0,0.0,0.0,0.09,0.0,0.0,0.0,0.0,0.0,7.719,5.0,4.782,1.0,0.042,0.0,0.0,0.131,0.131,0.131,6.271,0.519,0.612,1.259,0.019,3.0,3.591,0.518,0.512,0.511,6.0,3.0,2.0,11.0,0.0,1.0,0.0,2.0,0.0,2.0,4.0,6.0,9.0,0.0,0.0,7.0,7.0,1.0,2.0,7.0,2.0,0.0,0.293,0.225,0.0,0.0,0.0,0.0,11.454,9.0,9.204,2.0,0.124,0.008,0.008,0.635,0.627,0.625
847414184774798484390,Bertuzzi-Kantserov-Kane,2026020005,2026,CHI,VGK,AWAY,20260929,line,5on5,155.0,6.0,0.0,0.0,0.0,0.0,0.0,0.0,0.0,0.0,0.0,0.0,0.0,0.0,0.0,0.0,0.0,0.0,0.0,0.0,0.0,0.0,0.0,0.0,0.0,0.0,0.0,0.0,0.0,0.0,2.0,3.0,0.0,0.0,0.0,0.0,0.0,0.0,0.0,0.0,0.0,0.0,0.0,0.0,0.0,0.0,0.0,0.0,0.0,0.0,0.0,0.0,0.0,0.0,0.0,0.0,0.0,0.0,0.0,0.0,0.0,0.0,0.0,0.0,0.0,0.0,0.0,0.0,0.0,0.0,0.0,0.0,0.0,0.0,0.0,0.0,0.0,0.0,1.0,1.0,1.0,2.0,0.0,0.0,0.0,0.0,0.0,0.0,0.0,0.0,0.0,0.0,0.0,0.0,2.0,0.0,0.0,0.0,0.0,0.0,0.0
84815688483506,Vlasic-Rinzel,2026020005,2026,CHI,VGK,AWAY,20260929,pairing,5on5,35.0,9.0,0.0,0.0,0.0,0.0,0.0,0.0,0.0,0.0,0.0,0.0,0.0,0.0,0.0,0.0,0.0,0.0,0.0,0.0,0.0,0.0,0.0,0.0,0.0,0.0,0.0,0.0,0.0,0.0,0.0,0.0,0.0,0.0,0.0,0.0,0.0,0.0,0.0,0.0,0.0,0.0,0.0,0.0,0.0,0.0,0.0,0.0,0.0,0.0,0.0,0.0,0.0,0.603,0.005,0.078,0.094,0.002,0.352,0.468,0.005,0.005,0.005,1.0,0.0,0.0,1.0,0.0,0.0,0.0,0.0,0.0,1.0,0.0,1.0,1.0,0.0,0.0,0.0,0.0,0.0,0.0,1.0,0.0,0.0,0.005,0.0,0.0,0.0,0.0,0.0,1.132,1.0,1.05,0.0,0.016,0.0,0.0,0.02,0.021,0.021
847798784834508483493,Donato-Greene-Nazar,2026020005,2026,CHI,VGK,AWAY,20260929,line,5on5,20.0,21.0,1.0,1.0,1.0,0.74,0.03,0.055,0.175,0.003,0.324,0.413,0.03,0.03,0.03,0.0,1.0,0.0,1.0,0.0,0.0,0.0,0.0,0.0,0.0,1.0,0.0,1.0,0.0,0.0,0.0,0.0,0.0,0.0,1.0,0.0,0.0,0.03,0.0,0.0,0.0,0.0,0.0,0.936,1.0,0.954,0.0,0.011,0.0,0.0,0.041,0.041,0.041,0.0,0.0,0.0,0.0,0.0,0.0,0.0,0.0,0.0,0.0,0.0,0.0,0.0,0.0,0.0,0.0,0.0,0.0,0.0,0.0,0.0,0.0,0.0,0.0,0.0,0.0,0.0,0.0,0.0,0.0,0.0,0.0,0.0,0.0,0.0,0.0,0.0,0.0,0.0,0.0,0.0,0.0,0.0,0.0,0.0,0.0,0.0,0.0
847747984782338485391,Mangiapane-Frondell-Bertuzzi,2026020005,2026,CHI,VGK,AWAY,20260929,line,5on5,220.0,4.0,0.3134,0.2857,0.1667,0.762,0.089,0.076,0.122,0.001,0.354,0.358,0.089,0.088,0.088,1.0,0.0,1.0,2.0,0.0,0.0,0.0,0.0,0.0,0.0,1.0,1.0,1.0,1.0,2.0,2.0,2.0,0.0,3.0,0.0,1.0,0.0,0.0,0.089,0.0,0.0,0.0,0.0,1.911,1.0,0.954,1.0,0.017,0.0,0.0,0.106,0.105,0.105,3.611,0.195,0.323,0.792,0.01,1.937,1.744,0.191,0.191,0.187,3.0,2.0,0.0,5.0,0.0,0.0,0.0,2.0,0.0,2.0,1.0,3.0,5.0,0.0,0.0,0.0,2.0,0.0,1.0,5.0,0.0,0.0,0.195,0.0,0.0,0.0,0.0,0.0,5.066,5.0,5.07,0.0,0.064,0.0,0.0,0.26,0.255,0.249
848206284834508484185,Lardis-Greene-Smith,2026020013,2026,CHI,UTA,AWAY,20261001,line,5on5,19.0,19.0,0.0,0.0,0.0,0.0,0.0,0.0,0.0,0.0,0.0,0.0,0.0,0.0,0.0,0.0,0.0,0.0,0.0,0.0,0.0,0.0,0.0,0.0,0.0,0.0,0.0,0.0,0.0,0.0,0.0,0.0,0.0,0.0,0.0,0.0,0.0,0.0,0.0,0.0,0.0,0.0,0.0,0.0,0.0,0.0,0.0,0.0,0.0,0.0,0.0,0.0,0.0,0.0,0.0,0.0,0.0,0.0,0.0,0.0,0.0,0.0,0.0,0.0,0.0,0.0,0.0,0.0,0.0,0.0,0.0,0.0,0.0,0.0,0.0,0.0,0.0,0.0,0.0,0.0,1.0,0.0,0.0,0.0,0.0,0.0,0.0,0.0,0.0,0.0,0.0,0.0,0.0,0.0,0.0,0.0,0.0,0.0,0.0,0.0,0.0
847414184820628483450,Kane-Greene-Smith,2026020005,2026,CHI,VGK,AWAY,20260929,line,5on5,34.0,15.0,0.0,0.0,0.0,0.0,0.0,0.0,0.0,0.0,0.0,0.0,0.0,0.0,0.0,0.0,0.0,0.0,0.0,0.0,0.0,0.0,0.0,0.0,0.0,0.0,0.0,0.0,0.0,0.0,0.0,0.0,0.0,0.0,0.0,0.0,0.0,0.0,0.0,0.0,0.0,0.0,0.0,0.0,0.0,0.0,0.0,0.0,0.0,0.0,0.0,0.0,0.0,0.754,0.105,0.078,0.085,0.001,0.373,0.358,0.105,0.106,0.106,1.0,0.0,1.0,2.0,0.0,0.0,0.0,0.0,0.0,0.0,1.0,1.0,1.0,0.0,0.0,0.0,0.0,0.0,0.0,0.0,1.0,0.0,0.0,0.105,0.0,0.0,0.0,0.0,2.148,1.0,1.05,0.0,0.016,0.0,0.0,0.121,0.122,0.122
847414184841978485391,Moore-Frondell-Kane,2026020005,2026,CHI,VGK,AWAY,20260929,line,5on5,15.0,22.0,0.0,0.0,0.0,0.0,0.0,0.0,0.0,0.0,0.0,0.0,0.0,0.0,0.0,0.0,0.0,0.0,0.0,0.0,0.0,0.0,0.0,0.0,0.0,0.0,0.0,0.0,0.0,0.0,0.0,0.0,0.0,0.0,0.0,0.0,0.0,0.0,0.0,0.0,0.0,0.0,0.0,0.0,0.0,0.0,0.0,0.0,0.0,0.0,0.0,0.0,0.0,0.707,0.012,0.066,0.178,0.001,0.362,0.381,0.012,0.012,0.012,1.0,0.0,0.0,1.0,0.0,0.0,0.0,0.0,0.0,1.0,0.0,1.0,1.0,0.0,0.0,0.0,0.0,0.0,0.0,1.0,0.0,0.0,0.012,0.0,0.0,0.0,0.0,0.0,0.97,1.0,0.971,0.0,0.013,0.0,0.0,0.025,0.024,0.024
847747984843908485391,Bertuzzi-Kantserov-Frondell,2026020005,2026,CHI,VGK,AWAY,20260929,line,5on5,52.0,12.0,0.0,0.0,0.0,0.0,0.0,0.0,0.0,0.0,0.0,0.0,0.0,0.0,0.0,0.0,0.0,0.0,0.0,0.0,0.0,0.0,0.0,0.0,0.0,0.0,0.0,0.0,0.0,0.0,0.0,1.0,0.0,0.0,0.0,0.0,0.0,0.0,0.0,0.0,0.0,0.0,0.0,0.0,0.0,0.0,0.0,0.0,0.0,0.0,0.0,0.0,0.0,0.0,0.0,0.0,0.0,0.0,0.0,0.0,0.0,0.0,0.0,0.0,0.0,0.0,0.0,0.0,0.0,0.0,0.0,0.0,0.0,0.0,0.0,0.0,0.0,0.0,0.0,0.0,0.0,2.0,0.0,0.0,0.0,0.0,0.0,0.0,0.0,0.0,0.0,0.0,0.0,0.0,2.0,0.0,0.0,0.0,0.0,0.0,0.0
84835068484783,Levshunov-Rinzel,2026020013,2026,CHI,UTA,AWAY,20261001,pairing,5on5,18.0,12.0,0.0,0.0,0.0,0.0,0.0,0.0,0.0,0.0,0.0,0.0,0.0,0.0,0.0,0.0,0.0,0.0,0.0,0.0,0.0,0.0,0.0,0.0,0.0,0.0,0.0,0.0,0.0,0.0,0.0,0.0,0.0,0.0,0.0,0.0,0.0,0.0,0.0,0.0,0.0,0.0,0.0,0.0,0.0,0.0,0.0,0.0,0.0,0.0,0.0,0.0,0.0,0.0,0.0,0.0,0.0,0.0,0.0,0.0,0.0,0.0,0.0,0.0,0.0,0.0,0.0,0.0,0.0,0.0,0.0,0.0,0.0,0.0,0.0,0.0,0.0,0.0,0.0,1.0,0.0,0.0,0.0,0.0,0.0,0.0,0.0,0.0,0.0,0.0,0.0,0.0,0.0,0.0,0.0,0.0,0.0,0.0,0.0,0.0,0.0
847798784834938485391,Donato-Nazar-Frondell,2026020005,2026,CHI,VGK,AWAY,20260929,line,5on5,46.0,13.0,1.0,0.5,1.0,0.664,0.007,0.058,0.169,0.001,0.399,0.366,0.007,0.007,0.007,1.0,0.0,0.0,1.0,0.0,0.0,0.0,0.0,0.0,0.0,1.0,1.0,1.0,0.0,0.0,0.0,0.0,0.0,0.0,1.0,0.0,0.0,0.007,0.0,0.0,0.0,0.0,0.0,0.936,1.0,0.954,0.0,0.012,0.0,0.0,0.019,0.019,0.019,0.0,0.0,0.0,0.0,0.0,0.0,0.0,0.0,0.0,0.0,0.0,0.0,1.0,1.0,0.0,0.0,0.0,0.0,0.0,0.0,0.0,0.0,0.0,0.0,0.0,0.0,1.0,0.0,0.0,0.0,0.0,0.0,0.0,0.0,0.0,0.0,0.0,0.0,1.074,0.0,0.0,0.0,0.0,0.0,0.0,0.0,0.0,0.0
84815248484783,Byram-Levshunov,2026020005,2026,CHI,VGK,AWAY,20260929,pairing,5on5,30.0,10.0,0.0,1.0,0.0,0.0,0.0,0.0,0.0,0.0,0.0,0.0,0.0,0.0,0.0,0.0,0.0,1.0,1.0,0.0,0.0,0.0,0.0,0.0,0.0,0.0,0.0,0.0,0.0,0.0,0.0,0.0,0.0,0.0,0.0,0.0,0.0,0.0,0.0,0.0,0.0,0.0,0.0,1.032,0.0,0.0,0.0,0.0,0.0,0.0,0.0,0.0,0.0,0.0,0.0,0.0,0.0,0.0,0.0,0.0,0.0,0.0,0.0,0.0,0.0,0.0,0.0,0.0,0.0,0.0,0.0,0.0,0.0,0.0,0.0,0.0,0.0,0.0,1.0,0.0,0.0,0.0,0.0,0.0,0.0,0.0,0.0,0.0,0.0,0.0,0.0,0.0,0.0,0.0,0.0,0.0,0.0,0.0,0.0,0.0,0.0
84815248484783,Byram-Levshunov,2026020013,2026,CHI,UTA,AWAY,20261001,pairing,5on5,401.0,4.0,0.8025,0.5,0.5556,3.684,0.321,0.305,0.704,0.008,1.705,1.957,0.319,0.319,0.317,0.0,5.0,0.0,5.0,0.0,1.0,0.0,0.0,0.0,3.0,1.0,0.0,5.0,1.0,2.0,2.0,1.0,0.0,0.0,2.0,3.0,0.0,0.026,0.295,0.0,0.0,0.0,0.0,4.749,5.0,4.924,0.0,0.063,0.048,0.0,0.384,0.382,0.38,2.955,0.079,0.229,0.73,0.003,1.519,1.44,0.078,0.082,0.08,1.0,3.0,1.0,5.0,0.0,1.0,0.0,0.0,0.0,2.0,1.0,1.0,4.0,1.0,2.0,6.0,4.0,2.0,1.0,4.0,0.0,0.0,0.079,0.0,0.0,0.0,0.0,0.0,5.498,4.0,4.201,0.0,0.044,0.005,0.005,0.118,0.122,0.121
847798784834938484197,Donato-Nazar-Moore,2026020013,2026,CHI,UTA,AWAY,20261001,line,5on5,117.0,8.0,0.464,0.5,0.3333,0.78,0.129,0.06,0.106,0.005,0.279,0.421,0.129,0.135,0.135,1.0,0.0,1.0,2.0,0.0,0.0,0.0,0.0,0.0,1.0,0.0,1.0,1.0,0.0,0.0,0.0,1.0,0.0,2.0,0.0,1.0,0.0,0.0,0.129,0.0,0.0,0.0,0.0,2.064,1.0,1.03,1.0,0.013,0.0,0.0,0.142,0.149,0.149,1.358,0.149,0.135,0.251,0.006,0.695,0.764,0.149,0.142,0.142,1.0,1.0,0.0,2.0,0.0,0.0,0.0,0.0,0.0,0.0,2.0,1.0,2.0,0.0,0.0,1.0,2.0,0.0,3.0,2.0,0.0,0.0,0.149,0.0,0.0,0.0,0.0,0.0,1.94,2.0,1.942,2.0,0.027,0.0,0.0,0.176,0.168,0.168
847798784834508484197,Donato-Greene-Moore,2026020013,2026,CHI,UTA,AWAY,20261001,line,5on5,113.0,9.0,0.0,0.0,0.0,0.0,0.0,0.0,0.0,0.0,0.0,0.0,0.0,0.0,0.0,0.0,0.0,0.0,0.0,0.0,0.0,0.0,0.0,0.0,0.0,0.0,0.0,0.0,0.0,0.0,0.0,0.0,0.0,3.0,0.0,0.0,0.0,0.0,0.0,0.0,0.0,0.0,0.0,0.0,0.0,0.0,3.0,0.0,0.0,0.0,0.0,0.0,0.0,3.752,0.421,0.423,0.544,0.008,1.893,1.712,0.343,0.426,0.347,3.0,2.0,2.0,7.0,0.0,2.0,0.0,1.0,0.0,1.0,1.0,3.0,5.0,0.0,0.0,2.0,1.0,0.0,0.0,3.0,1.0,1.0,0.118,0.085,0.217,0.0,0.0,0.0,7.518,5.0,5.252,0.0,0.09,0.092,0.092,0.418,0.423,0.357
847688284834938484390,Teravainen-Nazar-Kantserov,2026020013,2026,CHI,UTA,AWAY,20261001,line,5on5,275.0,3.0,0.5704,0.7143,0.5,1.39,0.162,0.13,0.266,0.003,0.728,0.71,0.162,0.158,0.158,0.0,2.0,3.0,5.0,0.0,0.0,0.0,0.0,0.0,2.0,0.0,0.0,2.0,0.0,0.0,4.0,0.0,0.0,0.0,1.0,1.0,0.0,0.037,0.125,0.0,0.0,0.0,0.0,4.694,2.0,1.909,0.0,0.026,0.0,0.0,0.188,0.183,0.183,1.599,0.122,0.188,0.269,0.004,0.724,0.693,0.067,0.126,0.069,2.0,0.0,0.0,2.0,1.0,0.0,0.0,0.0,0.0,1.0,0.0,1.0,1.0,0.0,0.0,3.0,3.0,0.0,5.0,1.0,1.0,0.0,0.02,0.102,0.0,0.0,1.0,0.0,2.264,2.0,2.101,4.0,0.043,0.0,0.0,0.164,0.17,0.093
847414184774798485391,Bertuzzi-Frondell-Kane,2026020005,2026,CHI,VGK,AWAY,20260929,line,5on5,164.0,5.0,0.1963,0.5,0.3333,0.829,0.075,0.142,0.076,0.003,0.381,0.323,0.075,0.075,0.075,1.0,0.0,1.0,2.0,1.0,0.0,0.0,0.0,0.0,0.0,0.0,0.0,0.0,0.0,0.0,1.0,1.0,0.0,0.0,1.0,0.0,0.0,0.075,0.0,0.0,1.0,0.0,0.0,1.911,1.0,0.964,0.0,0.029,0.0,0.0,0.103,0.103,0.103,1.443,0.307,0.188,0.185,0.002,0.503,0.815,0.307,0.312,0.312,2.0,0.0,0.0,2.0,1.0,0.0,0.0,0.0,0.0,0.0,1.0,1.0,1.0,0.0,0.0,1.0,3.0,0.0,1.0,0.0,2.0,0.0,0.0,0.307,0.0,0.0,1.0,0.0,2.148,2.0,2.101,1.0,0.04,0.0,0.0,0.347,0.352,0.352
847414184774798485391,Bertuzzi-Frondell-Kane,2026020013,2026,CHI,UTA,AWAY,20261001,line,5on5,462.0,2.0,0.149,0.2174,0.2222,3.065,0.148,0.197,0.411,0.007,1.69,1.547,0.147,0.155,0.154,2.0,2.0,1.0,5.0,0.0,0.0,0.0,0.0,0.0,2.0,2.0,2.0,4.0,1.0,2.0,1.0,1.0,1.0,1.0,3.0,1.0,0.0,0.061,0.087,0.0,0.0,0.0,0.0,4.966,4.0,4.056,1.0,0.042,0.0,0.0,0.19,0.199,0.197,10.199,0.845,1.103,1.933,0.027,5.2,4.892,0.817,0.84,0.813,7.0,7.0,4.0,18.0,1.0,1.0,1.0,3.0,0.0,3.0,6.0,6.0,13.0,0.0,0.0,7.0,5.0,1.0,2.0,11.0,2.0,1.0,0.387,0.234,0.223,0.0,1.0,0.0,18.72,14.0,14.309,0.0,0.222,0.088,0.088,0.979,0.97,0.942
84740138481568,Cole-Vlasic,2026020005,2026,CHI,VGK,AWAY,20260929,pairing,5on5,37.0,8.0,0.0,1.0,0.0,0.0,0.0,0.0,0.0,0.0,0.0,0.0,0.0,0.0,0.0,0.0,0.0,1.0,1.0,0.0,0.0,0.0,0.0,0.0,0.0,0.0,0.0,0.0,0.0,0.0,0.0,0.0,0.0,1.0,0.0,0.0,0.0,0.0,0.0,0.0,0.0,0.0,0.0,0.936,0.0,0.0,1.0,0.0,0.0,0.0,0.0,0.0,0.0,0.0,0.0,0.0,0.0,0.0,0.0,0.0,0.0,0.0,0.0,0.0,0.0,0.0,0.0,0.0,0.0,0.0,0.0,0.0,0.0,0.0,0.0,0.0,0.0,0.0,0.0,1.0,0.0,2.0,0.0,0.0,0.0,0.0,0.0,0.0,0.0,0.0,0.0,0.0,0.0,0.0,1.0,0.0,0.0,0.0,0.0,0.0,0.0
84740138481568,Cole-Vlasic,2026020013,2026,CHI,UTA,AWAY,20261001,pairing,5on5,168.0,6.0,1.0,1.0,1.0,0.631,0.019,0.06,0.168,0.001,0.415,0.338,0.019,0.018,0.018,1.0,0.0,0.0,1.0,0.0,0.0,0.0,0.0,0.0,1.0,0.0,1.0,1.0,0.0,0.0,0.0,1.0,0.0,1.0,1.0,0.0,0.0,0.019,0.0,0.0,0.0,0.0,0.0,0.895,1.0,0.954,0.0,0.012,0.0,0.0,0.03,0.029,0.029,0.0,0.0,0.0,0.0,0.0,0.0,0.0,0.0,0.0,0.0,0.0,0.0,0.0,0.0,0.0,0.0,0.0,0.0,0.0,0.0,0.0,0.0,0.0,1.0,2.0,2.0,2.0,2.0,1.0,0.0,0.0,0.0,0.0,0.0,0.0,0.0,0.0,0.0,0.0,0.0,0.0,0.0,0.0,0.0,0.0,0.0,0.0,0.0
847414184843908485391,Kane-Frondell-Kantserov,2026020013,2026,CHI,UTA,AWAY,20261001,line,5on5,15.0,21.0,1.0,1.0,1.0,0.847,0.144,0.082,0.087,0.002,0.297,0.387,0.144,0.139,0.139,0.0,1.0,0.0,1.0,0.0,0.0,0.0,0.0,0.0,0.0,1.0,0.0,1.0,0.0,0.0,0.0,0.0,0.0,0.0,0.0,1.0,0.0,0.0,0.144,0.0,0.0,0.0,0.0,0.895,1.0,0.954,0.0,0.017,0.0,0.0,0.161,0.155,0.155,0.0,0.0,0.0,0.0,0.0,0.0,0.0,0.0,0.0,0.0,0.0,0.0,0.0,0.0,0.0,0.0,0.0,0.0,0.0,0.0,0.0,0.0,0.0,0.0,0.0,0.0,0.0,0.0,0.0,0.0,0.0,0.0,0.0,0.0,0.0,0.0,0.0,0.0,0.0,0.0,0.0,0.0,0.0,0.0,0.0,0.0,0.0,0.0
847688284841858484390,Lardis-Kantserov-Teravainen,2026020013,2026,CHI,UTA,AWAY,20261001,line,5on5,134.0,7.0,0.0,0.0,0.0,0.0,0.0,0.0,0.0,0.0,0.0,0.0,0.0,0.0,0.0,0.0,0.0,0.0,0.0,0.0,0.0,0.0,0.0,0.0,0.0,0.0,0.0,0.0,0.0,0.0,2.0,0.0,0.0,1.0,0.0,0.0,0.0,0.0,0.0,0.0,0.0,0.0,0.0,0.0,0.0,0.0,1.0,0.0,0.0,0.0,0.0,0.0,0.0,3.375,0.458,0.391,0.536,0.009,1.296,1.31,0.399,0.437,0.381,3.0,1.0,0.0,4.0,0.0,0.0,0.0,2.0,0.0,2.0,0.0,3.0,4.0,0.0,0.0,1.0,0.0,0.0,0.0,1.0,3.0,0.0,0.021,0.436,0.0,0.0,0.0,0.0,3.88,4.0,3.885,0.0,0.085,0.0,0.0,0.542,0.518,0.451
847798784841858485391,Lardis-Frondell-Donato,2026020005,2026,CHI,VGK,AWAY,20260929,line,5on5,72.0,8.0,0.0,0.0,0.0,0.0,0.0,0.0,0.0,0.0,0.0,0.0,0.0,0.0,0.0,0.0,0.0,0.0,0.0,0.0,0.0,0.0,0.0,0.0,0.0,0.0,0.0,0.0,0.0,0.0,0.0,0.0,0.0,0.0,0.0,0.0,0.0,0.0,0.0,0.0,0.0,0.0,0.0,0.0,0.0,0.0,0.0,0.0,0.0,0.0,0.0,0.0,0.0,2.116,0.375,0.221,0.472,0.004,1.059,0.869,0.368,0.38,0.373,2.0,1.0,3.0,6.0,1.0,0.0,0.0,0.0,0.0,1.0,1.0,1.0,2.0,0.0,0.0,0.0,0.0,0.0,0.0,2.0,0.0,1.0,0.035,0.0,0.34,0.0,0.0,1.0,6.204,3.0,3.127,0.0,0.043,0.0,0.0,0.418,0.423,0.416
847798784841858485391,Lardis-Frondell-Donato,2026020013,2026,CHI,UTA,AWAY,20261001,line,5on5,22.0,16.0,0.0,0.0,0.0,0.0,0.0,0.0,0.0,0.0,0.0,0.0,0.0,0.0,0.0,0.0,0.0,0.0,0.0,0.0,0.0,0.0,0.0,0.0,0.0,0.0,0.0,0.0,0.0,0.0,0.0,0.0,0.0,0.0,0.0,0.0,0.0,0.0,0.0,0.0,0.0,0.0,0.0,0.0,0.0,0.0,0.0,0.0,0.0,0.0,0.0,0.0,0.0,0.0,0.0,0.0,0.0,0.0,0.0,0.0,0.0,0.0,0.0,0.0,0.0,0.0,0.0,0.0,0.0,0.0,0.0,0.0,0.0,0.0,0.0,0.0,0.0,0.0,0.0,0.0,0.0,1.0,0.0,0.0,0.0,0.0,0.0,0.0,0.0,0.0,0.0,0.0,0.0,0.0,0.0,0.0,0.0,0.0,0.0,0.0,0.0
848206284834938484185,Lardis-Nazar-Smith,2026020005,2026,CHI,VGK,AWAY,20260929,line,5on5,34.0,16.0,0.0,0.0,0.0,0.0,0.0,0.0,0.0,0.0,0.0,0.0,0.0,0.0,0.0,0.0,0.0,0.0,0.0,0.0,0.0,0.0,0.0,0.0,0.0,0.0,0.0,0.0,0.0,0.0,0.0,0.0,0.0,0.0,0.0,0.0,0.0,0.0,0.0,0.0,0.0,0.0,0.0,0.0,0.0,0.0,0.0,0.0,0.0,0.0,0.0,0.0,0.0,0.0,0.0,0.0,0.0,0.0,0.0,0.0,0.0,0.0,0.0,0.0,0.0,0.0,0.0,0.0,0.0,0.0,0.0,0.0,0.0,0.0,0.0,0.0,0.0,0.0,1.0,1.0,0.0,0.0,0.0,0.0,0.0,0.0,0.0,0.0,0.0,0.0,0.0,0.0,0.0,0.0,0.0,0.0,0.0,0.0,0.0,0.0,0.0
84740138482176,Cole-Kaiser,2026020005,2026,CHI,VGK,AWAY,20260929,pairing,5on5,26.0,12.0,1.0,1.0,1.0,0.714,0.061,0.075,0.126,0.001,0.358,0.377,0.061,0.061,0.061,1.0,0.0,0.0,1.0,1.0,0.0,0.0,0.0,0.0,0.0,0.0,0.0,0.0,0.0,0.0,0.0,0.0,0.0,0.0,1.0,0.0,0.0,0.061,0.0,0.0,1.0,0.0,0.0,0.975,1.0,0.964,0.0,0.015,0.0,0.0,0.076,0.076,0.076,0.0,0.0,0.0,0.0,0.0,0.0,0.0,0.0,0.0,0.0,0.0,0.0,0.0,0.0,0.0,0.0,0.0,0.0,0.0,0.0,0.0,0.0,0.0,0.0,0.0,0.0,0.0,0.0,0.0,0.0,0.0,0.0,0.0,0.0,0.0,0.0,0.0,0.0,0.0,0.0,0.0,0.0,0.0,0.0,0.0,0.0,0.0,0.0
84821768484783,Levshunov-Kaiser,2026020005,2026,CHI,VGK,AWAY,20260929,pairing,5on5,909.0,1.0,0.4675,0.4103,0.4194,9.445,0.626,0.877,1.95,0.018,4.844,4.685,0.602,0.621,0.598,9.0,4.0,3.0,16.0,0.0,1.0,0.0,3.0,0.0,4.0,5.0,9.0,13.0,1.0,2.0,10.0,2.0,2.0,6.0,10.0,2.0,1.0,0.204,0.187,0.235,0.0,0.0,0.0,15.301,13.0,12.568,4.0,0.181,0.235,0.235,0.572,0.57,0.565,13.491,0.713,1.607,2.864,0.034,6.897,5.885,0.685,0.72,0.691,14.0,4.0,5.0,23.0,0.0,2.0,0.0,5.0,0.0,8.0,3.0,14.0,18.0,0.0,0.0,9.0,5.0,1.0,6.0,17.0,1.0,0.0,0.578,0.135,0.0,0.0,0.0,0.0,24.676,18.0,18.803,2.0,0.352,0.184,0.184,0.882,0.89,0.868
84821768484783,Levshunov-Kaiser,2026020013,2026,CHI,UTA,AWAY,20261001,pairing,5on5,677.0,1.0,0.1179,0.3889,0.3333,3.106,0.1,0.268,0.66,0.004,1.555,1.413,0.098,0.097,0.095,3.0,1.0,3.0,7.0,0.0,1.0,0.0,0.0,0.0,1.0,2.0,3.0,4.0,0.0,0.0,3.0,4.0,1.0,3.0,4.0,0.0,0.0,0.1,0.0,0.0,0.0,0.0,0.0,6.539,4.0,3.893,3.0,0.059,0.029,0.029,0.13,0.127,0.124,6.199,0.748,0.639,1.208,0.016,2.577,2.812,0.693,0.75,0.693,6.0,2.0,3.0,11.0,1.0,0.0,0.0,3.0,0.0,2.0,2.0,5.0,7.0,0.0,0.0,6.0,12.0,1.0,5.0,4.0,3.0,1.0,0.121,0.403,0.223,0.0,1.0,0.0,11.884,8.0,8.323,1.0,0.134,0.0,0.0,0.882,0.886,0.809
847798784834508484185,Lardis-Greene-Donato,2026020013,2026,CHI,UTA,AWAY,20261001,line,5on5,11.0,26.0,0.0,0.0,0.0,0.0,0.0,0.0,0.0,0.0,0.0,0.0,0.0,0.0,0.0,0.0,0.0,0.0,0.0,0.0,0.0,0.0,0.0,0.0,0.0,0.0,0.0,0.0,0.0,0.0,0.0,0.0,0.0,0.0,0.0,0.0,0.0,0.0,0.0,0.0,0.0,0.0,0.0,0.0,0.0,0.0,0.0,0.0,0.0,0.0,0.0,0.0,0.0,0.0,0.0,0.0,0.0,0.0,0.0,0.0,0.0,0.0,0.0,0.0,0.0,1.0,1.0,0.0,0.0,0.0,0.0,0.0,0.0,0.0,0.0,0.0,0.0,0.0,0.0,1.0,0.0,0.0,0.0,0.0,0.0,0.0,0.0,0.0,0.0,0.0,0.0,1.074,0.0,0.0,0.0,0.0,0.0,0.0,0.0,0.0,0.0
847798784841978485391,Moore-Frondell-Donato,2026020005,2026,CHI,VGK,AWAY,20260929,line,5on5,63.0,9.0,0.819,0.4,0.5,1.721,0.095,0.277,0.193,0.001,0.61,0.823,0.094,0.094,0.093,1.0,1.0,0.0,2.0,0.0,1.0,0.0,0.0,0.0,1.0,0.0,1.0,2.0,0.0,0.0,0.0,0.0,1.0,1.0,2.0,0.0,0.0,0.095,0.0,0.0,0.0,0.0,0.0,1.872,2.0,1.909,1.0,0.059,0.017,0.017,0.137,0.135,0.133,1.331,0.021,0.131,0.266,0.001,0.841,0.74,0.021,0.021,0.021,0.0,2.0,1.0,3.0,0.0,0.0,0.0,0.0,0.0,1.0,1.0,0.0,2.0,0.0,0.0,1.0,0.0,0.0,0.0,2.0,0.0,0.0,0.021,0.0,0.0,0.0,0.0,0.0,3.222,2.0,2.101,0.0,0.028,0.0,0.0,0.049,0.05,0.05
847747984841978485391,Bertuzzi-Frondell-Moore,2026020005,2026,CHI,VGK,AWAY,20260929,line,5on5,52.0,11.0,1.0,1.0,1.0,1.401,0.103,0.144,0.262,0.005,0.849,0.637,0.102,0.101,0.101,1.0,1.0,0.0,2.0,0.0,0.0,0.0,0.0,0.0,1.0,1.0,1.0,2.0,0.0,0.0,0.0,0.0,0.0,0.0,1.0,1.0,0.0,0.008,0.095,0.0,0.0,0.0,0.0,1.872,2.0,1.909,0.0,0.029,0.0,0.0,0.132,0.131,0.129,0.0,0.0,0.0,0.0,0.0,0.0,0.0,0.0,0.0,0.0,0.0,0.0,0.0,0.0,0.0,0.0,0.0,0.0,0.0,0.0,0.0,0.0,0.0,0.0,0.0,1.0,1.0,0.0,0.0,0.0,0.0,0.0,0.0,0.0,0.0,0.0,0.0,0.0,0.0,0.0,0.0,0.0,0.0,0.0,0.0,0.0,0.0,0.0
847747984841978485391,Bertuzzi-Frondell-Moore,2026020013,2026,CHI,UTA,AWAY,20261001,line,5on5,21.0,17.0,0.4444,0.5,0.5,0.795,0.08,0.056,0.172,0.004,0.264,0.424,0.08,0.084,0.084,1.0,0.0,0.0,1.0,0.0,0.0,0.0,0.0,0.0,0.0,1.0,1.0,1.0,0.0,0.0,0.0,0.0,0.0,0.0,0.0,1.0,0.0,0.0,0.08,0.0,0.0,0.0,0.0,1.032,1.0,1.03,0.0,0.011,0.0,0.0,0.091,0.096,0.096,0.778,0.1,0.059,0.127,0.003,0.339,0.373,0.1,0.096,0.096,1.0,0.0,0.0,1.0,0.0,0.0,0.0,0.0,0.0,0.0,1.0,1.0,1.0,0.0,0.0,0.0,0.0,0.0,0.0,0.0,1.0,0.0,0.0,0.1,0.0,0.0,0.0,0.0,0.97,1.0,0.971,0.0,0.012,0.0,0.0,0.112,0.107,0.107
847688284779878485391,Teravainen-Frondell-Donato,2026020013,2026,CHI,UTA,AWAY,20261001,line,5on5,15.0,20.0,1.0,1.0,1.0,1.301,0.145,0.102,0.202,0.004,0.613,0.934,0.14,0.14,0.136,0.0,2.0,0.0,2.0,0.0,1.0,0.0,0.0,0.0,0.0,1.0,0.0,2.0,0.0,0.0,0.0,0.0,0.0,0.0,1.0,1.0,0.0,0.048,0.097,0.0,0.0,0.0,0.0,1.79,2.0,1.909,0.0,0.021,0.048,0.048,0.118,0.115,0.114,0.0,0.0,0.0,0.0,0.0,0.0,0.0,0.0,0.0,0.0,0.0,0.0,0.0,0.0,0.0,0.0,0.0,0.0,0.0,0.0,0.0,0.0,0.0,0.0,0.0,0.0,0.0,0.0,0.0,0.0,0.0,0.0,0.0,0.0,0.0,0.0,0.0,0.0,0.0,0.0,0.0,0.0,0.0,0.0,0.0,0.0,0.0,0.0
847414184820628483493,Kane-Nazar-Smith,2026020013,2026,CHI,UTA,AWAY,20261001,line,5on5,32.0,13.0,0.0,1.0,0.0,0.0,0.0,0.0,0.0,0.0,0.0,0.0,0.0,0.0,0.0,0.0,0.0,1.0,1.0,0.0,0.0,0.0,0.0,0.0,0.0,0.0,0.0,0.0,0.0,0.0,0.0,0.0,0.0,0.0,0.0,0.0,0.0,0.0,0.0,0.0,0.0,0.0,0.0,0.895,0.0,0.0,0.0,0.0,0.0,0.0,0.0,0.0,0.0,0.0,0.0,0.0,0.0,0.0,0.0,0.0,0.0,0.0,0.0,0.0,0.0,0.0,0.0,0.0,0.0,0.0,0.0,0.0,0.0,0.0,0.0,0.0,0.0,0.0,0.0,1.0,0.0,0.0,0.0,0.0,0.0,0.0,0.0,0.0,0.0,0.0,0.0,0.0,0.0,0.0,0.0,0.0,0.0,0.0,0.0,0.0,0.0
84815248483506,Byram-Rinzel,2026020005,2026,CHI,VGK,AWAY,20260929,pairing,5on5,339.0,4.0,0.7012,0.8182,0.75,4.53,0.345,0.761,0.766,0.01,2.186,1.931,0.325,0.342,0.322,4.0,2.0,3.0,9.0,0.0,2.0,0.0,2.0,0.0,1.0,1.0,4.0,6.0,0.0,0.0,4.0,4.0,0.0,0.0,5.0,1.0,0.0,0.242,0.103,0.0,0.0,0.0,0.0,8.559,6.0,5.736,0.0,0.166,0.122,0.122,0.39,0.386,0.368,1.498,0.147,0.158,0.171,0.007,0.671,0.846,0.146,0.14,0.139,2.0,0.0,0.0,2.0,0.0,1.0,0.0,0.0,0.0,0.0,1.0,2.0,2.0,1.0,2.0,2.0,3.0,1.0,3.0,1.0,1.0,0.0,0.008,0.139,0.0,0.0,0.0,0.0,1.94,2.0,1.942,3.0,0.035,0.008,0.008,0.173,0.165,0.163
84815248483506,Byram-Rinzel,2026020013,2026,CHI,UTA,AWAY,20261001,pairing,5on5,86.0,8.0,0.0761,0.5,0.3333,0.772,0.041,0.061,0.124,0.002,0.369,0.405,0.041,0.043,0.043,1.0,0.0,1.0,2.0,0.0,0.0,0.0,0.0,0.0,0.0,1.0,1.0,1.0,0.0,0.0,0.0,0.0,0.0,0.0,1.0,0.0,0.0,0.041,0.0,0.0,0.0,0.0,0.0,1.927,1.0,1.03,0.0,0.013,0.0,0.0,0.053,0.056,0.056,1.846,0.498,0.244,0.259,0.01,0.523,0.465,0.443,0.516,0.459,2.0,0.0,0.0,2.0,0.0,1.0,0.0,1.0,0.0,0.0,0.0,2.0,2.0,0.0,0.0,1.0,2.0,1.0,1.0,0.0,1.0,1.0,0.0,0.167,0.331,0.0,0.0,0.0,2.264,2.0,2.101,0.0,0.052,0.331,0.331,0.219,0.226,0.222
847688284784138484390,Greenway-Kantserov-Teravainen,2026020013,2026,CHI,UTA,AWAY,20261001,line,5on5,10.0,27.0,0.0,0.0,0.0,0.0,0.0,0.0,0.0,0.0,0.0,0.0,0.0,0.0,0.0,0.0,0.0,0.0,0.0,0.0,0.0,0.0,0.0,0.0,0.0,0.0,0.0,0.0,0.0,0.0,0.0,0.0,0.0,0.0,0.0,0.0,0.0,0.0,0.0,0.0,0.0,0.0,0.0,0.0,0.0,0.0,0.0,0.0,0.0,0.0,0.0,0.0,0.0,0.0,0.0,0.0,0.0,0.0,0.0,0.0,0.0,0.0,0.0,0.0,0.0,0.0,0.0,0.0,0.0,0.0,0.0,0.0,0.0,0.0,0.0,0.0,0.0,0.0,0.0,1.0,1.0,0.0,0.0,0.0,0.0,0.0,0.0,0.0,0.0,0.0,0.0,0.0,0.0,0.0,0.0,0.0,0.0,0.0,0.0,0.0,0.0
84815248482176,Byram-Kaiser,2026020005,2026,CHI,VGK,AWAY,20260929,pairing,5on5,48.0,7.0,1.0,1.0,1.0,0.872,0.006,0.004,0.011,0.001,0.13,0.849,0.006,0.006,0.006,1.0,0.0,0.0,1.0,0.0,0.0,0.0,0.0,0.0,1.0,0.0,1.0,1.0,0.0,0.0,0.0,0.0,0.0,0.0,1.0,0.0,0.0,0.006,0.0,0.0,0.0,0.0,0.0,0.936,1.0,0.954,0.0,0.001,0.0,0.0,0.006,0.006,0.006,0.0,0.0,0.0,0.0,0.0,0.0,0.0,0.0,0.0,0.0,0.0,0.0,0.0,0.0,0.0,0.0,0.0,0.0,0.0,0.0,0.0,0.0,0.0,0.0,0.0,0.0,1.0,0.0,1.0,0.0,0.0,0.0,0.0,0.0,0.0,0.0,0.0,0.0,0.0,0.0,0.0,1.0,0.0,0.0,0.0,0.0,0.0,0.0
84815248482176,Byram-Kaiser,2026020013,2026,CHI,UTA,AWAY,20261001,pairing,5on5,60.0,9.0,0.32,0.3333,0.3333,0.795,0.08,0.056,0.172,0.004,0.264,0.424,0.08,0.084,0.084,1.0,0.0,0.0,1.0,0.0,0.0,0.0,0.0,0.0,0.0,1.0,1.0,1.0,0.0,0.0,0.0,1.0,0.0,0.0,0.0,1.0,0.0,0.0,0.08,0.0,0.0,0.0,0.0,1.032,1.0,1.03,0.0,0.011,0.0,0.0,0.091,0.096,0.096,1.454,0.17,0.117,0.262,0.007,0.636,0.808,0.17,0.162,0.162,2.0,0.0,0.0,2.0,0.0,0.0,0.0,0.0,0.0,0.0,2.0,2.0,2.0,0.0,0.0,0.0,0.0,0.0,0.0,1.0,1.0,0.0,0.07,0.1,0.0,0.0,0.0,0.0,1.94,2.0,1.942,0.0,0.023,0.0,0.0,0.193,0.184,0.184
847414184774798483493,Bertuzzi-Nazar-Kane,2026020005,2026,CHI,VGK,AWAY,20260929,line,5on5,75.0,7.0,1.0,1.0,1.0,4.112,0.271,0.683,0.711,0.008,1.828,1.499,0.251,0.268,0.248,4.0,1.0,1.0,6.0,0.0,2.0,0.0,2.0,0.0,0.0,1.0,4.0,5.0,0.0,0.0,2.0,1.0,0.0,0.0,4.0,1.0,0.0,0.169,0.103,0.0,0.0,0.0,0.0,5.616,5.0,4.772,0.0,0.15,0.122,0.122,0.299,0.295,0.277,0.0,0.0,0.0,0.0,0.0,0.0,0.0,0.0,0.0,0.0,0.0,0.0,0.0,0.0,0.0,0.0,0.0,0.0,0.0,0.0,0.0,0.0,0.0,1.0,2.0,1.0,1.0,0.0,1.0,0.0,0.0,0.0,0.0,0.0,0.0,0.0,0.0,0.0,0.0,0.0,0.0,1.0,0.0,0.0,0.0,0.0,0.0,0.0
847414184774798483493,Bertuzzi-Nazar-Kane,2026020013,2026,CHI,UTA,AWAY,20261001,line,5on5,71.0,10.0,0.0,0.0,0.0,0.0,0.0,0.0,0.0,0.0,0.0,0.0,0.0,0.0,0.0,0.0,0.0,0.0,0.0,0.0,0.0,0.0,0.0,0.0,0.0,0.0,0.0,0.0,0.0,0.0,0.0,0.0,0.0,0.0,0.0,0.0,0.0,0.0,0.0,0.0,0.0,0.0,0.0,0.0,0.0,0.0,0.0,0.0,0.0,0.0,0.0,0.0,0.0,1.846,0.498,0.244,0.259,0.01,0.523,0.465,0.443,0.516,0.459,2.0,0.0,0.0,2.0,0.0,1.0,0.0,1.0,0.0,0.0,0.0,2.0,2.0,1.0,2.0,2.0,2.0,2.0,0.0,0.0,1.0,1.0,0.0,0.167,0.331,0.0,0.0,0.0,2.264,2.0,2.101,0.0,0.052,0.331,0.331,0.219,0.226,0.222
847747984834938485391,Bertuzzi-Nazar-Frondell,2026020005,2026,CHI,VGK,AWAY,20260929,line,5on5,26.0,19.0,0.0,0.0,0.0,0.0,0.0,0.0,0.0,0.0,0.0,0.0,0.0,0.0,0.0,0.0,0.0,0.0,0.0,0.0,0.0,0.0,0.0,0.0,0.0,0.0,0.0,0.0,0.0,0.0,0.0,0.0,0.0,0.0,0.0,0.0,0.0,0.0,0.0,0.0,0.0,0.0,0.0,0.0,0.0,0.0,0.0,0.0,0.0,0.0,0.0,0.0,0.0,2.056,0.04,0.197,0.538,0.004,1.279,0.942,0.039,0.04,0.04,2.0,1.0,0.0,3.0,0.0,0.0,0.0,0.0,0.0,3.0,0.0,2.0,3.0,0.0,0.0,1.0,0.0,0.0,1.0,3.0,0.0,0.0,0.04,0.0,0.0,0.0,0.0,0.0,3.222,3.0,3.151,0.0,0.04,0.0,0.0,0.08,0.081,0.08
847414184784138482062,Kane-Greenway-Smith,2026020013,2026,CHI,UTA,AWAY,20261001,line,5on5,13.0,23.0,0.0,0.0,0.0,0.0,0.0,0.0,0.0,0.0,0.0,0.0,0.0,0.0,0.0,0.0,0.0,0.0,0.0,0.0,0.0,0.0,0.0,0.0,0.0,0.0,0.0,0.0,0.0,0.0,0.0,0.0,0.0,0.0,0.0,0.0,0.0,0.0,0.0,0.0,0.0,0.0,0.0,0.0,0.0,0.0,0.0,0.0,0.0,0.0,0.0,0.0,0.0,0.716,0.109,0.064,0.153,0.002,0.328,0.344,0.109,0.11,0.11,1.0,0.0,0.0,1.0,0.0,0.0,0.0,1.0,0.0,0.0,0.0,1.0,1.0,0.0,0.0,0.0,0.0,0.0,0.0,0.0,1.0,0.0,0.0,0.109,0.0,0.0,0.0,0.0,1.074,1.0,1.05,0.0,0.012,0.0,0.0,0.121,0.123,0.123
847688284774798485391,Bertuzzi-Frondell-Teravainen,2026020013,2026,CHI,UTA,AWAY,20261001,line,5on5,209.0,6.0,0.7,0.6,0.6,2.107,0.112,0.168,0.464,0.005,1.083,1.168,0.112,0.108,0.108,2.0,1.0,0.0,3.0,0.0,0.0,0.0,0.0,0.0,2.0,1.0,2.0,3.0,0.0,0.0,1.0,0.0,1.0,2.0,2.0,1.0,0.0,0.031,0.081,0.0,0.0,0.0,0.0,2.685,3.0,2.863,0.0,0.033,0.0,0.0,0.145,0.14,0.14,1.492,0.048,0.115,0.254,0.003,0.672,0.908,0.048,0.05,0.05,1.0,1.0,0.0,2.0,0.0,0.0,0.0,0.0,0.0,0.0,2.0,1.0,2.0,0.0,0.0,3.0,3.0,0.0,0.0,2.0,0.0,0.0,0.048,0.0,0.0,0.0,0.0,0.0,2.264,2.0,2.101,0.0,0.023,0.0,0.0,0.071,0.074,0.074
847688284843908485391,Teravainen-Frondell-Kantserov,2026020013,2026,CHI,UTA,AWAY,20261001,line,5on5,8.0,28.0,0.0,0.0,0.0,0.0,0.0,0.0,0.0,0.0,0.0,0.0,0.0,0.0,0.0,0.0,0.0,0.0,0.0,0.0,0.0,0.0,0.0,0.0,0.0,0.0,0.0,0.0,0.0,0.0,0.0,0.0,0.0,0.0,0.0,0.0,0.0,0.0,0.0,0.0,0.0,0.0,0.0,0.0,0.0,0.0,0.0,0.0,0.0,0.0,0.0,0.0,0.0,0.734,0.093,0.069,0.102,0.004,0.343,0.388,0.093,0.095,0.095,1.0,0.0,0.0,1.0,1.0,0.0,0.0,0.0,0.0,0.0,0.0,0.0,0.0,0.0,0.0,0.0,1.0,0.0,0.0,0.0,1.0,0.0,0.0,0.093,0.0,0.0,1.0,0.0,1.074,1.0,1.05,0.0,0.015,0.0,0.0,0.108,0.11,0.11
847747984782338483493,Mangiapane-Nazar-Bertuzzi,2026020005,2026,CHI,VGK,AWAY,20260929,line,5on5,36.0,14.0,1.0,1.0,1.0,0.466,0.059,0.08,0.088,0.002,0.355,0.416,0.059,0.062,0.062,0.0,1.0,0.0,1.0,0.0,0.0,0.0,0.0,0.0,0.0,1.0,0.0,1.0,0.0,0.0,0.0,0.0,0.0,0.0,1.0,0.0,0.0,0.059,0.0,0.0,0.0,0.0,0.0,1.032,1.0,1.03,0.0,0.018,0.0,0.0,0.076,0.08,0.08,0.0,0.0,0.0,0.0,0.0,0.0,0.0,0.0,0.0,0.0,0.0,0.0,0.0,0.0,0.0,0.0,0.0,0.0,0.0,0.0,0.0,0.0,0.0,0.0,0.0,0.0,0.0,0.0,0.0,0.0,0.0,0.0,0.0,0.0,0.0,0.0,0.0,0.0,0.0,0.0,0.0,0.0,0.0,0.0,0.0,0.0,0.0,0.0
847841384820628483450,Greenway-Greene-Smith,2026020005,2026,CHI,VGK,AWAY,20260929,line,5on5,633.0,1.0,0.6406,0.5556,0.5333,5.959,0.59,0.581,1.164,0.012,2.884,2.77,0.567,0.583,0.561,6.0,2.0,2.0,10.0,1.0,1.0,0.0,0.0,0.0,2.0,4.0,5.0,7.0,1.0,2.0,7.0,3.0,0.0,4.0,5.0,2.0,1.0,0.172,0.183,0.235,1.0,0.0,0.0,9.55,8.0,7.721,2.0,0.12,0.235,0.235,0.475,0.471,0.467,5.753,0.331,0.835,1.119,0.015,2.457,2.242,0.306,0.337,0.311,7.0,0.0,1.0,8.0,0.0,2.0,0.0,2.0,0.0,2.0,1.0,7.0,7.0,0.0,0.0,8.0,3.0,0.0,5.0,6.0,1.0,0.0,0.196,0.135,0.0,0.0,0.0,0.0,8.708,7.0,7.352,2.0,0.192,0.184,0.184,0.339,0.345,0.327
847841384820628483450,Greenway-Greene-Smith,2026020013,2026,CHI,UTA,AWAY,20261001,line,5on5,623.0,1.0,0.4742,0.6,0.6667,5.923,0.202,0.495,1.392,0.009,3.031,2.872,0.199,0.201,0.198,6.0,2.0,1.0,9.0,0.0,2.0,0.0,1.0,0.0,2.0,3.0,6.0,8.0,0.0,0.0,2.0,4.0,1.0,3.0,8.0,0.0,0.0,0.202,0.0,0.0,0.0,0.0,0.0,8.548,8.0,7.863,3.0,0.103,0.044,0.044,0.261,0.26,0.257,2.476,0.224,0.294,0.371,0.014,1.66,1.438,0.203,0.224,0.203,2.0,2.0,2.0,6.0,0.0,0.0,0.0,0.0,0.0,3.0,1.0,2.0,4.0,2.0,4.0,7.0,11.0,2.0,1.0,3.0,1.0,0.0,0.139,0.085,0.0,0.0,0.0,0.0,6.086,4.0,4.043,0.0,0.06,0.0,0.0,0.284,0.283,0.258
84821768483506,Kaiser-Rinzel,2026020005,2026,CHI,VGK,AWAY,20260929,pairing,5on5,141.0,5.0,0.3709,0.5,0.6,2.233,0.112,0.254,0.42,0.007,1.105,1.103,0.112,0.112,0.112,2.0,1.0,0.0,3.0,1.0,0.0,0.0,0.0,0.0,0.0,2.0,1.0,2.0,0.0,0.0,1.0,1.0,0.0,0.0,3.0,0.0,0.0,0.112,0.0,0.0,1.0,0.0,0.0,2.847,3.0,2.873,0.0,0.051,0.0,0.0,0.163,0.163,0.163,1.56,0.19,0.153,0.256,0.005,0.679,0.716,0.19,0.193,0.193,2.0,0.0,1.0,3.0,1.0,0.0,0.0,1.0,0.0,0.0,0.0,1.0,1.0,0.0,0.0,1.0,3.0,0.0,0.0,1.0,1.0,0.0,0.01,0.18,0.0,0.0,1.0,0.0,3.222,2.0,2.101,0.0,0.033,0.0,0.0,0.223,0.226,0.226
84821768483506,Kaiser-Rinzel,2026020013,2026,CHI,UTA,AWAY,20261001,pairing,5on5,251.0,5.0,0.6879,0.8,0.8,2.888,0.205,0.199,0.323,0.008,1.521,1.745,0.201,0.199,0.194,2.0,2.0,0.0,4.0,0.0,0.0,0.0,0.0,0.0,1.0,3.0,2.0,4.0,0.0,0.0,1.0,0.0,2.0,1.0,3.0,1.0,0.0,0.124,0.081,0.0,0.0,0.0,0.0,3.66,4.0,3.827,0.0,0.042,0.0,0.048,0.199,0.193,0.192,0.734,0.093,0.069,0.102,0.004,0.343,0.388,0.093,0.095,0.095,1.0,0.0,0.0,1.0,1.0,0.0,0.0,0.0,0.0,0.0,0.0,0.0,0.0,0.0,0.0,2.0,3.0,1.0,0.0,0.0,1.0,0.0,0.0,0.093,0.0,0.0,1.0,0.0,1.074,1.0,1.05,0.0,0.015,0.0,0.0,0.108,0.11,0.11
847414184834938484390,Kane-Nazar-Kantserov,2026020005,2026,CHI,VGK,AWAY,20260929,line,5on5,30.0,17.0,1.0,1.0,1.0,0.828,0.116,0.134,0.071,0.004,0.362,0.313,0.116,0.114,0.114,0.0,1.0,0.0,1.0,0.0,0.0,0.0,0.0,0.0,1.0,0.0,0.0,1.0,0.0,0.0,1.0,0.0,0.0,0.0,0.0,1.0,0.0,0.0,0.116,0.0,0.0,0.0,0.0,0.936,1.0,0.954,0.0,0.03,0.0,0.0,0.145,0.144,0.144,0.0,0.0,0.0,0.0,0.0,0.0,0.0,0.0,0.0,0.0,0.0,0.0,0.0,0.0,0.0,0.0,0.0,0.0,0.0,0.0,0.0,0.0,0.0,0.0,0.0,0.0,1.0,0.0,0.0,0.0,0.0,0.0,0.0,0.0,0.0,0.0,0.0,0.0,0.0,0.0,0.0,0.0,0.0,0.0,0.0,0.0,0.0,0.0
847414184834938484390,Kane-Nazar-Kantserov,2026020013,2026,CHI,UTA,AWAY,20261001,line,5on5,256.0,4.0,0.8993,0.6667,0.6,2.254,0.125,0.142,0.42,0.003,0.995,1.315,0.125,0.12,0.12,1.0,2.0,1.0,4.0,0.0,0.0,0.0,0.0,0.0,1.0,2.0,1.0,3.0,0.0,0.0,1.0,1.0,0.0,1.0,2.0,1.0,0.0,0.015,0.11,0.0,0.0,0.0,0.0,3.58,3.0,2.863,1.0,0.028,0.0,0.0,0.153,0.148,0.148,1.548,0.014,0.111,0.371,0.001,0.806,0.698,0.014,0.014,0.014,0.0,2.0,0.0,2.0,0.0,1.0,0.0,0.0,0.0,0.0,1.0,0.0,2.0,0.0,0.0,3.0,3.0,1.0,1.0,2.0,0.0,0.0,0.014,0.0,0.0,0.0,0.0,0.0,2.264,2.0,2.101,0.0,0.022,0.005,0.005,0.03,0.032,0.031
847841384834508484197,Greenway-Greene-Moore,2026020005,2026,CHI,VGK,AWAY,20260929,line,5on5,25.0,20.0,0.0,0.0,0.0,0.0,0.0,0.0,0.0,0.0,0.0,0.0,0.0,0.0,0.0,0.0,0.0,0.0,0.0,0.0,0.0,0.0,0.0,0.0,0.0,0.0,0.0,0.0,0.0,0.0,0.0,0.0,0.0,0.0,0.0,0.0,0.0,0.0,0.0,0.0,0.0,0.0,0.0,0.0,0.0,0.0,0.0,0.0,0.0,0.0,0.0,0.0,0.0,0.0,0.0,0.0,0.0,0.0,0.0,0.0,0.0,0.0,0.0,0.0,0.0,0.0,0.0,0.0,0.0,0.0,0.0,0.0,0.0,0.0,0.0,0.0,0.0,0.0,0.0,0.0,1.0,1.0,0.0,0.0,0.0,0.0,0.0,0.0,0.0,0.0,0.0,0.0,0.0,0.0,0.0,0.0,0.0,0.0,0.0,0.0,0.0
847798784784138483450,Greenway-Greene-Donato,2026020013,2026,CHI,UTA,AWAY,20261001,line,5on5,31.0,14.0,0.0,0.0,0.0,0.0,0.0,0.0,0.0,0.0,0.0,0.0,0.0,0.0,0.0,0.0,0.0,0.0,0.0,0.0,0.0,0.0,0.0,0.0,0.0,0.0,0.0,0.0,0.0,0.0,0.0,0.0,0.0,0.0,0.0,0.0,0.0,0.0,0.0,0.0,0.0,0.0,0.0,0.0,0.0,0.0,0.0,0.0,0.0,0.0,0.0,0.0,0.0,0.672,0.02,0.059,0.141,0.001,0.368,0.41,0.02,0.019,0.019,1.0,0.0,0.0,1.0,0.0,0.0,0.0,1.0,0.0,0.0,0.0,1.0,1.0,0.0,0.0,0.0,1.0,0.0,0.0,1.0,0.0,0.0,0.02,0.0,0.0,0.0,0.0,0.0,0.97,1.0,0.971,0.0,0.011,0.0,0.0,0.032,0.03,0.03
847798784820628484197,Donato-Moore-Smith,2026020013,2026,CHI,UTA,AWAY,20261001,line,5on5,11.0,25.0,0.0,0.0,0.0,0.0,0.0,0.0,0.0,0.0,0.0,0.0,0.0,0.0,0.0,0.0,0.0,0.0,0.0,0.0,0.0,0.0,0.0,0.0,0.0,0.0,0.0,0.0,0.0,0.0,0.0,0.0,0.0,0.0,0.0,0.0,0.0,0.0,0.0,0.0,0.0,0.0,0.0,0.0,0.0,0.0,0.0,0.0,0.0,0.0,0.0,0.0,0.0,0.0,0.0,0.0,0.0,0.0,0.0,0.0,0.0,0.0,0.0,0.0,0.0,0.0,0.0,0.0,0.0,0.0,0.0,0.0,0.0,0.0,0.0,0.0,0.0,0.0,0.0,0.0,1.0,0.0,0.0,0.0,0.0,0.0,0.0,0.0,0.0,0.0,0.0,0.0,0.0,0.0,0.0,0.0,0.0,0.0,0.0,0.0,0.0
847688284784138483450,Greenway-Greene-Teravainen,2026020013,2026,CHI,UTA,AWAY,20261001,line,5on5,14.0,22.0,0.0,0.0,0.0,0.0,0.0,0.0,0.0,0.0,0.0,0.0,0.0,0.0,0.0,0.0,0.0,0.0,0.0,0.0,0.0,0.0,0.0,0.0,0.0,0.0,0.0,0.0,0.0,0.0,0.0,0.0,0.0,0.0,0.0,0.0,0.0,0.0,0.0,0.0,0.0,0.0,0.0,0.0,0.0,0.0,0.0,0.0,0.0,0.0,0.0,0.0,0.0,0.0,0.0,0.0,0.0,0.0,0.0,0.0,0.0,0.0,0.0,0.0,0.0,0.0,0.0,0.0,0.0,0.0,0.0,0.0,0.0,0.0,0.0,0.0,0.0,0.0,0.0,1.0,0.0,0.0,0.0,0.0,0.0,0.0,0.0,0.0,0.0,0.0,0.0,0.0,0.0,0.0,0.0,0.0,0.0,0.0,0.0,0.0,0.0
847688284774798483450,Bertuzzi-Greene-Teravainen,2026020013,2026,CHI,UTA,AWAY,20261001,line,5on5,19.0,18.0,0.0,0.0,0.0,0.0,0.0,0.0,0.0,0.0,0.0,0.0,0.0,0.0,0.0,0.0,0.0,0.0,0.0,0.0,0.0,0.0,0.0,0.0,0.0,0.0,0.0,0.0,0.0,0.0,0.0,0.0,0.0,1.0,0.0,0.0,0.0,0.0,0.0,0.0,0.0,0.0,0.0,0.0,0.0,0.0,0.0,0.0,0.0,0.0,0.0,0.0,0.0,0.0,0.0,0.0,0.0,0.0,0.0,0.0,0.0,0.0,0.0,0.0,0.0,0.0,0.0,0.0,0.0,0.0,0.0,0.0,0.0,0.0,0.0,0.0,0.0,0.0,0.0,0.0,0.0,0.0,0.0,0.0,0.0,0.0,0.0,0.0,0.0,0.0,0.0,0.0,0.0,0.0,0.0,0.0,0.0,0.0,0.0,0.0,0.0
847798784841858484197,Lardis-Moore-Donato,2026020013,2026,CHI,UTA,AWAY,20261001,line,5on5,247.0,5.0,0.0,0.0,0.0,0.0,0.0,0.0,0.0,0.0,0.0,0.0,0.0,0.0,0.0,0.0,0.0,0.0,0.0,0.0,0.0,0.0,0.0,0.0,0.0,0.0,0.0,0.0,0.0,0.0,1.0,2.0,1.0,0.0,0.0,0.0,0.0,0.0,0.0,0.0,0.0,0.0,0.0,0.0,0.0,0.0,0.0,0.0,0.0,0.0,0.0,0.0,0.0,4.115,0.312,0.399,0.865,0.009,2.092,2.322,0.31,0.314,0.312,3.0,3.0,1.0,7.0,1.0,0.0,0.0,0.0,0.0,3.0,2.0,2.0,5.0,0.0,0.0,1.0,4.0,1.0,1.0,5.0,1.0,0.0,0.217,0.096,0.0,1.0,0.0,0.0,7.646,6.0,6.223,0.0,0.08,0.0,0.0,0.393,0.396,0.393
848349384841858484197,Lardis-Nazar-Moore,2026020005,2026,CHI,VGK,AWAY,20260929,line,5on5,56.0,10.0,0.0,0.0,0.0,0.0,0.0,0.0,0.0,0.0,0.0,0.0,0.0,0.0,0.0,0.0,0.0,0.0,0.0,0.0,0.0,0.0,0.0,0.0,0.0,0.0,0.0,0.0,0.0,0.0,0.0,0.0,0.0,0.0,0.0,0.0,0.0,0.0,0.0,0.0,0.0,0.0,0.0,0.0,0.0,0.0,0.0,0.0,0.0,0.0,0.0,0.0,0.0,0.603,0.005,0.078,0.094,0.002,0.352,0.468,0.005,0.005,0.005,1.0,0.0,0.0,1.0,0.0,0.0,0.0,0.0,0.0,1.0,0.0,1.0,1.0,0.0,0.0,0.0,0.0,0.0,1.0,1.0,0.0,0.0,0.005,0.0,0.0,0.0,0.0,0.0,1.132,1.0,1.05,0.0,0.016,0.0,0.0,0.02,0.021,0.021
84815688484783,Levshunov-Vlasic,2026020005,2026,CHI,VGK,AWAY,20260929,pairing,5on5,75.0,6.0,1.0,1.0,1.0,1.721,0.095,0.277,0.193,0.001,0.61,0.823,0.094,0.094,0.093,1.0,1.0,0.0,2.0,0.0,1.0,0.0,0.0,0.0,1.0,0.0,1.0,2.0,0.0,0.0,1.0,1.0,0.0,0.0,2.0,0.0,0.0,0.095,0.0,0.0,0.0,0.0,0.0,1.872,2.0,1.909,0.0,0.059,0.017,0.017,0.137,0.135,0.133,0.0,0.0,0.0,0.0,0.0,0.0,0.0,0.0,0.0,0.0,0.0,0.0,0.0,0.0,0.0,0.0,0.0,0.0,0.0,0.0,0.0,0.0,0.0,0.0,0.0,0.0,1.0,1.0,1.0,0.0,0.0,0.0,0.0,0.0,0.0,0.0,0.0,0.0,0.0,0.0,0.0,0.0,0.0,0.0,0.0,0.0,0.0,0.0
84815688484783,Levshunov-Vlasic,2026020013,2026,CHI,UTA,AWAY,20261001,pairing,5on5,34.0,10.0,0.0,0.0,0.0,0.0,0.0,0.0,0.0,0.0,0.0,0.0,0.0,0.0,0.0,0.0,0.0,0.0,0.0,0.0,0.0,0.0,0.0,0.0,0.0,0.0,0.0,0.0,0.0,0.0,0.0,1.0,0.0,0.0,0.0,0.0,0.0,0.0,0.0,0.0,0.0,0.0,0.0,0.0,0.0,0.0,0.0,0.0,0.0,0.0,0.0,0.0,0.0,0.747,0.006,0.048,0.201,0.001,0.319,0.426,0.006,0.006,0.006,0.0,1.0,0.0,1.0,0.0,0.0,0.0,1.0,0.0,0.0,0.0,0.0,1.0,0.0,0.0,0.0,0.0,0.0,0.0,1.0,0.0,0.0,0.006,0.0,0.0,0.0,0.0,0.0,0.97,1.0,0.971,0.0,0.009,0.0,0.0,0.016,0.015,0.015
84740138483506,Cole-Rinzel,2026020005,2026,CHI,VGK,AWAY,20260929,pairing,5on5,528.0,3.0,0.1844,0.2667,0.25,2.275,0.142,0.328,0.381,0.005,1.059,1.084,0.142,0.14,0.14,1.0,2.0,1.0,4.0,0.0,0.0,0.0,0.0,0.0,2.0,1.0,1.0,3.0,1.0,2.0,2.0,2.0,0.0,1.0,2.0,1.0,0.0,0.053,0.089,0.0,0.0,0.0,0.0,3.744,3.0,2.863,0.0,0.069,0.0,0.0,0.211,0.208,0.207,6.446,0.628,0.644,1.088,0.021,3.39,3.229,0.598,0.635,0.605,6.0,3.0,2.0,11.0,1.0,1.0,1.0,1.0,0.0,2.0,4.0,5.0,8.0,1.0,2.0,6.0,3.0,0.0,3.0,5.0,3.0,1.0,0.138,0.279,0.211,0.0,0.0,1.0,11.67,9.0,9.429,1.0,0.132,0.211,0.211,0.549,0.554,0.546
84740138483506,Cole-Rinzel,2026020013,2026,CHI,UTA,AWAY,20261001,pairing,5on5,613.0,3.0,0.4438,0.5238,0.4667,5.141,0.367,0.399,1.14,0.012,2.474,2.608,0.367,0.371,0.37,5.0,2.0,4.0,11.0,0.0,1.0,0.0,1.0,0.0,4.0,1.0,5.0,7.0,1.0,5.0,3.0,4.0,0.0,5.0,5.0,2.0,0.0,0.113,0.254,0.0,0.0,0.0,0.0,10.557,7.0,6.909,3.0,0.08,0.015,0.015,0.432,0.436,0.435,5.479,0.46,0.57,0.893,0.024,3.02,3.032,0.439,0.453,0.432,3.0,5.0,2.0,10.0,0.0,0.0,0.0,0.0,0.0,4.0,4.0,3.0,8.0,2.0,7.0,6.0,11.0,2.0,4.0,6.0,2.0,0.0,0.279,0.181,0.0,0.0,0.0,0.0,10.128,8.0,8.007,3.0,0.117,0.0,0.0,0.577,0.568,0.542
84815248481568,Byram-Vlasic,2026020005,2026,CHI,VGK,AWAY,20260929,pairing,5on5,837.0,2.0,0.2106,0.1875,0.2308,2.27,0.211,0.241,0.29,0.008,1.104,1.145,0.211,0.209,0.209,2.0,1.0,0.0,3.0,0.0,0.0,0.0,0.0,0.0,1.0,2.0,2.0,3.0,0.0,0.0,5.0,4.0,2.0,3.0,1.0,2.0,0.0,0.005,0.206,0.0,0.0,0.0,0.0,2.808,3.0,2.863,1.0,0.051,0.0,0.0,0.263,0.259,0.259,7.035,0.791,0.695,1.474,0.016,3.473,3.551,0.782,0.79,0.781,6.0,4.0,3.0,13.0,1.0,0.0,0.0,2.0,0.0,3.0,4.0,5.0,9.0,0.0,0.0,8.0,6.0,1.0,6.0,8.0,1.0,1.0,0.323,0.127,0.34,0.0,0.0,1.0,13.258,10.0,10.151,3.0,0.138,0.0,0.0,0.929,0.926,0.917
84815248481568,Byram-Vlasic,2026020013,2026,CHI,UTA,AWAY,20261001,pairing,5on5,631.0,2.0,0.0402,0.1613,0.12,1.997,0.058,0.147,0.396,0.003,1.111,1.286,0.058,0.057,0.057,1.0,2.0,2.0,5.0,0.0,0.0,0.0,0.0,0.0,2.0,1.0,1.0,3.0,1.0,2.0,3.0,0.0,1.0,4.0,3.0,0.0,0.0,0.058,0.0,0.0,0.0,0.0,0.0,4.516,3.0,2.863,4.0,0.028,0.0,0.0,0.086,0.084,0.084,15.898,1.383,1.807,2.755,0.039,8.214,7.803,1.217,1.371,1.208,12.0,10.0,4.0,26.0,2.0,3.0,1.0,5.0,0.0,6.0,6.0,10.0,20.0,0.0,0.0,5.0,7.0,1.0,2.0,16.0,5.0,1.0,0.602,0.563,0.217,1.0,1.0,0.0,27.162,22.0,22.474,1.0,0.372,0.18,0.18,1.574,1.557,1.394
84815688482176,Kaiser-Vlasic,2026020013,2026,CHI,UTA,AWAY,20261001,pairing,5on5,138.0,7.0,0.0,0.0,0.0,0.0,0.0,0.0,0.0,0.0,0.0,0.0,0.0,0.0,0.0,0.0,0.0,0.0,0.0,0.0,0.0,0.0,0.0,0.0,0.0,0.0,0.0,0.0,0.0,0.0,1.0,0.0,0.0,1.0,0.0,0.0,0.0,0.0,0.0,0.0,0.0,0.0,0.0,0.0,0.0,0.0,0.0,0.0,0.0,0.0,0.0,0.0,0.0,0.707,0.007,0.046,0.13,0.001,0.419,0.397,0.007,0.008,0.008,1.0,0.0,0.0,1.0,0.0,0.0,0.0,0.0,0.0,0.0,1.0,1.0,1.0,0.0,0.0,2.0,0.0,0.0,1.0,1.0,0.0,0.0,0.007,0.0,0.0,0.0,0.0,0.0,1.132,1.0,1.05,1.0,0.009,0.0,0.0,0.016,0.017,0.017
847517284774928480039,Kadri-Mackinnon-Necas,2026020007,2026,COL,LAK,HOME,20260930,line,5on5,127.0,6.0,0.4858,0.5556,0.5714,3.031,0.257,0.269,0.521,0.008,1.435,1.511,0.247,0.259,0.249,4.0,0.0,1.0,5.0,0.0,1.0,0.0,2.0,0.0,1.0,0.0,4.0,4.0,0.0,0.0,2.0,0.0,0.0,0.0,2.0,2.0,0.0,0.07,0.187,0.0,0.0,0.0,0.0,5.342,4.0,4.178,0.0,0.056,0.087,0.087,0.226,0.229,0.226,2.404,0.272,0.284,0.384,0.006,1.012,1.043,0.272,0.269,0.269,2.0,1.0,1.0,4.0,0.0,0.0,0.0,0.0,0.0,1.0,2.0,2.0,3.0,0.0,0.0,0.0,0.0,0.0,0.0,1.0,2.0,0.0,0.013,0.259,0.0,0.0,0.0,0.0,3.701,3.0,2.873,0.0,0.06,0.0,0.0,0.333,0.329,0.329
847575484774768480039,Lehkonen-Nelson-Necas,2026020007,2026,COL,LAK,HOME,20260930,line,5on5,29.0,18.0,1.0,1.0,1.0,0.678,0.056,0.059,0.138,0.002,0.292,0.454,0.056,0.058,0.058,1.0,0.0,0.0,1.0,0.0,0.0,0.0,0.0,0.0,0.0,1.0,1.0,1.0,0.0,0.0,0.0,0.0,1.0,0.0,1.0,0.0,0.0,0.056,0.0,0.0,0.0,0.0,0.0,1.132,1.0,1.05,0.0,0.011,0.0,0.0,0.067,0.069,0.069,0.0,0.0,0.0,0.0,0.0,0.0,0.0,0.0,0.0,0.0,0.0,0.0,0.0,0.0,0.0,0.0,0.0,0.0,0.0,0.0,0.0,0.0,0.0,0.0,0.0,0.0,0.0,0.0,0.0,0.0,0.0,0.0,0.0,0.0,0.0,0.0,0.0,0.0,0.0,0.0,0.0,0.0,0.0,0.0,0.0,0.0,0.0,0.0
84780388480069,Toews-Makar,2026020007,2026,COL,LAK,HOME,20260930,pairing,5on5,597.0,1.0,0.4367,0.3158,0.3571,3.877,0.321,0.382,0.635,0.008,1.712,1.941,0.32,0.324,0.323,5.0,0.0,1.0,6.0,0.0,0.0,0.0,1.0,0.0,3.0,1.0,5.0,5.0,3.0,9.0,5.0,4.0,1.0,3.0,3.0,2.0,0.0,0.087,0.235,0.0,0.0,0.0,0.0,6.524,5.0,5.161,1.0,0.082,0.0,0.0,0.403,0.407,0.405,6.166,0.414,0.692,1.054,0.014,3.508,3.318,0.413,0.42,0.418,6.0,3.0,4.0,13.0,0.0,0.0,0.0,2.0,0.0,3.0,4.0,6.0,9.0,2.0,7.0,9.0,0.0,3.0,1.0,7.0,2.0,0.0,0.235,0.179,0.0,0.0,0.0,0.0,12.683,9.0,8.903,0.0,0.146,0.0,0.0,0.56,0.567,0.563
847576884774928482768,Schwartz-Mackinnon-Svechkov,2026020007,2026,COL,LAK,HOME,20260930,line,5on5,26.0,22.0,0.0,0.0,0.0,0.0,0.0,0.0,0.0,0.0,0.0,0.0,0.0,0.0,0.0,0.0,0.0,0.0,0.0,0.0,0.0,0.0,0.0,0.0,0.0,0.0,0.0,0.0,0.0,0.0,0.0,1.0,0.0,0.0,0.0,0.0,0.0,0.0,0.0,0.0,0.0,0.0,0.0,0.0,0.0,0.0,0.0,0.0,0.0,0.0,0.0,0.0,0.0,0.0,0.0,0.0,0.0,0.0,0.0,0.0,0.0,0.0,0.0,0.0,0.0,0.0,0.0,0.0,0.0,0.0,0.0,0.0,0.0,0.0,0.0,0.0,0.0,0.0,0.0,0.0,0.0,0.0,0.0,0.0,0.0,0.0,0.0,0.0,0.0,0.0,0.0,0.0,0.0,0.0,0.0,0.0,0.0,0.0,0.0,0.0,0.0
84780388478454,Toews-Juulsen,2026020007,2026,COL,LAK,HOME,20260930,pairing,5on5,118.0,6.0,0.0,0.5,0.0,0.0,0.0,0.0,0.0,0.0,0.0,0.0,0.0,0.0,0.0,0.0,0.0,1.0,1.0,0.0,0.0,0.0,0.0,0.0,0.0,0.0,0.0,0.0,0.0,0.0,1.0,0.0,0.0,1.0,0.0,0.0,0.0,0.0,0.0,0.0,0.0,0.0,0.0,1.026,0.0,0.0,0.0,0.0,0.0,0.0,0.0,0.0,0.0,0.733,0.07,0.072,0.128,0.003,0.376,0.351,0.07,0.07,0.07,1.0,0.0,0.0,1.0,0.0,0.0,0.0,0.0,0.0,0.0,1.0,1.0,1.0,0.0,0.0,2.0,1.0,0.0,0.0,1.0,0.0,0.0,0.07,0.0,0.0,0.0,0.0,0.0,0.975,1.0,0.964,0.0,0.015,0.0,0.0,0.085,0.085,0.085
847575484757688478462,Schwartz-Nelson-Roy,2026020007,2026,COL,LAK,HOME,20260930,line,5on5,18.0,27.0,0.0,0.0,0.0,0.0,0.0,0.0,0.0,0.0,0.0,0.0,0.0,0.0,0.0,0.0,0.0,0.0,0.0,0.0,0.0,0.0,0.0,0.0,0.0,0.0,0.0,0.0,0.0,0.0,0.0,0.0,0.0,0.0,0.0,0.0,0.0,0.0,0.0,0.0,0.0,0.0,0.0,0.0,0.0,0.0,0.0,0.0,0.0,0.0,0.0,0.0,0.0,0.7,0.032,0.066,0.203,0.001,0.324,0.374,0.032,0.031,0.031,1.0,0.0,0.0,1.0,0.0,0.0,0.0,0.0,0.0,1.0,0.0,1.0,1.0,0.0,0.0,0.0,1.0,0.0,0.0,1.0,0.0,0.0,0.032,0.0,0.0,0.0,0.0,0.0,0.936,1.0,0.954,0.0,0.012,0.0,0.0,0.044,0.044,0.044
847575484764558477476,Landeskog-Nelson-Lehkonen,2026020007,2026,COL,LAK,HOME,20260930,line,5on5,29.0,19.0,0.0,0.0,0.0,0.0,0.0,0.0,0.0,0.0,0.0,0.0,0.0,0.0,0.0,0.0,0.0,0.0,0.0,0.0,0.0,0.0,0.0,0.0,0.0,0.0,0.0,0.0,0.0,0.0,1.0,0.0,0.0,0.0,0.0,0.0,0.0,0.0,0.0,0.0,0.0,0.0,0.0,0.0,0.0,0.0,0.0,0.0,0.0,0.0,0.0,0.0,0.0,0.0,0.0,0.0,0.0,0.0,0.0,0.0,0.0,0.0,0.0,0.0,0.0,0.0,0.0,0.0,0.0,0.0,0.0,0.0,0.0,0.0,0.0,0.0,0.0,0.0,0.0,0.0,0.0,0.0,0.0,0.0,0.0,0.0,0.0,0.0,0.0,0.0,0.0,0.0,0.0,0.0,0.0,0.0,0.0,0.0,0.0,0.0,0.0
847517284784628480448,Kadri-Roy-Kelly,2026020007,2026,COL,LAK,HOME,20260930,line,5on5,37.0,15.0,1.0,1.0,1.0,0.733,0.141,0.089,0.089,0.002,0.361,0.318,0.141,0.134,0.134,1.0,0.0,0.0,1.0,0.0,0.0,0.0,0.0,0.0,0.0,1.0,1.0,1.0,0.0,0.0,0.0,0.0,0.0,0.0,0.0,1.0,0.0,0.0,0.141,0.0,0.0,0.0,0.0,0.97,1.0,0.971,0.0,0.018,0.0,0.0,0.159,0.152,0.152,0.0,0.0,0.0,0.0,0.0,0.0,0.0,0.0,0.0,0.0,0.0,0.0,0.0,0.0,0.0,0.0,0.0,0.0,0.0,0.0,0.0,0.0,0.0,0.0,0.0,1.0,0.0,0.0,0.0,0.0,0.0,0.0,0.0,0.0,0.0,0.0,0.0,0.0,0.0,0.0,0.0,0.0,0.0,0.0,0.0,0.0,0.0,0.0
84780388484258,Toews-Malinski,2026020007,2026,COL,LAK,HOME,20260930,pairing,5on5,164.0,5.0,0.2242,0.5714,0.5,1.478,0.05,0.103,0.354,0.002,0.725,0.765,0.05,0.052,0.052,1.0,1.0,2.0,4.0,0.0,0.0,0.0,1.0,0.0,1.0,0.0,1.0,2.0,0.0,0.0,1.0,1.0,0.0,2.0,2.0,0.0,0.0,0.05,0.0,0.0,0.0,0.0,0.0,4.21,2.0,2.089,1.0,0.021,0.0,0.0,0.071,0.073,0.073,1.69,0.173,0.101,0.116,0.003,0.51,1.097,0.173,0.173,0.173,2.0,0.0,1.0,3.0,0.0,0.0,0.0,0.0,0.0,0.0,2.0,2.0,2.0,0.0,0.0,1.0,1.0,0.0,0.0,1.0,1.0,0.0,0.005,0.168,0.0,0.0,0.0,0.0,2.845,2.0,1.929,0.0,0.021,0.0,0.0,0.194,0.194,0.194
847517284774768480039,Lehkonen-Kadri-Necas,2026020007,2026,COL,LAK,HOME,20260930,line,5on5,24.0,25.0,1.0,1.0,1.0,0.752,0.044,0.06,0.13,0.003,0.345,0.418,0.044,0.045,0.045,1.0,0.0,1.0,2.0,0.0,0.0,0.0,0.0,0.0,0.0,1.0,1.0,1.0,0.0,0.0,0.0,0.0,0.0,0.0,1.0,0.0,0.0,0.044,0.0,0.0,0.0,0.0,0.0,2.264,1.0,1.05,0.0,0.012,0.0,0.0,0.056,0.058,0.058,0.0,0.0,0.0,0.0,0.0,0.0,0.0,0.0,0.0,0.0,0.0,0.0,0.0,0.0,0.0,0.0,0.0,0.0,0.0,0.0,0.0,0.0,0.0,0.0,0.0,0.0,0.0,0.0,0.0,0.0,0.0,0.0,0.0,0.0,0.0,0.0,0.0,0.0,0.0,0.0,0.0,0.0,0.0,0.0,0.0,0.0,0.0,0.0
84800698484258,Makar-Malinski,2026020007,2026,COL,LAK,HOME,20260930,pairing,5on5,56.0,10.0,1.0,1.0,1.0,0.725,0.032,0.077,0.145,0.002,0.326,0.417,0.032,0.033,0.033,1.0,0.0,0.0,1.0,0.0,0.0,0.0,0.0,0.0,0.0,1.0,1.0,1.0,0.0,0.0,0.0,0.0,1.0,0.0,1.0,0.0,0.0,0.032,0.0,0.0,0.0,0.0,0.0,1.132,1.0,1.05,0.0,0.017,0.0,0.0,0.049,0.051,0.051,0.0,0.0,0.0,0.0,0.0,0.0,0.0,0.0,0.0,0.0,0.0,0.0,0.0,0.0,0.0,0.0,0.0,0.0,0.0,0.0,0.0,0.0,0.0,0.0,0.0,0.0,1.0,0.0,0.0,0.0,0.0,0.0,0.0,0.0,0.0,0.0,0.0,0.0,0.0,0.0,0.0,0.0,0.0,0.0,0.0,0.0,0.0,0.0
847576884804488482768,Schwartz-Svechkov-Kelly,2026020007,2026,COL,LAK,HOME,20260930,line,5on5,76.0,9.0,0.0,0.0,0.0,0.0,0.0,0.0,0.0,0.0,0.0,0.0,0.0,0.0,0.0,0.0,0.0,0.0,0.0,0.0,0.0,0.0,0.0,0.0,0.0,0.0,0.0,0.0,0.0,0.0,0.0,1.0,0.0,0.0,0.0,0.0,0.0,0.0,0.0,0.0,0.0,0.0,0.0,0.0,0.0,0.0,0.0,0.0,0.0,0.0,0.0,0.0,0.0,0.0,0.0,0.0,0.0,0.0,0.0,0.0,0.0,0.0,0.0,0.0,0.0,0.0,0.0,0.0,0.0,0.0,0.0,0.0,0.0,0.0,0.0,0.0,0.0,0.0,1.0,1.0,0.0,0.0,0.0,0.0,0.0,0.0,0.0,0.0,0.0,0.0,0.0,0.0,0.0,0.0,0.0,0.0,0.0,0.0,0.0,0.0,0.0
84706138478454,Burns-Juulsen,2026020007,2026,COL,LAK,HOME,20260930,pairing,5on5,43.0,12.0,1.0,1.0,1.0,0.852,0.022,0.126,0.077,0.002,0.305,0.467,0.022,0.022,0.022,0.0,1.0,0.0,1.0,0.0,0.0,0.0,0.0,0.0,0.0,1.0,0.0,1.0,0.0,0.0,0.0,0.0,0.0,0.0,1.0,0.0,0.0,0.022,0.0,0.0,0.0,0.0,0.0,1.026,1.0,1.038,0.0,0.024,0.0,0.0,0.047,0.047,0.047,0.0,0.0,0.0,0.0,0.0,0.0,0.0,0.0,0.0,0.0,0.0,0.0,0.0,0.0,0.0,0.0,0.0,0.0,0.0,0.0,0.0,0.0,0.0,0.0,0.0,0.0,0.0,0.0,0.0,0.0,0.0,0.0,0.0,0.0,0.0,0.0,0.0,0.0,0.0,0.0,0.0,0.0,0.0,0.0,0.0,0.0,0.0,0.0
847576884827688486171,Schwartz-Svechkov-Hughes,2026020007,2026,COL,LAK,HOME,20260930,line,5on5,163.0,4.0,0.0,0.5,0.0,0.0,0.0,0.0,0.0,0.0,0.0,0.0,0.0,0.0,0.0,0.0,0.0,2.0,2.0,0.0,0.0,0.0,0.0,0.0,0.0,0.0,0.0,0.0,1.0,2.0,1.0,1.0,0.0,2.0,0.0,0.0,0.0,0.0,0.0,0.0,0.0,0.0,0.0,2.052,0.0,0.0,1.0,0.0,0.0,0.0,0.0,0.0,0.0,1.672,0.161,0.195,0.334,0.003,0.613,0.694,0.161,0.162,0.162,2.0,0.0,0.0,2.0,1.0,0.0,0.0,0.0,0.0,1.0,0.0,1.0,1.0,1.0,2.0,3.0,1.0,0.0,0.0,1.0,1.0,0.0,0.017,0.145,0.0,1.0,0.0,0.0,2.007,2.0,1.995,0.0,0.042,0.0,0.0,0.203,0.204,0.204
84763128478454,Manson-Juulsen,2026020007,2026,COL,LAK,HOME,20260930,pairing,5on5,51.0,11.0,0.0,0.0,0.0,0.0,0.0,0.0,0.0,0.0,0.0,0.0,0.0,0.0,0.0,0.0,0.0,0.0,0.0,0.0,0.0,0.0,0.0,0.0,0.0,0.0,0.0,0.0,0.0,0.0,2.0,1.0,0.0,1.0,0.0,0.0,0.0,0.0,0.0,0.0,0.0,0.0,0.0,0.0,0.0,0.0,1.0,0.0,0.0,0.0,0.0,0.0,0.0,2.199,0.13,0.249,0.242,0.005,1.057,1.318,0.125,0.126,0.121,2.0,1.0,1.0,4.0,0.0,1.0,0.0,0.0,0.0,1.0,1.0,2.0,3.0,0.0,0.0,0.0,0.0,0.0,0.0,3.0,0.0,0.0,0.13,0.0,0.0,0.0,0.0,0.0,3.58,3.0,2.863,0.0,0.054,0.025,0.025,0.159,0.154,0.15
847517284827688486171,Kadri-Svechkov-Hughes,2026020007,2026,COL,LAK,HOME,20260930,line,5on5,28.0,21.0,0.0,0.3333,0.0,0.0,0.0,0.0,0.0,0.0,0.0,0.0,0.0,0.0,0.0,0.0,0.0,1.0,1.0,0.0,0.0,0.0,0.0,0.0,0.0,0.0,0.0,0.0,0.0,0.0,0.0,0.0,0.0,0.0,0.0,0.0,0.0,0.0,0.0,0.0,0.0,0.0,0.0,1.074,0.0,0.0,0.0,0.0,0.0,0.0,0.0,0.0,0.0,1.721,0.16,0.213,0.178,0.005,0.735,0.709,0.154,0.158,0.152,1.0,1.0,0.0,2.0,0.0,1.0,0.0,0.0,0.0,1.0,0.0,1.0,2.0,0.0,0.0,0.0,0.0,0.0,1.0,1.0,1.0,0.0,0.05,0.109,0.0,0.0,0.0,0.0,1.872,2.0,1.909,0.0,0.046,0.05,0.05,0.155,0.153,0.15
847575484764558486171,Landeskog-Nelson-Hughes,2026020007,2026,COL,LAK,HOME,20260930,line,5on5,52.0,14.0,0.0,0.0,0.0,0.0,0.0,0.0,0.0,0.0,0.0,0.0,0.0,0.0,0.0,0.0,0.0,0.0,0.0,0.0,0.0,0.0,0.0,0.0,0.0,0.0,0.0,0.0,0.0,0.0,0.0,0.0,0.0,0.0,0.0,0.0,0.0,0.0,0.0,0.0,0.0,0.0,0.0,0.0,0.0,0.0,0.0,0.0,0.0,0.0,0.0,0.0,0.0,0.0,0.0,0.0,0.0,0.0,0.0,0.0,0.0,0.0,0.0,0.0,0.0,0.0,0.0,0.0,0.0,0.0,0.0,0.0,0.0,0.0,0.0,0.0,0.0,0.0,0.0,1.0,0.0,0.0,0.0,0.0,0.0,0.0,0.0,0.0,0.0,0.0,0.0,0.0,0.0,0.0,0.0,0.0,0.0,0.0,0.0,0.0,0.0
847575484784628480448,Kelly-Nelson-Roy,2026020007,2026,COL,LAK,HOME,20260930,line,5on5,29.0,20.0,0.0,0.0,0.0,0.0,0.0,0.0,0.0,0.0,0.0,0.0,0.0,0.0,0.0,0.0,0.0,0.0,0.0,0.0,0.0,0.0,0.0,0.0,0.0,0.0,0.0,0.0,0.0,0.0,1.0,0.0,0.0,0.0,0.0,0.0,0.0,0.0,0.0,0.0,0.0,0.0,0.0,0.0,0.0,0.0,0.0,0.0,0.0,0.0,0.0,0.0,0.0,0.0,0.0,0.0,0.0,0.0,0.0,0.0,0.0,0.0,0.0,0.0,0.0,0.0,0.0,0.0,0.0,0.0,0.0,0.0,0.0,0.0,0.0,0.0,0.0,0.0,0.0,0.0,0.0,0.0,0.0,0.0,0.0,0.0,0.0,0.0,0.0,0.0,0.0,0.0,0.0,0.0,0.0,0.0,0.0,0.0,0.0,0.0,0.0
847517284764558482768,Landeskog-Svechkov-Kadri,2026020007,2026,COL,LAK,HOME,20260930,line,5on5,84.0,8.0,1.0,1.0,1.0,2.997,0.479,0.448,0.485,0.009,1.256,1.323,0.455,0.491,0.467,2.0,2.0,0.0,4.0,1.0,1.0,1.0,0.0,0.0,1.0,1.0,1.0,3.0,0.0,0.0,0.0,0.0,0.0,0.0,1.0,2.0,1.0,0.011,0.25,0.217,0.0,1.0,0.0,4.47,4.0,4.201,0.0,0.09,0.103,0.103,0.466,0.478,0.468,0.0,0.0,0.0,0.0,0.0,0.0,0.0,0.0,0.0,0.0,0.0,0.0,0.0,0.0,0.0,0.0,0.0,0.0,0.0,0.0,0.0,0.0,0.0,0.0,0.0,1.0,0.0,0.0,0.0,0.0,0.0,0.0,0.0,0.0,0.0,0.0,0.0,0.0,0.0,0.0,0.0,0.0,0.0,0.0,0.0,0.0,0.0,0.0
847645584827688486171,Landeskog-Svechkov-Hughes,2026020007,2026,COL,LAK,HOME,20260930,line,5on5,33.0,17.0,0.0,0.0,0.0,0.0,0.0,0.0,0.0,0.0,0.0,0.0,0.0,0.0,0.0,0.0,0.0,0.0,0.0,0.0,0.0,0.0,0.0,0.0,0.0,0.0,0.0,0.0,0.0,0.0,0.0,0.0,0.0,1.0,0.0,0.0,0.0,0.0,0.0,0.0,0.0,0.0,0.0,0.0,0.0,0.0,1.0,0.0,0.0,0.0,0.0,0.0,0.0,2.199,0.13,0.249,0.242,0.005,1.057,1.318,0.125,0.126,0.121,2.0,1.0,1.0,4.0,0.0,1.0,0.0,0.0,0.0,1.0,1.0,2.0,3.0,0.0,0.0,0.0,0.0,0.0,0.0,3.0,0.0,0.0,0.13,0.0,0.0,0.0,0.0,0.0,3.58,3.0,2.863,0.0,0.054,0.025,0.025,0.159,0.154,0.15
847645584774928480039,Landeskog-Mackinnon-Necas,2026020007,2026,COL,LAK,HOME,20260930,line,5on5,25.0,23.0,1.0,1.0,1.0,0.75,0.079,0.068,0.15,0.001,0.245,0.456,0.079,0.076,0.076,1.0,0.0,0.0,1.0,0.0,0.0,0.0,1.0,0.0,0.0,0.0,1.0,1.0,0.0,0.0,0.0,0.0,0.0,0.0,1.0,0.0,0.0,0.079,0.0,0.0,0.0,0.0,0.0,0.97,1.0,0.971,0.0,0.014,0.0,0.0,0.093,0.088,0.088,0.0,0.0,0.0,0.0,0.0,0.0,0.0,0.0,0.0,0.0,0.0,0.0,0.0,0.0,0.0,0.0,0.0,0.0,0.0,0.0,0.0,0.0,0.0,0.0,0.0,0.0,0.0,0.0,0.0,0.0,0.0,0.0,0.0,0.0,0.0,0.0,0.0,0.0,0.0,0.0,0.0,0.0,0.0,0.0,0.0,0.0,0.0,0.0
847517284757548476455,Landeskog-Nelson-Kadri,2026020007,2026,COL,LAK,HOME,20260930,line,5on5,482.0,2.0,0.1153,0.3333,0.2857,1.585,0.04,0.196,0.232,0.003,0.682,0.847,0.04,0.041,0.041,1.0,1.0,2.0,4.0,0.0,0.0,0.0,0.0,0.0,0.0,2.0,1.0,2.0,1.0,2.0,2.0,2.0,0.0,2.0,2.0,0.0,0.0,0.04,0.0,0.0,0.0,0.0,0.0,4.316,2.0,2.089,2.0,0.039,0.0,0.0,0.079,0.08,0.08,3.46,0.307,0.336,0.661,0.009,1.549,2.138,0.307,0.306,0.306,3.0,2.0,3.0,8.0,0.0,0.0,0.0,1.0,0.0,0.0,4.0,3.0,5.0,0.0,0.0,6.0,4.0,1.0,2.0,4.0,1.0,0.0,0.175,0.131,0.0,0.0,0.0,0.0,7.738,5.0,4.868,0.0,0.07,0.0,0.0,0.377,0.376,0.376
84763128484258,Manson-Malinski,2026020007,2026,COL,LAK,HOME,20260930,pairing,5on5,83.0,9.0,1.0,1.0,1.0,0.733,0.141,0.089,0.089,0.002,0.361,0.318,0.141,0.134,0.134,1.0,0.0,0.0,1.0,0.0,0.0,0.0,0.0,0.0,0.0,1.0,1.0,1.0,0.0,0.0,0.0,0.0,0.0,0.0,0.0,1.0,0.0,0.0,0.141,0.0,0.0,0.0,0.0,0.97,1.0,0.971,0.0,0.018,0.0,0.0,0.159,0.152,0.152,0.0,0.0,0.0,0.0,0.0,0.0,0.0,0.0,0.0,0.0,0.0,0.0,0.0,0.0,0.0,0.0,0.0,0.0,0.0,0.0,0.0,0.0,0.0,0.0,0.0,1.0,2.0,0.0,0.0,0.0,0.0,0.0,0.0,0.0,0.0,0.0,0.0,0.0,0.0,0.0,0.0,0.0,0.0,0.0,0.0,0.0,0.0,0.0
847576884784628480448,Schwartz-Roy-Kelly,2026020007,2026,COL,LAK,HOME,20260930,line,5on5,59.0,10.0,0.9772,0.75,0.6667,1.821,0.558,0.239,0.244,0.003,0.581,0.374,0.484,0.569,0.492,2.0,0.0,1.0,3.0,1.0,1.0,1.0,0.0,0.0,0.0,0.0,1.0,1.0,0.0,0.0,1.0,1.0,0.0,0.0,0.0,1.0,1.0,0.0,0.152,0.406,0.0,1.0,0.0,3.28,2.0,2.101,0.0,0.053,0.152,0.152,0.459,0.465,0.445,0.756,0.013,0.06,0.095,0.001,0.311,0.519,0.013,0.013,0.013,1.0,0.0,0.0,1.0,0.0,0.0,0.0,0.0,0.0,0.0,1.0,1.0,1.0,0.0,0.0,2.0,0.0,0.0,0.0,1.0,0.0,0.0,0.013,0.0,0.0,0.0,0.0,0.0,0.936,1.0,0.954,0.0,0.013,0.0,0.0,0.026,0.026,0.026
84706138476312,Burns-Manson,2026020007,2026,COL,LAK,HOME,20260930,pairing,5on5,482.0,2.0,0.6036,0.3333,0.3636,3.209,0.629,0.361,0.554,0.006,1.225,1.225,0.554,0.64,0.564,4.0,0.0,1.0,5.0,2.0,1.0,1.0,0.0,0.0,1.0,0.0,2.0,2.0,0.0,0.0,3.0,5.0,0.0,1.0,2.0,1.0,1.0,0.071,0.152,0.406,1.0,1.0,0.0,5.428,4.0,4.201,1.0,0.077,0.152,0.152,0.553,0.561,0.541,5.407,0.413,0.523,1.07,0.011,2.198,2.784,0.413,0.411,0.411,6.0,1.0,3.0,10.0,1.0,0.0,0.0,0.0,0.0,2.0,4.0,5.0,6.0,0.0,0.0,6.0,3.0,0.0,2.0,5.0,2.0,0.0,0.137,0.276,0.0,1.0,0.0,0.0,9.61,7.0,6.776,1.0,0.109,0.0,0.0,0.522,0.52,0.52
84706138476967,Kulak-Burns,2026020007,2026,COL,LAK,HOME,20260930,pairing,5on5,98.0,7.0,0.0,0.0,0.0,0.0,0.0,0.0,0.0,0.0,0.0,0.0,0.0,0.0,0.0,0.0,0.0,0.0,0.0,0.0,0.0,0.0,0.0,0.0,0.0,0.0,0.0,0.0,0.0,0.0,0.0,2.0,0.0,1.0,0.0,0.0,0.0,0.0,0.0,0.0,0.0,0.0,0.0,0.0,0.0,0.0,1.0,0.0,0.0,0.0,0.0,0.0,0.0,0.799,0.026,0.058,0.169,0.003,0.31,0.435,0.026,0.026,0.026,1.0,0.0,0.0,1.0,0.0,0.0,0.0,0.0,0.0,1.0,0.0,1.0,1.0,1.0,2.0,2.0,1.0,0.0,0.0,1.0,0.0,0.0,0.026,0.0,0.0,0.0,0.0,0.0,0.975,1.0,0.964,0.0,0.012,0.0,0.0,0.038,0.038,0.038
84784548480069,Makar-Juulsen,2026020007,2026,COL,LAK,HOME,20260930,pairing,5on5,12.0,15.0,1.0,1.0,1.0,0.724,0.01,0.058,0.178,0.0,0.277,0.476,0.01,0.01,0.01,1.0,0.0,0.0,1.0,0.0,0.0,0.0,0.0,0.0,0.0,1.0,1.0,1.0,0.0,0.0,0.0,0.0,0.0,0.0,1.0,0.0,0.0,0.01,0.0,0.0,0.0,0.0,0.0,1.026,1.0,1.038,0.0,0.012,0.0,0.0,0.022,0.022,0.022,0.0,0.0,0.0,0.0,0.0,0.0,0.0,0.0,0.0,0.0,0.0,0.0,0.0,0.0,0.0,0.0,0.0,0.0,0.0,0.0,0.0,0.0,0.0,0.0,0.0,0.0,0.0,0.0,0.0,0.0,0.0,0.0,0.0,0.0,0.0,0.0,0.0,0.0,0.0,0.0,0.0,0.0,0.0,0.0,0.0,0.0,0.0,0.0
847747684800398482768,Lehkonen-Svechkov-Necas,2026020007,2026,COL,LAK,HOME,20260930,line,5on5,13.0,29.0,0.0,0.0,0.0,0.0,0.0,0.0,0.0,0.0,0.0,0.0,0.0,0.0,0.0,0.0,0.0,0.0,0.0,0.0,0.0,0.0,0.0,0.0,0.0,0.0,0.0,0.0,0.0,0.0,0.0,1.0,0.0,0.0,0.0,0.0,0.0,0.0,0.0,0.0,0.0,0.0,0.0,0.0,0.0,0.0,0.0,0.0,0.0,0.0,0.0,0.0,0.0,0.0,0.0,0.0,0.0,0.0,0.0,0.0,0.0,0.0,0.0,0.0,0.0,0.0,0.0,0.0,0.0,0.0,0.0,0.0,0.0,0.0,0.0,0.0,0.0,0.0,0.0,0.0,0.0,0.0,0.0,0.0,0.0,0.0,0.0,0.0,0.0,0.0,0.0,0.0,0.0,0.0,0.0,0.0,0.0,0.0,0.0,0.0,0.0
847747684784628482768,Lehkonen-Roy-Svechkov,2026020007,2026,COL,LAK,HOME,20260930,line,5on5,19.0,26.0,0.0,0.0,0.0,0.0,0.0,0.0,0.0,0.0,0.0,0.0,0.0,0.0,0.0,0.0,0.0,0.0,0.0,0.0,0.0,0.0,0.0,0.0,0.0,0.0,0.0,0.0,0.0,0.0,0.0,0.0,0.0,0.0,0.0,0.0,0.0,0.0,0.0,0.0,0.0,0.0,0.0,0.0,0.0,0.0,0.0,0.0,0.0,0.0,0.0,0.0,0.0,0.678,0.063,0.068,0.175,0.002,0.337,0.355,0.063,0.061,0.061,1.0,0.0,0.0,1.0,0.0,0.0,0.0,1.0,0.0,0.0,0.0,1.0,1.0,0.0,0.0,0.0,0.0,0.0,0.0,1.0,0.0,0.0,0.063,0.0,0.0,0.0,0.0,0.0,0.895,1.0,0.954,0.0,0.013,0.0,0.0,0.076,0.073,0.073
847575484764558480039,Landeskog-Nelson-Necas,2026020007,2026,COL,LAK,HOME,20260930,line,5on5,35.0,16.0,0.0,0.0,0.0,0.0,0.0,0.0,0.0,0.0,0.0,0.0,0.0,0.0,0.0,0.0,0.0,0.0,0.0,0.0,0.0,0.0,0.0,0.0,0.0,0.0,0.0,0.0,0.0,0.0,0.0,0.0,0.0,0.0,0.0,0.0,0.0,0.0,0.0,0.0,0.0,0.0,0.0,0.0,0.0,0.0,0.0,0.0,0.0,0.0,0.0,0.0,0.0,0.714,0.015,0.062,0.205,0.002,0.348,0.368,0.015,0.015,0.015,1.0,0.0,0.0,1.0,0.0,0.0,0.0,0.0,0.0,0.0,1.0,1.0,1.0,0.0,0.0,0.0,0.0,1.0,0.0,1.0,0.0,0.0,0.015,0.0,0.0,0.0,0.0,0.0,0.895,1.0,0.954,0.0,0.012,0.0,0.0,0.027,0.026,0.026
84769678480069,Kulak-Makar,2026020007,2026,COL,LAK,HOME,20260930,pairing,5on5,24.0,14.0,0.9554,0.6667,0.6667,1.669,0.321,0.316,0.18,0.006,0.549,0.63,0.298,0.327,0.304,1.0,1.0,0.0,2.0,1.0,1.0,1.0,0.0,0.0,0.0,0.0,0.0,1.0,0.0,0.0,0.0,0.0,0.0,0.0,0.0,1.0,1.0,0.0,0.103,0.217,0.0,1.0,0.0,2.206,2.0,2.101,0.0,0.065,0.103,0.103,0.282,0.287,0.279,0.714,0.015,0.062,0.205,0.002,0.348,0.368,0.015,0.015,0.015,1.0,0.0,0.0,1.0,0.0,0.0,0.0,0.0,0.0,0.0,1.0,1.0,1.0,0.0,0.0,0.0,0.0,0.0,0.0,1.0,0.0,0.0,0.015,0.0,0.0,0.0,0.0,0.0,0.895,1.0,0.954,0.0,0.012,0.0,0.0,0.027,0.026,0.026
847576884774928480039,Schwartz-Mackinnon-Necas,2026020007,2026,COL,LAK,HOME,20260930,line,5on5,52.0,13.0,0.0,0.0,0.0,0.0,0.0,0.0,0.0,0.0,0.0,0.0,0.0,0.0,0.0,0.0,0.0,0.0,0.0,0.0,0.0,0.0,0.0,0.0,0.0,0.0,0.0,0.0,0.0,0.0,0.0,0.0,0.0,0.0,0.0,0.0,0.0,0.0,0.0,0.0,0.0,0.0,0.0,0.0,0.0,0.0,0.0,0.0,0.0,0.0,0.0,0.0,0.0,0.0,0.0,0.0,0.0,0.0,0.0,0.0,0.0,0.0,0.0,0.0,0.0,1.0,1.0,0.0,0.0,0.0,0.0,0.0,0.0,0.0,0.0,0.0,0.0,0.0,0.0,0.0,0.0,0.0,0.0,0.0,0.0,0.0,0.0,0.0,0.0,0.0,0.0,0.975,0.0,0.0,0.0,0.0,0.0,0.0,0.0,0.0,0.0
84784548484258,Malinski-Juulsen,2026020007,2026,COL,LAK,HOME,20260930,pairing,5on5,85.0,8.0,1.0,1.0,1.0,0.732,0.006,0.046,0.138,0.001,0.45,0.359,0.006,0.006,0.006,1.0,0.0,1.0,2.0,0.0,0.0,0.0,0.0,0.0,1.0,0.0,1.0,1.0,0.0,0.0,0.0,0.0,0.0,1.0,1.0,0.0,0.0,0.006,0.0,0.0,0.0,0.0,0.0,2.052,1.0,1.038,0.0,0.009,0.0,0.0,0.015,0.015,0.015,0.0,0.0,0.0,0.0,0.0,0.0,0.0,0.0,0.0,0.0,0.0,0.0,0.0,0.0,0.0,0.0,0.0,0.0,0.0,0.0,0.0,0.0,0.0,1.0,2.0,1.0,1.0,0.0,0.0,0.0,0.0,0.0,0.0,0.0,0.0,0.0,0.0,0.0,0.0,0.0,0.0,0.0,0.0,0.0,0.0,0.0,0.0,0.0
84763128476967,Kulak-Manson,2026020007,2026,COL,LAK,HOME,20260930,pairing,5on5,39.0,13.0,0.0,0.0,0.0,0.0,0.0,0.0,0.0,0.0,0.0,0.0,0.0,0.0,0.0,0.0,0.0,0.0,0.0,0.0,0.0,0.0,0.0,0.0,0.0,0.0,0.0,0.0,0.0,0.0,0.0,0.0,0.0,0.0,0.0,0.0,0.0,0.0,0.0,0.0,0.0,0.0,0.0,0.0,0.0,0.0,0.0,0.0,0.0,0.0,0.0,0.0,0.0,0.0,0.0,0.0,0.0,0.0,0.0,0.0,0.0,0.0,0.0,0.0,0.0,1.0,1.0,0.0,0.0,0.0,0.0,0.0,0.0,0.0,0.0,0.0,0.0,0.0,0.0,0.0,0.0,0.0,0.0,0.0,0.0,0.0,0.0,0.0,0.0,0.0,0.0,0.895,0.0,0.0,0.0,0.0,0.0,0.0,0.0,0.0,0.0
847747684774928480039,Lehkonen-Mackinnon-Necas,2026020007,2026,COL,LAK,HOME,20260930,line,5on5,551.0,1.0,0.3997,0.4118,0.3571,3.846,0.295,0.369,0.674,0.007,1.707,1.948,0.295,0.296,0.296,5.0,0.0,2.0,7.0,1.0,0.0,0.0,1.0,0.0,3.0,0.0,4.0,4.0,2.0,7.0,4.0,4.0,0.0,3.0,3.0,2.0,0.0,0.061,0.235,0.0,1.0,0.0,0.0,7.28,5.0,5.149,0.0,0.077,0.0,0.0,0.372,0.373,0.373,6.454,0.443,0.592,1.262,0.015,3.307,3.38,0.443,0.453,0.452,8.0,1.0,1.0,10.0,0.0,0.0,0.0,2.0,0.0,3.0,4.0,8.0,9.0,2.0,7.0,8.0,2.0,3.0,1.0,7.0,2.0,0.0,0.241,0.203,0.0,0.0,0.0,0.0,9.996,9.0,8.933,0.0,0.123,0.0,0.0,0.566,0.578,0.577
847576884784628480039,Schwartz-Roy-Necas,2026020007,2026,COL,LAK,HOME,20260930,line,5on5,18.0,28.0,1.0,1.0,1.0,0.662,0.025,0.06,0.145,0.001,0.372,0.397,0.025,0.026,0.026,1.0,0.0,0.0,1.0,0.0,0.0,0.0,0.0,0.0,1.0,0.0,1.0,1.0,0.0,0.0,0.0,0.0,0.0,0.0,1.0,0.0,0.0,0.025,0.0,0.0,0.0,0.0,0.0,1.074,1.0,1.05,0.0,0.011,0.0,0.0,0.037,0.037,0.037,0.0,0.0,0.0,0.0,0.0,0.0,0.0,0.0,0.0,0.0,0.0,0.0,0.0,0.0,0.0,0.0,0.0,0.0,0.0,0.0,0.0,0.0,0.0,0.0,0.0,0.0,0.0,0.0,0.0,0.0,0.0,0.0,0.0,0.0,0.0,0.0,0.0,0.0,0.0,0.0,0.0,0.0,0.0,0.0,0.0,0.0,0.0,0.0
848044884827688486171,Kelly-Svechkov-Hughes,2026020007,2026,COL,LAK,HOME,20260930,line,5on5,129.0,5.0,0.2703,0.3333,0.3333,0.724,0.01,0.058,0.178,0.0,0.277,0.476,0.01,0.01,0.01,1.0,0.0,1.0,2.0,0.0,0.0,0.0,0.0,0.0,0.0,1.0,1.0,1.0,1.0,2.0,2.0,3.0,0.0,1.0,1.0,0.0,0.0,0.01,0.0,0.0,0.0,0.0,0.0,2.052,1.0,1.038,1.0,0.012,0.0,0.0,0.022,0.022,0.022,1.406,0.027,0.161,0.235,0.002,0.903,0.673,0.026,0.026,0.025,1.0,1.0,2.0,4.0,0.0,0.0,0.0,0.0,0.0,1.0,1.0,1.0,2.0,0.0,0.0,2.0,0.0,0.0,0.0,2.0,0.0,0.0,0.027,0.0,0.0,0.0,0.0,0.0,3.822,2.0,1.909,0.0,0.035,0.0,0.0,0.061,0.06,0.058
847575484774768478462,Lehkonen-Nelson-Roy,2026020007,2026,COL,LAK,HOME,20260930,line,5on5,11.0,30.0,1.0,1.0,1.0,0.934,0.3,0.098,0.082,0.002,0.254,0.263,0.3,0.311,0.311,0.0,1.0,1.0,2.0,0.0,0.0,0.0,0.0,0.0,0.0,1.0,0.0,1.0,0.0,0.0,0.0,0.0,1.0,0.0,0.0,0.0,1.0,0.0,0.0,0.3,0.0,0.0,0.0,2.264,1.0,1.05,0.0,0.022,0.0,0.0,0.322,0.334,0.334,0.0,0.0,0.0,0.0,0.0,0.0,0.0,0.0,0.0,0.0,0.0,0.0,0.0,0.0,0.0,0.0,0.0,0.0,0.0,0.0,0.0,0.0,0.0,0.0,0.0,0.0,0.0,0.0,0.0,0.0,0.0,0.0,0.0,0.0,0.0,0.0,0.0,0.0,0.0,0.0,0.0,0.0,0.0,0.0,0.0,0.0,0.0,0.0
847576884784628486171,Schwartz-Roy-Hughes,2026020007,2026,COL,LAK,HOME,20260930,line,5on5,102.0,7.0,0.0,0.0,0.0,0.0,0.0,0.0,0.0,0.0,0.0,0.0,0.0,0.0,0.0,0.0,0.0,0.0,0.0,0.0,0.0,0.0,0.0,0.0,0.0,0.0,0.0,0.0,0.0,0.0,0.0,0.0,0.0,0.0,0.0,0.0,0.0,0.0,0.0,0.0,0.0,0.0,0.0,0.0,0.0,0.0,0.0,0.0,0.0,0.0,0.0,0.0,0.0,0.0,0.0,0.0,0.0,0.0,0.0,0.0,0.0,0.0,0.0,0.0,0.0,1.0,1.0,0.0,0.0,0.0,0.0,0.0,0.0,0.0,0.0,0.0,1.0,2.0,1.0,0.0,0.0,2.0,0.0,0.0,0.0,0.0,0.0,0.0,0.0,0.0,0.0,0.895,0.0,0.0,1.0,0.0,0.0,0.0,0.0,0.0,0.0
847576884764558486171,Landeskog-Hughes-Schwartz,2026020007,2026,COL,LAK,HOME,20260930,line,5on5,52.0,12.0,0.0,0.0,0.0,0.0,0.0,0.0,0.0,0.0,0.0,0.0,0.0,0.0,0.0,0.0,0.0,0.0,0.0,0.0,0.0,0.0,0.0,0.0,0.0,0.0,0.0,0.0,0.0,0.0,1.0,1.0,0.0,0.0,0.0,0.0,0.0,0.0,0.0,0.0,0.0,0.0,0.0,0.0,0.0,0.0,0.0,0.0,0.0,0.0,0.0,0.0,0.0,0.0,0.0,0.0,0.0,0.0,0.0,0.0,0.0,0.0,0.0,0.0,0.0,0.0,0.0,0.0,0.0,0.0,0.0,0.0,0.0,0.0,0.0,0.0,0.0,0.0,0.0,0.0,0.0,1.0,0.0,0.0,0.0,0.0,0.0,0.0,0.0,0.0,0.0,0.0,0.0,0.0,1.0,0.0,0.0,0.0,0.0,0.0,0.0
847517284774768478462,Lehkonen-Roy-Kadri,2026020007,2026,COL,LAK,HOME,20260930,line,5on5,52.0,11.0,0.0,0.0,0.0,0.0,0.0,0.0,0.0,0.0,0.0,0.0,0.0,0.0,0.0,0.0,0.0,0.0,0.0,0.0,0.0,0.0,0.0,0.0,0.0,0.0,0.0,0.0,0.0,0.0,0.0,0.0,0.0,0.0,0.0,0.0,0.0,0.0,0.0,0.0,0.0,0.0,0.0,0.0,0.0,0.0,0.0,0.0,0.0,0.0,0.0,0.0,0.0,0.0,0.0,0.0,0.0,0.0,0.0,0.0,0.0,0.0,0.0,0.0,0.0,0.0,0.0,0.0,0.0,0.0,0.0,0.0,0.0,0.0,0.0,0.0,0.0,0.0,0.0,2.0,0.0,0.0,0.0,0.0,0.0,0.0,0.0,0.0,0.0,0.0,0.0,0.0,0.0,0.0,0.0,0.0,0.0,0.0,0.0,0.0,0.0
84763128478038,Toews-Manson,2026020007,2026,COL,LAK,HOME,20260930,pairing,5on5,12.0,16.0,0.0,0.0,0.0,0.0,0.0,0.0,0.0,0.0,0.0,0.0,0.0,0.0,0.0,0.0,0.0,0.0,0.0,0.0,0.0,0.0,0.0,0.0,0.0,0.0,0.0,0.0,0.0,0.0,0.0,0.0,0.0,0.0,0.0,0.0,0.0,0.0,0.0,0.0,0.0,0.0,0.0,0.0,0.0,0.0,0.0,0.0,0.0,0.0,0.0,0.0,0.0,0.0,0.0,0.0,0.0,0.0,0.0,0.0,0.0,0.0,0.0,0.0,0.0,0.0,0.0,0.0,0.0,0.0,0.0,0.0,0.0,0.0,0.0,0.0,0.0,0.0,0.0,0.0,0.0,0.0,0.0,0.0,0.0,0.0,0.0,0.0,0.0,0.0,0.0,0.0,0.0,0.0,0.0,0.0,0.0,0.0,0.0,0.0,0.0
848003984804488482768,Kelly-Svechkov-Necas,2026020007,2026,COL,LAK,HOME,20260930,line,5on5,25.0,24.0,0.0,0.0,0.0,0.0,0.0,0.0,0.0,0.0,0.0,0.0,0.0,0.0,0.0,0.0,0.0,0.0,0.0,0.0,0.0,0.0,0.0,0.0,0.0,0.0,0.0,0.0,0.0,0.0,0.0,1.0,0.0,0.0,0.0,0.0,0.0,0.0,0.0,0.0,0.0,0.0,0.0,0.0,0.0,0.0,0.0,0.0,0.0,0.0,0.0,0.0,0.0,0.0,0.0,0.0,0.0,0.0,0.0,0.0,0.0,0.0,0.0,0.0,0.0,1.0,1.0,0.0,0.0,0.0,0.0,0.0,0.0,0.0,0.0,0.0,0.0,0.0,0.0,0.0,0.0,0.0,0.0,0.0,0.0,0.0,0.0,0.0,0.0,0.0,0.0,0.975,0.0,0.0,0.0,0.0,0.0,0.0,0.0,0.0,0.0
84769678478454,Kulak-Juulsen,2026020007,2026,COL,LAK,HOME,20260930,pairing,5on5,364.0,4.0,0.0568,0.5455,0.1667,0.734,0.018,0.07,0.155,0.001,0.377,0.379,0.018,0.018,0.018,1.0,0.0,5.0,6.0,0.0,0.0,0.0,0.0,0.0,0.0,1.0,1.0,1.0,2.0,4.0,3.0,2.0,0.0,0.0,1.0,0.0,0.0,0.018,0.0,0.0,0.0,0.0,0.0,6.416,1.0,1.05,0.0,0.014,0.0,0.0,0.032,0.033,0.033,3.908,0.299,0.401,0.679,0.008,1.69,1.922,0.293,0.297,0.291,3.0,2.0,0.0,5.0,0.0,1.0,0.0,0.0,0.0,2.0,2.0,3.0,5.0,0.0,0.0,1.0,3.0,0.0,3.0,3.0,2.0,0.0,0.074,0.224,0.0,0.0,0.0,0.0,4.758,5.0,4.792,1.0,0.085,0.05,0.05,0.334,0.331,0.329
847846284804488482768,Kelly-Roy-Svechkov,2026020007,2026,COL,LAK,HOME,20260930,line,5on5,179.0,3.0,0.1619,0.5,0.4,1.477,0.034,0.124,0.322,0.003,0.723,0.795,0.034,0.035,0.035,1.0,1.0,1.0,3.0,0.0,0.0,0.0,0.0,0.0,1.0,1.0,1.0,2.0,0.0,0.0,0.0,1.0,1.0,2.0,2.0,0.0,0.0,0.034,0.0,0.0,0.0,0.0,0.0,3.184,2.0,2.089,1.0,0.026,0.0,0.0,0.06,0.062,0.062,2.244,0.176,0.156,0.265,0.006,0.727,1.67,0.176,0.173,0.173,1.0,2.0,0.0,3.0,0.0,0.0,0.0,0.0,0.0,1.0,2.0,1.0,3.0,1.0,2.0,3.0,3.0,1.0,0.0,2.0,1.0,0.0,0.075,0.102,0.0,0.0,0.0,0.0,2.845,3.0,2.883,0.0,0.032,0.0,0.0,0.208,0.204,0.204
84769678484258,Kulak-Malinski,2026020007,2026,COL,LAK,HOME,20260930,pairing,5on5,433.0,3.0,0.7368,0.5714,0.6,4.506,0.725,0.45,0.754,0.011,1.877,2.183,0.714,0.737,0.727,4.0,2.0,2.0,8.0,0.0,1.0,0.0,2.0,0.0,1.0,2.0,4.0,6.0,0.0,0.0,0.0,2.0,1.0,1.0,2.0,3.0,1.0,0.091,0.334,0.3,0.0,0.0,0.0,8.576,6.0,6.199,1.0,0.091,0.087,0.087,0.728,0.742,0.739,2.791,0.259,0.286,0.576,0.007,1.226,1.646,0.259,0.255,0.255,2.0,2.0,2.0,6.0,0.0,0.0,0.0,2.0,0.0,1.0,1.0,2.0,4.0,0.0,0.0,4.0,3.0,3.0,1.0,3.0,1.0,0.0,0.158,0.102,0.0,0.0,0.0,0.0,5.747,4.0,3.903,0.0,0.057,0.0,0.0,0.316,0.312,0.312
84788548480803,Shea-Bouchard,2026020004,2026,EDM,VAN,HOME,20260929,pairing,5on5,217.0,6.0,0.7066,0.5714,0.5,2.548,0.354,0.164,0.245,0.007,0.905,1.325,0.351,0.321,0.318,3.0,0.0,1.0,4.0,1.0,0.0,0.0,0.0,0.0,2.0,0.0,2.0,2.0,0.0,0.0,6.0,0.0,0.0,1.0,2.0,0.0,1.0,0.013,0.0,0.342,0.0,0.0,1.0,3.617,3.0,2.737,1.0,0.033,0.0,0.0,0.388,0.351,0.348,2.128,0.147,0.235,0.446,0.008,1.083,1.081,0.145,0.167,0.166,2.0,1.0,0.0,3.0,0.0,0.0,0.0,0.0,0.0,2.0,1.0,2.0,3.0,0.0,0.0,0.0,1.0,1.0,1.0,2.0,1.0,0.0,0.05,0.097,0.0,0.0,0.0,0.0,3.531,3.0,3.422,1.0,0.048,0.0,0.0,0.195,0.222,0.22
84788548480803,Shea-Bouchard,2026020015,2026,EDM,VAN,AWAY,20261001,pairing,5on5,134.0,5.0,0.4384,0.6667,0.6667,1.444,0.032,0.107,0.089,0.006,0.769,0.997,0.032,0.037,0.037,2.0,0.0,0.0,2.0,1.0,0.0,0.0,0.0,0.0,0.0,1.0,1.0,1.0,0.0,0.0,0.0,0.0,0.0,1.0,2.0,0.0,0.0,0.032,0.0,0.0,1.0,0.0,0.0,2.368,2.0,2.307,1.0,0.021,0.0,0.0,0.054,0.062,0.062,0.737,0.041,0.061,0.179,0.001,0.271,0.446,0.041,0.036,0.036,1.0,0.0,0.0,1.0,0.0,0.0,0.0,0.0,0.0,1.0,0.0,1.0,1.0,0.0,0.0,2.0,1.0,0.0,2.0,1.0,0.0,0.0,0.041,0.0,0.0,0.0,0.0,0.0,0.85,1.0,0.878,0.0,0.012,0.0,0.0,0.053,0.047,0.047
84752188480803,Ekholm-Bouchard,2026020004,2026,EDM,VAN,HOME,20260929,pairing,5on5,825.0,1.0,0.8793,0.84,0.8667,9.404,0.816,0.893,1.769,0.02,4.677,4.825,0.78,0.761,0.728,10.0,3.0,8.0,21.0,2.0,2.0,0.0,0.0,0.0,5.0,4.0,8.0,11.0,1.0,2.0,7.0,10.0,0.0,6.0,10.0,2.0,1.0,0.268,0.339,0.21,1.0,0.0,1.0,19.6,13.0,12.078,3.0,0.184,0.046,0.046,0.954,0.89,0.855,1.794,0.112,0.143,0.139,0.004,0.524,1.079,0.112,0.118,0.118,2.0,0.0,2.0,4.0,0.0,0.0,0.0,0.0,0.0,1.0,1.0,2.0,2.0,0.0,0.0,6.0,5.0,0.0,3.0,1.0,1.0,0.0,0.004,0.108,0.0,0.0,0.0,0.0,4.199,2.0,2.061,3.0,0.031,0.0,0.0,0.143,0.151,0.151
84752188480803,Ekholm-Bouchard,2026020015,2026,EDM,VAN,AWAY,20261001,pairing,5on5,726.0,2.0,0.6758,0.7778,0.8462,8.125,0.517,0.91,1.249,0.021,4.455,3.848,0.488,0.579,0.546,8.0,3.0,3.0,14.0,2.0,1.0,0.0,1.0,0.0,5.0,2.0,6.0,9.0,1.0,2.0,5.0,4.0,1.0,2.0,8.0,2.0,1.0,0.104,0.198,0.214,1.0,0.0,1.0,16.057,11.0,12.313,1.0,0.184,0.01,0.01,0.692,0.772,0.732,1.568,0.248,0.262,0.191,0.004,0.636,0.659,0.248,0.219,0.219,0.0,2.0,2.0,4.0,0.0,0.0,0.0,0.0,0.0,1.0,1.0,0.0,2.0,0.0,0.0,11.0,3.0,0.0,8.0,1.0,1.0,0.0,0.071,0.177,0.0,0.0,0.0,0.0,3.4,2.0,1.757,1.0,0.058,0.0,0.0,0.307,0.271,0.271
84764738478013,Walman-Murphy,2026020004,2026,EDM,VAN,HOME,20260929,pairing,5on5,525.0,3.0,0.4644,0.381,0.5,5.155,0.418,0.428,1.029,0.011,2.691,2.424,0.402,0.388,0.374,5.0,2.0,1.0,8.0,0.0,0.0,0.0,2.0,0.0,3.0,2.0,5.0,7.0,0.0,0.0,4.0,8.0,0.0,3.0,4.0,3.0,0.0,0.062,0.356,0.0,0.0,0.0,0.0,7.3,7.0,6.448,1.0,0.085,0.0,0.0,0.503,0.467,0.449,5.139,0.482,0.432,0.903,0.012,2.706,2.466,0.481,0.524,0.523,6.0,1.0,6.0,13.0,1.0,0.0,0.0,0.0,0.0,2.0,4.0,5.0,6.0,1.0,2.0,3.0,2.0,0.0,3.0,5.0,1.0,1.0,0.122,0.097,0.263,0.0,0.0,1.0,14.126,7.0,7.493,2.0,0.088,0.0,0.0,0.57,0.619,0.619
84764738478013,Walman-Murphy,2026020015,2026,EDM,VAN,AWAY,20261001,pairing,5on5,79.0,8.0,0.0,0.0,0.0,0.0,0.0,0.0,0.0,0.0,0.0,0.0,0.0,0.0,0.0,0.0,0.0,0.0,0.0,0.0,0.0,0.0,0.0,0.0,0.0,0.0,0.0,0.0,0.0,0.0,0.0,1.0,0.0,1.0,0.0,0.0,0.0,0.0,0.0,0.0,0.0,0.0,0.0,0.0,0.0,0.0,0.0,0.0,0.0,0.0,0.0,0.0,0.0,0.0,0.0,0.0,0.0,0.0,0.0,0.0,0.0,0.0,0.0,0.0,0.0,0.0,0.0,0.0,0.0,0.0,0.0,0.0,0.0,0.0,0.0,0.0,0.0,0.0,2.0,2.0,0.0,1.0,0.0,0.0,0.0,0.0,0.0,0.0,0.0,0.0,0.0,0.0,0.0,0.0,0.0,0.0,0.0,0.0,0.0,0.0,0.0
84808038482166,Mukhamadullin-Bouchard,2026020004,2026,EDM,VAN,HOME,20260929,pairing,5on5,31.0,11.0,0.0,0.0,0.0,0.0,0.0,0.0,0.0,0.0,0.0,0.0,0.0,0.0,0.0,0.0,0.0,0.0,0.0,0.0,0.0,0.0,0.0,0.0,0.0,0.0,0.0,0.0,0.0,0.0,0.0,0.0,0.0,0.0,0.0,0.0,0.0,0.0,0.0,0.0,0.0,0.0,0.0,0.0,0.0,0.0,0.0,0.0,0.0,0.0,0.0,0.0,0.0,0.917,0.14,0.135,0.127,0.001,0.309,0.288,0.14,0.156,0.156,1.0,0.0,0.0,1.0,1.0,0.0,0.0,0.0,0.0,0.0,0.0,0.0,0.0,0.0,0.0,0.0,0.0,0.0,0.0,0.0,1.0,0.0,0.0,0.14,0.0,0.0,1.0,0.0,1.154,1.0,1.146,0.0,0.03,0.0,0.0,0.17,0.189,0.189
84808038482166,Mukhamadullin-Bouchard,2026020015,2026,EDM,VAN,AWAY,20261001,pairing,5on5,115.0,6.0,0.7811,0.3333,0.3333,0.661,0.157,0.089,0.108,0.001,0.241,0.404,0.157,0.172,0.172,1.0,0.0,0.0,1.0,0.0,0.0,0.0,0.0,0.0,1.0,0.0,1.0,1.0,0.0,0.0,0.0,0.0,0.0,1.0,0.0,1.0,0.0,0.0,0.157,0.0,0.0,0.0,0.0,1.103,1.0,1.1,0.0,0.018,0.0,0.0,0.175,0.191,0.191,1.434,0.044,0.15,0.277,0.003,0.66,0.867,0.04,0.04,0.036,1.0,1.0,0.0,2.0,0.0,0.0,0.0,0.0,0.0,1.0,1.0,1.0,2.0,0.0,0.0,0.0,2.0,0.0,0.0,2.0,0.0,0.0,0.044,0.0,0.0,0.0,0.0,0.0,1.765,2.0,1.795,0.0,0.032,0.0,0.0,0.076,0.069,0.062
847795384793688482703,Jones-Dach-Kapanen,2026020004,2026,EDM,VAN,HOME,20260929,line,5on5,25.0,11.0,1.0,1.0,1.0,1.43,0.032,0.221,0.206,0.005,0.714,0.822,0.032,0.029,0.029,0.0,2.0,0.0,2.0,0.0,1.0,0.0,0.0,0.0,0.0,1.0,0.0,2.0,0.0,0.0,0.0,0.0,0.0,0.0,2.0,0.0,0.0,0.032,0.0,0.0,0.0,0.0,0.0,1.83,2.0,1.833,0.0,0.046,0.024,0.024,0.054,0.049,0.049,0.0,0.0,0.0,0.0,0.0,0.0,0.0,0.0,0.0,0.0,0.0,0.0,0.0,0.0,0.0,0.0,0.0,0.0,0.0,0.0,0.0,0.0,0.0,0.0,0.0,0.0,0.0,0.0,0.0,0.0,0.0,0.0,0.0,0.0,0.0,0.0,0.0,0.0,0.0,0.0,0.0,0.0,0.0,0.0,0.0,0.0,0.0,0.0
847795384793688482703,Jones-Dach-Kapanen,2026020015,2026,EDM,VAN,AWAY,20261001,line,5on5,538.0,3.0,0.1126,0.4444,0.3846,3.489,0.116,0.288,0.637,0.005,1.994,1.96,0.114,0.126,0.125,3.0,2.0,3.0,8.0,0.0,1.0,0.0,1.0,0.0,2.0,1.0,3.0,5.0,1.0,2.0,5.0,3.0,1.0,3.0,4.0,1.0,0.0,0.035,0.081,0.0,0.0,0.0,0.0,8.651,5.0,5.292,1.0,0.059,0.019,0.019,0.156,0.169,0.167,5.999,0.914,0.691,1.046,0.019,2.558,2.773,0.864,0.808,0.763,5.0,3.0,2.0,10.0,3.0,2.0,2.0,0.0,0.0,2.0,1.0,2.0,5.0,2.0,4.0,4.0,5.0,1.0,5.0,4.0,2.0,2.0,0.117,0.26,0.537,0.0,1.0,2.0,8.5,8.0,7.026,3.0,0.148,0.537,0.537,0.525,0.464,0.458
847578684779348478402,Hyman-Draisaitl-Mcdavid,2026020004,2026,EDM,VAN,HOME,20260929,line,5on5,67.0,5.0,0.3152,0.5,0.3333,0.774,0.052,0.053,0.158,0.002,0.431,0.303,0.052,0.05,0.05,1.0,0.0,1.0,2.0,0.0,0.0,0.0,0.0,0.0,1.0,0.0,1.0,1.0,0.0,0.0,1.0,0.0,0.0,3.0,1.0,0.0,0.0,0.052,0.0,0.0,0.0,0.0,0.0,1.94,1.0,0.971,1.0,0.012,0.0,0.0,0.064,0.061,0.061,1.399,0.113,0.177,0.273,0.004,0.703,0.73,0.111,0.13,0.128,1.0,1.0,0.0,2.0,0.0,0.0,0.0,0.0,0.0,1.0,1.0,1.0,2.0,0.0,0.0,1.0,1.0,0.0,0.0,1.0,1.0,0.0,0.016,0.097,0.0,0.0,0.0,0.0,2.428,2.0,2.322,0.0,0.037,0.0,0.0,0.15,0.173,0.17
84780138480803,Walman-Bouchard,2026020004,2026,EDM,VAN,HOME,20260929,pairing,5on5,93.0,9.0,0.8611,0.6667,0.75,2.337,0.155,0.294,0.449,0.003,1.089,1.01,0.155,0.143,0.142,3.0,0.0,1.0,4.0,1.0,1.0,0.0,0.0,0.0,1.0,0.0,2.0,2.0,0.0,0.0,2.0,0.0,0.0,1.0,2.0,1.0,0.0,0.021,0.135,0.0,1.0,0.0,0.0,3.66,3.0,2.749,0.0,0.066,0.135,0.135,0.087,0.08,0.079,0.794,0.025,0.065,0.194,0.002,0.212,0.502,0.025,0.026,0.026,1.0,0.0,1.0,2.0,0.0,0.0,0.0,0.0,0.0,0.0,1.0,1.0,1.0,1.0,2.0,0.0,0.0,0.0,0.0,1.0,0.0,0.0,0.025,0.0,0.0,0.0,0.0,0.0,2.246,1.0,1.03,0.0,0.013,0.0,0.0,0.038,0.04,0.04
84780138480803,Walman-Bouchard,2026020015,2026,EDM,VAN,AWAY,20261001,pairing,5on5,47.0,10.0,1.0,1.0,1.0,0.744,0.01,0.02,0.102,0.001,0.306,0.56,0.01,0.012,0.012,1.0,0.0,0.0,1.0,0.0,0.0,0.0,0.0,0.0,0.0,1.0,1.0,1.0,0.0,0.0,0.0,0.0,0.0,1.0,1.0,0.0,0.0,0.01,0.0,0.0,0.0,0.0,0.0,1.214,1.0,1.161,0.0,0.004,0.0,0.0,0.014,0.017,0.017,0.0,0.0,0.0,0.0,0.0,0.0,0.0,0.0,0.0,0.0,0.0,0.0,0.0,0.0,0.0,0.0,0.0,0.0,0.0,0.0,0.0,0.0,0.0,0.0,0.0,0.0,0.0,0.0,1.0,0.0,0.0,0.0,0.0,0.0,0.0,0.0,0.0,0.0,0.0,0.0,0.0,1.0,0.0,0.0,0.0,0.0,0.0,0.0
84764738478854,Shea-Murphy,2026020004,2026,EDM,VAN,HOME,20260929,pairing,5on5,229.0,5.0,0.7895,0.5,0.6667,1.398,0.045,0.125,0.272,0.006,0.8,0.751,0.045,0.041,0.041,2.0,0.0,0.0,2.0,0.0,0.0,0.0,1.0,0.0,0.0,1.0,2.0,2.0,0.0,0.0,2.0,3.0,0.0,0.0,2.0,0.0,0.0,0.045,0.0,0.0,0.0,0.0,0.0,1.885,2.0,1.888,0.0,0.025,0.0,0.0,0.069,0.064,0.064,0.78,0.012,0.064,0.213,0.0,0.383,0.326,0.012,0.014,0.014,0.0,1.0,1.0,2.0,0.0,0.0,0.0,0.0,0.0,1.0,0.0,0.0,1.0,0.0,0.0,1.0,1.0,1.0,2.0,1.0,0.0,0.0,0.012,0.0,0.0,0.0,0.0,0.0,2.206,1.0,1.1,0.0,0.013,0.0,0.0,0.025,0.027,0.027
84764738478854,Shea-Murphy,2026020015,2026,EDM,VAN,AWAY,20261001,pairing,5on5,883.0,1.0,0.5867,0.4737,0.5714,6.159,0.687,0.653,1.049,0.014,2.73,2.867,0.644,0.789,0.739,6.0,2.0,1.0,9.0,2.0,1.0,1.0,1.0,0.0,2.0,2.0,4.0,6.0,0.0,0.0,8.0,10.0,1.0,5.0,5.0,2.0,1.0,0.105,0.321,0.262,0.0,1.0,1.0,10.198,8.0,8.896,2.0,0.14,0.262,0.262,0.566,0.645,0.64,4.708,0.484,0.608,0.747,0.009,1.98,2.172,0.48,0.433,0.429,4.0,2.0,4.0,10.0,1.0,2.0,1.0,1.0,0.0,1.0,1.0,3.0,5.0,3.0,6.0,5.0,10.0,1.0,4.0,5.0,0.0,1.0,0.223,0.0,0.261,1.0,0.0,0.0,8.685,6.0,5.363,3.0,0.126,0.093,0.093,0.518,0.464,0.462
847847284834558486161,Howard-Michaels-Joseph,2026020004,2026,EDM,VAN,HOME,20260929,line,5on5,11.0,16.0,0.0,0.0,0.0,0.0,0.0,0.0,0.0,0.0,0.0,0.0,0.0,0.0,0.0,0.0,0.0,0.0,0.0,0.0,0.0,0.0,0.0,0.0,0.0,0.0,0.0,0.0,0.0,0.0,0.0,1.0,0.0,0.0,0.0,0.0,0.0,0.0,0.0,0.0,0.0,0.0,0.0,0.0,0.0,0.0,0.0,0.0,0.0,0.0,0.0,0.0,0.0,0.0,0.0,0.0,0.0,0.0,0.0,0.0,0.0,0.0,0.0,0.0,0.0,0.0,0.0,0.0,0.0,0.0,0.0,0.0,0.0,0.0,0.0,0.0,0.0,0.0,0.0,0.0,0.0,0.0,0.0,0.0,0.0,0.0,0.0,0.0,0.0,0.0,0.0,0.0,0.0,0.0,0.0,0.0,0.0,0.0,0.0,0.0,0.0
84752188478013,Ekholm-Walman,2026020004,2026,EDM,VAN,HOME,20260929,pairing,5on5,20.0,13.0,1.0,1.0,1.0,0.715,0.056,0.064,0.158,0.001,0.317,0.404,0.056,0.052,0.052,1.0,0.0,0.0,1.0,0.0,0.0,0.0,1.0,0.0,0.0,0.0,1.0,1.0,0.0,0.0,0.0,0.0,0.0,0.0,1.0,0.0,0.0,0.056,0.0,0.0,0.0,0.0,0.0,0.915,1.0,0.916,0.0,0.012,0.0,0.0,0.069,0.063,0.063,0.0,0.0,0.0,0.0,0.0,0.0,0.0,0.0,0.0,0.0,0.0,0.0,0.0,0.0,0.0,0.0,0.0,0.0,0.0,0.0,0.0,0.0,0.0,0.0,0.0,0.0,0.0,1.0,0.0,0.0,0.0,0.0,0.0,0.0,0.0,0.0,0.0,0.0,0.0,0.0,0.0,0.0,0.0,0.0,0.0,0.0,0.0,0.0
84752188478013,Ekholm-Walman,2026020015,2026,EDM,VAN,AWAY,20261001,pairing,5on5,18.0,13.0,1.0,1.0,1.0,0.704,0.046,0.061,0.171,0.002,0.297,0.421,0.046,0.053,0.053,1.0,0.0,1.0,2.0,0.0,0.0,0.0,0.0,0.0,1.0,0.0,1.0,1.0,1.0,2.0,0.0,0.0,0.0,0.0,1.0,0.0,0.0,0.046,0.0,0.0,0.0,0.0,0.0,2.428,1.0,1.161,0.0,0.012,0.0,0.0,0.058,0.067,0.067,0.0,0.0,0.0,0.0,0.0,0.0,0.0,0.0,0.0,0.0,0.0,0.0,0.0,0.0,0.0,0.0,0.0,0.0,0.0,0.0,0.0,0.0,0.0,0.0,0.0,0.0,0.0,0.0,0.0,0.0,0.0,0.0,0.0,0.0,0.0,0.0,0.0,0.0,0.0,0.0,0.0,0.0,0.0,0.0,0.0,0.0,0.0,0.0
847793484779538479368,Jones-Draisaitl-Kapanen,2026020004,2026,EDM,VAN,HOME,20260929,line,5on5,28.0,9.0,1.0,1.0,1.0,0.93,0.003,0.006,0.014,0.003,0.237,0.736,0.003,0.003,0.003,1.0,0.0,1.0,2.0,0.0,0.0,0.0,0.0,0.0,1.0,0.0,1.0,1.0,0.0,0.0,0.0,0.0,0.0,0.0,1.0,0.0,0.0,0.003,0.0,0.0,0.0,0.0,0.0,1.94,1.0,0.971,0.0,0.001,0.0,0.0,0.005,0.004,0.004,0.0,0.0,0.0,0.0,0.0,0.0,0.0,0.0,0.0,0.0,0.0,0.0,0.0,0.0,0.0,0.0,0.0,0.0,0.0,0.0,0.0,0.0,0.0,0.0,0.0,0.0,0.0,0.0,0.0,0.0,0.0,0.0,0.0,0.0,0.0,0.0,0.0,0.0,0.0,0.0,0.0,0.0,0.0,0.0,0.0,0.0,0.0,0.0
847936584827038483455,Howard-Dach-Frederic,2026020004,2026,EDM,VAN,HOME,20260929,line,5on5,10.0,17.0,0.0,0.0,0.0,0.0,0.0,0.0,0.0,0.0,0.0,0.0,0.0,0.0,0.0,0.0,0.0,0.0,0.0,0.0,0.0,0.0,0.0,0.0,0.0,0.0,0.0,0.0,0.0,0.0,0.0,0.0,0.0,0.0,0.0,0.0,0.0,0.0,0.0,0.0,0.0,0.0,0.0,0.0,0.0,0.0,0.0,0.0,0.0,0.0,0.0,0.0,0.0,0.0,0.0,0.0,0.0,0.0,0.0,0.0,0.0,0.0,0.0,0.0,0.0,0.0,0.0,0.0,0.0,0.0,0.0,0.0,0.0,0.0,0.0,0.0,0.0,0.0,0.0,1.0,0.0,0.0,0.0,0.0,0.0,0.0,0.0,0.0,0.0,0.0,0.0,0.0,0.0,0.0,0.0,0.0,0.0,0.0,0.0,0.0,0.0
847847284816178486161,Podkolzin-Michaels-Joseph,2026020015,2026,EDM,VAN,AWAY,20261001,line,5on5,21.0,12.0,0.0,0.0,0.0,0.0,0.0,0.0,0.0,0.0,0.0,0.0,0.0,0.0,0.0,0.0,0.0,0.0,0.0,0.0,0.0,0.0,0.0,0.0,0.0,0.0,0.0,0.0,0.0,0.0,0.0,0.0,0.0,0.0,0.0,0.0,0.0,0.0,0.0,0.0,0.0,0.0,0.0,0.0,0.0,0.0,0.0,0.0,0.0,0.0,0.0,0.0,0.0,0.954,0.177,0.184,0.125,0.003,0.236,0.275,0.177,0.156,0.156,0.0,1.0,0.0,1.0,0.0,0.0,0.0,0.0,0.0,1.0,0.0,0.0,1.0,0.0,0.0,0.0,0.0,0.0,0.0,0.0,1.0,0.0,0.0,0.177,0.0,0.0,0.0,0.0,0.85,1.0,0.878,0.0,0.041,0.0,0.0,0.218,0.193,0.193
847795384784028481617,Kapanen-Mcdavid-Podkolzin,2026020004,2026,EDM,VAN,HOME,20260929,line,5on5,8.0,18.0,0.0,0.0,0.0,0.0,0.0,0.0,0.0,0.0,0.0,0.0,0.0,0.0,0.0,0.0,0.0,0.0,0.0,0.0,0.0,0.0,0.0,0.0,0.0,0.0,0.0,0.0,0.0,0.0,0.0,0.0,0.0,0.0,0.0,0.0,0.0,0.0,0.0,0.0,0.0,0.0,0.0,0.0,0.0,0.0,0.0,0.0,0.0,0.0,0.0,0.0,0.0,0.917,0.14,0.135,0.127,0.001,0.309,0.288,0.14,0.156,0.156,1.0,0.0,0.0,1.0,1.0,0.0,0.0,0.0,0.0,0.0,0.0,0.0,0.0,0.0,0.0,0.0,0.0,0.0,0.0,0.0,1.0,0.0,0.0,0.14,0.0,0.0,1.0,0.0,1.154,1.0,1.146,0.0,0.03,0.0,0.0,0.17,0.189,0.189
84752188478854,Shea-Ekholm,2026020004,2026,EDM,VAN,HOME,20260929,pairing,5on5,49.0,10.0,0.0,0.0,0.0,0.0,0.0,0.0,0.0,0.0,0.0,0.0,0.0,0.0,0.0,0.0,0.0,0.0,0.0,0.0,0.0,0.0,0.0,0.0,0.0,0.0,0.0,0.0,0.0,0.0,1.0,0.0,0.0,0.0,0.0,0.0,0.0,0.0,0.0,0.0,0.0,0.0,0.0,0.0,0.0,0.0,0.0,0.0,0.0,0.0,0.0,0.0,0.0,0.883,0.005,0.01,0.028,0.001,0.319,0.638,0.005,0.005,0.005,1.0,0.0,0.0,1.0,0.0,0.0,0.0,0.0,0.0,1.0,0.0,1.0,1.0,0.0,0.0,1.0,0.0,0.0,1.0,1.0,0.0,0.0,0.005,0.0,0.0,0.0,0.0,0.0,1.103,1.0,1.1,1.0,0.002,0.0,0.0,0.007,0.007,0.007
84752188478854,Shea-Ekholm,2026020015,2026,EDM,VAN,AWAY,20261001,pairing,5on5,38.0,12.0,0.0,0.0,0.0,0.0,0.0,0.0,0.0,0.0,0.0,0.0,0.0,0.0,0.0,0.0,0.0,0.0,0.0,0.0,0.0,0.0,0.0,0.0,0.0,0.0,0.0,0.0,0.0,0.0,0.0,0.0,0.0,0.0,0.0,0.0,0.0,0.0,0.0,0.0,0.0,0.0,0.0,0.0,0.0,0.0,0.0,0.0,0.0,0.0,0.0,0.0,0.0,0.0,0.0,0.0,0.0,0.0,0.0,0.0,0.0,0.0,0.0,0.0,0.0,0.0,0.0,0.0,0.0,0.0,0.0,0.0,0.0,0.0,0.0,0.0,1.0,2.0,0.0,0.0,0.0,0.0,0.0,0.0,0.0,0.0,0.0,0.0,0.0,0.0,0.0,0.0,0.0,0.0,0.0,0.0,0.0,0.0,0.0,0.0,0.0
847793484784028481617,Draisaitl-Mcdavid-Podkolzin,2026020015,2026,EDM,VAN,AWAY,20261001,line,5on5,724.0,1.0,0.6275,0.75,0.7059,9.067,0.77,0.853,1.212,0.024,4.304,4.837,0.767,0.876,0.872,9.0,3.0,3.0,15.0,3.0,0.0,0.0,1.0,0.0,5.0,3.0,6.0,9.0,0.0,0.0,4.0,4.0,1.0,2.0,8.0,3.0,1.0,0.116,0.42,0.234,2.0,1.0,0.0,17.493,12.0,13.594,1.0,0.178,0.0,0.0,0.948,1.076,1.072,3.328,0.457,0.367,0.446,0.014,1.488,2.227,0.405,0.405,0.359,2.0,3.0,0.0,5.0,0.0,0.0,0.0,0.0,0.0,1.0,4.0,2.0,5.0,1.0,2.0,10.0,5.0,0.0,7.0,3.0,2.0,0.0,0.14,0.317,0.0,0.0,0.0,0.0,4.315,5.0,4.43,2.0,0.078,0.0,0.0,0.535,0.475,0.421
847795384793688484509,Jones-Samanski-Kapanen,2026020015,2026,EDM,VAN,AWAY,20261001,line,5on5,63.0,5.0,0.0652,0.5,0.5,0.773,0.003,0.062,0.145,0.002,0.442,0.347,0.003,0.004,0.004,0.0,1.0,0.0,1.0,0.0,0.0,0.0,0.0,0.0,1.0,0.0,0.0,1.0,0.0,0.0,1.0,0.0,0.0,0.0,1.0,0.0,0.0,0.003,0.0,0.0,0.0,0.0,0.0,1.214,1.0,1.161,0.0,0.013,0.0,0.0,0.016,0.019,0.019,0.667,0.043,0.067,0.185,0.001,0.376,0.329,0.043,0.038,0.038,1.0,0.0,0.0,1.0,0.0,0.0,0.0,1.0,0.0,0.0,0.0,1.0,1.0,0.0,0.0,0.0,0.0,0.0,1.0,1.0,0.0,0.0,0.043,0.0,0.0,0.0,0.0,0.0,0.85,1.0,0.878,1.0,0.013,0.0,0.0,0.056,0.049,0.049
84764738480803,Murphy-Bouchard,2026020004,2026,EDM,VAN,HOME,20260929,pairing,5on5,13.0,14.0,0.0,0.0,0.0,0.0,0.0,0.0,0.0,0.0,0.0,0.0,0.0,0.0,0.0,0.0,0.0,0.0,0.0,0.0,0.0,0.0,0.0,0.0,0.0,0.0,0.0,0.0,0.0,0.0,0.0,0.0,0.0,0.0,0.0,0.0,0.0,0.0,0.0,0.0,0.0,0.0,0.0,0.0,0.0,0.0,0.0,0.0,0.0,0.0,0.0,0.0,0.0,0.0,0.0,0.0,0.0,0.0,0.0,0.0,0.0,0.0,0.0,0.0,0.0,0.0,0.0,0.0,0.0,0.0,0.0,0.0,0.0,0.0,0.0,0.0,0.0,0.0,0.0,1.0,0.0,0.0,0.0,0.0,0.0,0.0,0.0,0.0,0.0,0.0,0.0,0.0,0.0,0.0,0.0,0.0,0.0,0.0,0.0,0.0,0.0
84764738480803,Murphy-Bouchard,2026020015,2026,EDM,VAN,AWAY,20261001,pairing,5on5,54.0,9.0,0.0,0.0,0.0,0.0,0.0,0.0,0.0,0.0,0.0,0.0,0.0,0.0,0.0,0.0,0.0,0.0,0.0,0.0,0.0,0.0,0.0,0.0,0.0,0.0,0.0,0.0,0.0,0.0,0.0,0.0,0.0,0.0,0.0,0.0,0.0,0.0,0.0,0.0,0.0,0.0,0.0,0.0,0.0,0.0,0.0,0.0,0.0,0.0,0.0,0.0,0.0,0.773,0.013,0.051,0.198,0.0,0.341,0.397,0.013,0.011,0.011,0.0,1.0,0.0,1.0,0.0,0.0,0.0,0.0,0.0,0.0,1.0,0.0,1.0,0.0,0.0,0.0,0.0,0.0,0.0,1.0,0.0,0.0,0.013,0.0,0.0,0.0,0.0,0.0,0.85,1.0,0.878,0.0,0.01,0.0,0.0,0.022,0.02,0.02
847795384800298482703,Formenton-Dach-Kapanen,2026020015,2026,EDM,VAN,AWAY,20261001,line,5on5,23.0,11.0,0.0,0.0,0.0,0.0,0.0,0.0,0.0,0.0,0.0,0.0,0.0,0.0,0.0,0.0,0.0,0.0,0.0,0.0,0.0,0.0,0.0,0.0,0.0,0.0,0.0,0.0,0.0,0.0,0.0,0.0,0.0,0.0,0.0,0.0,0.0,0.0,0.0,0.0,0.0,0.0,0.0,0.0,0.0,0.0,0.0,0.0,0.0,0.0,0.0,0.0,0.0,0.0,0.0,0.0,0.0,0.0,0.0,0.0,0.0,0.0,0.0,0.0,0.0,1.0,1.0,0.0,0.0,0.0,0.0,0.0,0.0,0.0,0.0,0.0,0.0,0.0,0.0,1.0,0.0,0.0,0.0,0.0,0.0,0.0,0.0,0.0,0.0,0.0,0.0,0.85,0.0,0.0,0.0,0.0,0.0,0.0,0.0,0.0,0.0
847578684784028480029,Formenton-Mcdavid-Hyman,2026020004,2026,EDM,VAN,HOME,20260929,line,5on5,702.0,2.0,0.802,0.7273,0.7333,8.23,0.644,0.888,1.579,0.019,3.925,3.946,0.641,0.601,0.598,10.0,1.0,5.0,16.0,3.0,2.0,0.0,0.0,0.0,3.0,3.0,7.0,8.0,1.0,2.0,11.0,9.0,0.0,2.0,8.0,2.0,1.0,0.151,0.283,0.21,2.0,0.0,1.0,14.915,11.0,10.19,2.0,0.186,0.137,0.137,0.692,0.646,0.644,3.303,0.159,0.265,0.525,0.008,1.287,1.755,0.159,0.169,0.169,3.0,1.0,2.0,6.0,0.0,0.0,0.0,0.0,0.0,3.0,1.0,3.0,4.0,1.0,2.0,2.0,3.0,1.0,3.0,3.0,1.0,0.0,0.051,0.108,0.0,0.0,0.0,0.0,6.405,4.0,4.262,1.0,0.055,0.0,0.0,0.214,0.228,0.228
84752188476473,Ekholm-Murphy,2026020004,2026,EDM,VAN,HOME,20260929,pairing,5on5,246.0,4.0,1.0,0.5,1.0,1.43,0.032,0.221,0.206,0.005,0.714,0.822,0.032,0.029,0.029,0.0,2.0,0.0,2.0,0.0,1.0,0.0,0.0,0.0,0.0,1.0,0.0,2.0,0.0,0.0,2.0,5.0,0.0,2.0,2.0,0.0,0.0,0.032,0.0,0.0,0.0,0.0,0.0,1.83,2.0,1.833,1.0,0.046,0.024,0.024,0.054,0.049,0.049,0.0,0.0,0.0,0.0,0.0,0.0,0.0,0.0,0.0,0.0,0.0,0.0,2.0,2.0,0.0,0.0,0.0,0.0,0.0,0.0,0.0,0.0,0.0,0.0,0.0,1.0,0.0,0.0,1.0,0.0,0.0,0.0,0.0,0.0,0.0,0.0,0.0,0.0,2.206,0.0,0.0,0.0,0.0,0.0,0.0,0.0,0.0,0.0
84752188476473,Ekholm-Murphy,2026020015,2026,EDM,VAN,AWAY,20261001,pairing,5on5,284.0,4.0,0.333,0.2727,0.3333,2.409,0.338,0.235,0.313,0.005,0.92,1.189,0.338,0.389,0.389,0.0,3.0,0.0,3.0,0.0,0.0,0.0,0.0,0.0,1.0,2.0,0.0,3.0,0.0,0.0,0.0,2.0,0.0,0.0,1.0,1.0,1.0,0.022,0.082,0.234,0.0,0.0,0.0,3.642,3.0,3.483,0.0,0.05,0.0,0.0,0.389,0.447,0.447,4.339,0.677,0.478,0.63,0.015,1.817,2.383,0.608,0.601,0.54,3.0,3.0,2.0,8.0,1.0,0.0,0.0,0.0,0.0,3.0,2.0,2.0,5.0,0.0,0.0,0.0,3.0,0.0,3.0,2.0,3.0,1.0,0.052,0.422,0.204,0.0,1.0,0.0,7.072,6.0,5.372,1.0,0.101,0.0,0.0,0.779,0.693,0.624
847795384834558484509,Howard-Samanski-Kapanen,2026020015,2026,EDM,VAN,AWAY,20261001,line,5on5,34.0,8.0,0.0,0.0,0.0,0.0,0.0,0.0,0.0,0.0,0.0,0.0,0.0,0.0,0.0,0.0,0.0,0.0,0.0,0.0,0.0,0.0,0.0,0.0,0.0,0.0,0.0,0.0,0.0,0.0,0.0,1.0,0.0,0.0,0.0,0.0,0.0,0.0,0.0,0.0,0.0,0.0,0.0,0.0,0.0,0.0,0.0,0.0,0.0,0.0,0.0,0.0,0.0,0.472,0.065,0.098,0.077,0.001,0.302,0.456,0.065,0.062,0.062,0.0,1.0,0.0,1.0,0.0,0.0,0.0,0.0,0.0,1.0,0.0,0.0,1.0,1.0,2.0,0.0,0.0,0.0,0.0,1.0,0.0,0.0,0.065,0.0,0.0,0.0,0.0,0.0,0.97,1.0,0.971,0.0,0.021,0.0,0.0,0.085,0.081,0.081
847578684834558486161,Howard-Michaels-Hyman,2026020004,2026,EDM,VAN,HOME,20260929,line,5on5,12.0,15.0,0.0,0.0,0.0,0.0,0.0,0.0,0.0,0.0,0.0,0.0,0.0,0.0,0.0,0.0,0.0,0.0,0.0,0.0,0.0,0.0,0.0,0.0,0.0,0.0,0.0,0.0,0.0,0.0,0.0,0.0,0.0,0.0,0.0,0.0,0.0,0.0,0.0,0.0,0.0,0.0,0.0,0.0,0.0,0.0,0.0,0.0,0.0,0.0,0.0,0.0,0.0,0.0,0.0,0.0,0.0,0.0,0.0,0.0,0.0,0.0,0.0,0.0,0.0,1.0,1.0,0.0,0.0,0.0,0.0,0.0,0.0,0.0,0.0,0.0,0.0,0.0,0.0,0.0,0.0,0.0,0.0,0.0,0.0,0.0,0.0,0.0,0.0,0.0,0.0,1.214,0.0,0.0,0.0,0.0,0.0,0.0,0.0,0.0,0.0
84752188482166,Ekholm-Mukhamadullin,2026020004,2026,EDM,VAN,HOME,20260929,pairing,5on5,24.0,12.0,0.5833,0.5,0.5,0.759,0.021,0.072,0.093,0.001,0.369,0.443,0.021,0.02,0.02,1.0,0.0,0.0,1.0,0.0,0.0,0.0,1.0,0.0,0.0,0.0,1.0,1.0,0.0,0.0,0.0,0.0,0.0,1.0,1.0,0.0,0.0,0.021,0.0,0.0,0.0,0.0,0.0,0.915,1.0,0.916,1.0,0.015,0.0,0.0,0.037,0.034,0.034,0.711,0.015,0.064,0.191,0.001,0.255,0.475,0.015,0.016,0.016,0.0,1.0,0.0,1.0,0.0,0.0,0.0,0.0,0.0,0.0,1.0,0.0,1.0,0.0,0.0,0.0,0.0,0.0,0.0,1.0,0.0,0.0,0.015,0.0,0.0,0.0,0.0,0.0,1.103,1.0,1.1,0.0,0.013,0.0,0.0,0.028,0.031,0.031
84764738482166,Mukhamadullin-Murphy,2026020015,2026,EDM,VAN,AWAY,20261001,pairing,5on5,43.0,11.0,0.0,0.0,0.0,0.0,0.0,0.0,0.0,0.0,0.0,0.0,0.0,0.0,0.0,0.0,0.0,0.0,0.0,0.0,0.0,0.0,0.0,0.0,0.0,0.0,0.0,0.0,0.0,0.0,0.0,0.0,0.0,1.0,0.0,0.0,0.0,0.0,0.0,0.0,0.0,0.0,0.0,0.0,0.0,0.0,1.0,0.0,0.0,0.0,0.0,0.0,0.0,1.76,0.42,0.217,0.23,0.008,0.458,0.666,0.389,0.371,0.344,2.0,0.0,2.0,4.0,1.0,1.0,1.0,0.0,0.0,0.0,0.0,1.0,1.0,0.0,0.0,0.0,0.0,0.0,0.0,0.0,1.0,1.0,0.0,0.093,0.327,0.0,0.0,1.0,3.4,2.0,1.757,0.0,0.049,0.327,0.327,0.142,0.126,0.124
84780138478854,Shea-Walman,2026020004,2026,EDM,VAN,HOME,20260929,pairing,5on5,93.0,8.0,0.955,0.6667,0.6667,1.58,0.212,0.236,0.189,0.003,0.592,0.768,0.21,0.195,0.193,1.0,1.0,0.0,2.0,0.0,1.0,0.0,0.0,0.0,0.0,1.0,1.0,2.0,1.0,2.0,0.0,0.0,0.0,0.0,1.0,0.0,1.0,0.01,0.0,0.202,0.0,0.0,0.0,1.83,2.0,1.833,0.0,0.05,0.01,0.01,0.252,0.231,0.225,0.783,0.01,0.057,0.168,0.003,0.366,0.398,0.01,0.011,0.011,1.0,0.0,0.0,1.0,0.0,0.0,0.0,0.0,0.0,0.0,1.0,1.0,1.0,0.0,0.0,0.0,0.0,0.0,0.0,1.0,0.0,0.0,0.01,0.0,0.0,0.0,0.0,0.0,1.103,1.0,1.1,0.0,0.012,0.0,0.0,0.021,0.023,0.023
84780138478854,Shea-Walman,2026020015,2026,EDM,VAN,AWAY,20261001,pairing,5on5,82.0,7.0,0.0,0.0,0.0,0.0,0.0,0.0,0.0,0.0,0.0,0.0,0.0,0.0,0.0,0.0,0.0,0.0,0.0,0.0,0.0,0.0,0.0,0.0,0.0,0.0,0.0,0.0,0.0,0.0,0.0,0.0,0.0,0.0,0.0,0.0,0.0,0.0,0.0,0.0,0.0,0.0,0.0,0.0,0.0,0.0,0.0,0.0,0.0,0.0,0.0,0.0,0.0,0.0,0.0,0.0,0.0,0.0,0.0,0.0,0.0,0.0,0.0,0.0,0.0,0.0,0.0,0.0,0.0,0.0,0.0,0.0,0.0,0.0,0.0,0.0,0.0,0.0,0.0,0.0,0.0,0.0,0.0,0.0,0.0,0.0,0.0,0.0,0.0,0.0,0.0,0.0,0.0,0.0,0.0,0.0,0.0,0.0,0.0,0.0,0.0
847936584834558484509,Howard-Samanski-Frederic,2026020015,2026,EDM,VAN,AWAY,20261001,line,5on5,394.0,4.0,0.7299,0.3,0.3333,1.716,0.427,0.223,0.204,0.007,0.539,0.601,0.384,0.492,0.442,2.0,0.0,1.0,3.0,1.0,1.0,1.0,0.0,0.0,0.0,0.0,1.0,1.0,1.0,2.0,1.0,2.0,0.0,4.0,0.0,1.0,1.0,0.0,0.165,0.262,0.0,0.0,1.0,3.642,2.0,2.322,2.0,0.049,0.262,0.262,0.214,0.247,0.242,3.294,0.158,0.358,0.576,0.003,1.388,1.516,0.154,0.14,0.136,4.0,0.0,3.0,7.0,1.0,2.0,1.0,1.0,0.0,0.0,0.0,3.0,3.0,0.0,0.0,4.0,4.0,0.0,4.0,4.0,0.0,0.0,0.158,0.0,0.0,1.0,0.0,0.0,6.08,4.0,3.513,1.0,0.073,0.093,0.093,0.139,0.123,0.121
847795384793658483455,Howard-Frederic-Kapanen,2026020004,2026,EDM,VAN,HOME,20260929,line,5on5,45.0,7.0,0.0,0.0,0.0,0.0,0.0,0.0,0.0,0.0,0.0,0.0,0.0,0.0,0.0,0.0,0.0,0.0,0.0,0.0,0.0,0.0,0.0,0.0,0.0,0.0,0.0,0.0,0.0,0.0,0.0,1.0,0.0,0.0,0.0,0.0,0.0,0.0,0.0,0.0,0.0,0.0,0.0,0.0,0.0,0.0,0.0,0.0,0.0,0.0,0.0,0.0,0.0,0.0,0.0,0.0,0.0,0.0,0.0,0.0,0.0,0.0,0.0,0.0,0.0,0.0,0.0,0.0,0.0,0.0,0.0,0.0,0.0,0.0,0.0,0.0,0.0,0.0,0.0,0.0,0.0,0.0,0.0,0.0,0.0,0.0,0.0,0.0,0.0,0.0,0.0,0.0,0.0,0.0,0.0,0.0,0.0,0.0,0.0,0.0,0.0
847793484784028480029,Formenton-Mcdavid-Draisaitl,2026020015,2026,EDM,VAN,AWAY,20261001,line,5on5,36.0,7.0,0.0,0.0,0.0,0.0,0.0,0.0,0.0,0.0,0.0,0.0,0.0,0.0,0.0,0.0,0.0,0.0,0.0,0.0,0.0,0.0,0.0,0.0,0.0,0.0,0.0,0.0,0.0,0.0,0.0,0.0,0.0,0.0,0.0,0.0,0.0,0.0,0.0,0.0,0.0,0.0,0.0,0.0,0.0,0.0,0.0,0.0,0.0,0.0,0.0,0.0,0.0,0.0,0.0,0.0,0.0,0.0,0.0,0.0,0.0,0.0,0.0,0.0,0.0,0.0,0.0,0.0,0.0,0.0,0.0,0.0,0.0,0.0,0.0,0.0,0.0,0.0,0.0,0.0,0.0,1.0,0.0,0.0,0.0,0.0,0.0,0.0,0.0,0.0,0.0,0.0,0.0,0.0,0.0,0.0,0.0,0.0,0.0,0.0,0.0
847840284784728480029,Formenton-Mcdavid-Joseph,2026020004,2026,EDM,VAN,HOME,20260929,line,5on5,18.0,13.0,0.0,0.0,0.0,0.0,0.0,0.0,0.0,0.0,0.0,0.0,0.0,0.0,0.0,0.0,0.0,0.0,0.0,0.0,0.0,0.0,0.0,0.0,0.0,0.0,0.0,0.0,0.0,0.0,0.0,0.0,0.0,0.0,0.0,0.0,0.0,0.0,0.0,0.0,0.0,0.0,0.0,0.0,0.0,0.0,0.0,0.0,0.0,0.0,0.0,0.0,0.0,0.0,0.0,0.0,0.0,0.0,0.0,0.0,0.0,0.0,0.0,0.0,0.0,1.0,1.0,0.0,0.0,0.0,0.0,0.0,0.0,0.0,0.0,0.0,0.0,0.0,0.0,0.0,0.0,0.0,0.0,0.0,0.0,0.0,0.0,0.0,0.0,0.0,0.0,1.103,0.0,0.0,0.0,0.0,0.0,0.0,0.0,0.0,0.0
847840284784728480029,Formenton-Mcdavid-Joseph,2026020015,2026,EDM,VAN,AWAY,20261001,line,5on5,26.0,9.0,1.0,1.0,1.0,0.732,0.079,0.082,0.088,0.002,0.294,0.455,0.079,0.091,0.091,1.0,0.0,0.0,1.0,0.0,0.0,0.0,0.0,0.0,0.0,1.0,1.0,1.0,0.0,0.0,0.0,1.0,0.0,0.0,1.0,0.0,0.0,0.079,0.0,0.0,0.0,0.0,0.0,1.214,1.0,1.161,0.0,0.017,0.0,0.0,0.096,0.111,0.111,0.0,0.0,0.0,0.0,0.0,0.0,0.0,0.0,0.0,0.0,0.0,0.0,0.0,0.0,0.0,0.0,0.0,0.0,0.0,0.0,0.0,0.0,0.0,0.0,0.0,0.0,0.0,0.0,0.0,0.0,0.0,0.0,0.0,0.0,0.0,0.0,0.0,0.0,0.0,0.0,0.0,0.0,0.0,0.0,0.0,0.0,0.0,0.0
847936584834558486161,Howard-Michaels-Frederic,2026020004,2026,EDM,VAN,HOME,20260929,line,5on5,415.0,4.0,0.3415,0.4286,0.375,2.224,0.111,0.219,0.346,0.005,1.139,1.181,0.111,0.104,0.104,2.0,1.0,3.0,6.0,0.0,0.0,0.0,1.0,0.0,1.0,1.0,2.0,3.0,0.0,0.0,3.0,3.0,0.0,3.0,3.0,0.0,0.0,0.111,0.0,0.0,0.0,0.0,0.0,5.6,3.0,2.804,1.0,0.045,0.0,0.0,0.156,0.146,0.146,3.611,0.214,0.339,0.792,0.007,1.782,1.865,0.213,0.231,0.231,3.0,2.0,3.0,8.0,0.0,0.0,0.0,0.0,0.0,2.0,3.0,3.0,5.0,0.0,0.0,1.0,2.0,1.0,1.0,4.0,1.0,0.0,0.117,0.097,0.0,0.0,0.0,0.0,8.753,5.0,5.432,1.0,0.069,0.0,0.0,0.283,0.306,0.306
847847284800298482703,Formenton-Dach-Joseph,2026020004,2026,EDM,VAN,HOME,20260929,line,5on5,65.0,6.0,0.0,0.0,0.0,0.0,0.0,0.0,0.0,0.0,0.0,0.0,0.0,0.0,0.0,0.0,0.0,0.0,0.0,0.0,0.0,0.0,0.0,0.0,0.0,0.0,0.0,0.0,0.0,0.0,2.0,1.0,0.0,0.0,0.0,0.0,0.0,0.0,0.0,0.0,0.0,0.0,0.0,0.0,0.0,0.0,0.0,0.0,0.0,0.0,0.0,0.0,0.0,0.0,0.0,0.0,0.0,0.0,0.0,0.0,0.0,0.0,0.0,0.0,0.0,0.0,0.0,0.0,0.0,0.0,0.0,0.0,0.0,0.0,0.0,0.0,0.0,0.0,0.0,1.0,0.0,0.0,0.0,0.0,0.0,0.0,0.0,0.0,0.0,0.0,0.0,0.0,0.0,0.0,0.0,0.0,0.0,0.0,0.0,0.0,0.0
847847284800298482703,Formenton-Dach-Joseph,2026020015,2026,EDM,VAN,AWAY,20261001,line,5on5,18.0,13.0,0.0,0.0,0.0,0.0,0.0,0.0,0.0,0.0,0.0,0.0,0.0,0.0,0.0,0.0,0.0,0.0,0.0,0.0,0.0,0.0,0.0,0.0,0.0,0.0,0.0,0.0,0.0,0.0,0.0,1.0,0.0,0.0,0.0,0.0,0.0,0.0,0.0,0.0,0.0,0.0,0.0,0.0,0.0,0.0,0.0,0.0,0.0,0.0,0.0,0.0,0.0,0.0,0.0,0.0,0.0,0.0,0.0,0.0,0.0,0.0,0.0,0.0,0.0,0.0,0.0,0.0,0.0,0.0,0.0,0.0,0.0,0.0,0.0,0.0,0.0,0.0,0.0,0.0,0.0,0.0,0.0,0.0,0.0,0.0,0.0,0.0,0.0,0.0,0.0,0.0,0.0,0.0,0.0,0.0,0.0,0.0,0.0,0.0,0.0
84780138482166,Walman-Mukhamadullin,2026020004,2026,EDM,VAN,HOME,20260929,pairing,5on5,169.0,7.0,0.0,0.5,0.0,0.0,0.0,0.0,0.0,0.0,0.0,0.0,0.0,0.0,0.0,0.0,0.0,1.0,1.0,0.0,0.0,0.0,0.0,0.0,0.0,0.0,0.0,0.0,0.0,0.0,2.0,1.0,2.0,0.0,0.0,0.0,0.0,0.0,0.0,0.0,0.0,0.0,0.0,0.915,0.0,0.0,0.0,0.0,0.0,0.0,0.0,0.0,0.0,0.703,0.024,0.065,0.168,0.0,0.227,0.516,0.024,0.027,0.027,1.0,0.0,0.0,1.0,0.0,0.0,0.0,0.0,0.0,0.0,1.0,1.0,1.0,0.0,0.0,1.0,0.0,0.0,1.0,1.0,0.0,0.0,0.024,0.0,0.0,0.0,0.0,0.0,1.103,1.0,1.1,0.0,0.013,0.0,0.0,0.037,0.04,0.04
84780138482166,Walman-Mukhamadullin,2026020015,2026,EDM,VAN,AWAY,20261001,pairing,5on5,431.0,3.0,0.1664,0.4286,0.3333,2.161,0.104,0.188,0.307,0.003,1.142,1.256,0.103,0.114,0.113,2.0,1.0,3.0,6.0,0.0,1.0,0.0,0.0,0.0,1.0,1.0,2.0,3.0,1.0,2.0,1.0,3.0,1.0,4.0,2.0,1.0,0.0,0.024,0.081,0.0,0.0,0.0,0.0,6.769,3.0,3.231,2.0,0.039,0.019,0.019,0.124,0.136,0.134,4.293,0.521,0.49,0.806,0.011,2.136,2.036,0.501,0.46,0.443,5.0,1.0,2.0,8.0,3.0,1.0,1.0,1.0,0.0,1.0,0.0,2.0,3.0,1.0,2.0,4.0,3.0,1.0,2.0,4.0,1.0,1.0,0.144,0.167,0.21,1.0,1.0,1.0,6.897,6.0,5.27,1.0,0.103,0.21,0.21,0.413,0.365,0.362
847847284793658480029,Formenton-Frederic-Joseph,2026020015,2026,EDM,VAN,AWAY,20261001,line,5on5,14.0,14.0,1.0,1.0,1.0,0.749,0.082,0.078,0.105,0.002,0.366,0.366,0.082,0.094,0.094,0.0,1.0,0.0,1.0,0.0,0.0,0.0,0.0,0.0,0.0,1.0,0.0,1.0,0.0,0.0,0.0,0.0,0.0,0.0,0.0,1.0,0.0,0.0,0.082,0.0,0.0,0.0,0.0,1.214,1.0,1.161,0.0,0.017,0.0,0.0,0.099,0.114,0.114,0.0,0.0,0.0,0.0,0.0,0.0,0.0,0.0,0.0,0.0,0.0,0.0,0.0,0.0,0.0,0.0,0.0,0.0,0.0,0.0,0.0,0.0,0.0,0.0,0.0,0.0,0.0,0.0,0.0,0.0,0.0,0.0,0.0,0.0,0.0,0.0,0.0,0.0,0.0,0.0,0.0,0.0,0.0,0.0,0.0,0.0,0.0,0.0
847795384827038483455,Howard-Dach-Kapanen,2026020004,2026,EDM,VAN,HOME,20260929,line,5on5,17.0,14.0,0.0,0.0,0.0,0.0,0.0,0.0,0.0,0.0,0.0,0.0,0.0,0.0,0.0,0.0,0.0,0.0,0.0,0.0,0.0,0.0,0.0,0.0,0.0,0.0,0.0,0.0,0.0,0.0,0.0,0.0,0.0,0.0,0.0,0.0,0.0,0.0,0.0,0.0,0.0,0.0,0.0,0.0,0.0,0.0,0.0,0.0,0.0,0.0,0.0,0.0,0.0,0.783,0.01,0.057,0.168,0.003,0.366,0.398,0.01,0.011,0.011,1.0,0.0,0.0,1.0,0.0,0.0,0.0,0.0,0.0,0.0,1.0,1.0,1.0,0.0,0.0,0.0,0.0,0.0,0.0,1.0,0.0,0.0,0.01,0.0,0.0,0.0,0.0,0.0,1.103,1.0,1.1,0.0,0.012,0.0,0.0,0.021,0.023,0.023
84788548482166,Shea-Mukhamadullin,2026020004,2026,EDM,VAN,HOME,20260929,pairing,5on5,557.0,2.0,0.7225,0.7333,0.6,4.315,0.328,0.435,0.815,0.01,2.349,2.064,0.327,0.312,0.312,4.0,2.0,5.0,11.0,0.0,0.0,0.0,0.0,0.0,5.0,1.0,4.0,6.0,0.0,0.0,5.0,10.0,0.0,3.0,5.0,1.0,0.0,0.178,0.15,0.0,0.0,0.0,0.0,10.615,6.0,5.772,2.0,0.088,0.0,0.0,0.416,0.396,0.395,2.947,0.126,0.233,0.705,0.007,1.368,1.561,0.126,0.136,0.136,2.0,2.0,0.0,4.0,1.0,0.0,0.0,1.0,0.0,0.0,2.0,1.0,3.0,1.0,2.0,3.0,3.0,1.0,3.0,4.0,0.0,0.0,0.126,0.0,0.0,1.0,0.0,0.0,4.381,4.0,4.322,1.0,0.049,0.0,0.0,0.174,0.188,0.188
847578684784028483455,Howard-Mcdavid-Hyman,2026020004,2026,EDM,VAN,HOME,20260929,line,5on5,27.0,10.0,0.0,0.5,0.0,0.0,0.0,0.0,0.0,0.0,0.0,0.0,0.0,0.0,0.0,0.0,0.0,1.0,1.0,0.0,0.0,0.0,0.0,0.0,0.0,0.0,0.0,0.0,0.0,0.0,0.0,0.0,0.0,0.0,0.0,0.0,0.0,0.0,0.0,0.0,0.0,0.0,0.0,0.915,0.0,0.0,0.0,0.0,0.0,0.0,0.0,0.0,0.0,0.703,0.024,0.065,0.168,0.0,0.227,0.516,0.024,0.027,0.027,1.0,0.0,0.0,1.0,0.0,0.0,0.0,0.0,0.0,0.0,1.0,1.0,1.0,0.0,0.0,0.0,0.0,0.0,1.0,1.0,0.0,0.0,0.024,0.0,0.0,0.0,0.0,0.0,1.103,1.0,1.1,0.0,0.013,0.0,0.0,0.037,0.04,0.04
847840284784728479368,Jones-Mcdavid-Joseph,2026020004,2026,EDM,VAN,HOME,20260929,line,5on5,30.0,8.0,0.0,0.0,0.0,0.0,0.0,0.0,0.0,0.0,0.0,0.0,0.0,0.0,0.0,0.0,0.0,0.0,0.0,0.0,0.0,0.0,0.0,0.0,0.0,0.0,0.0,0.0,0.0,0.0,0.0,0.0,0.0,0.0,0.0,0.0,0.0,0.0,0.0,0.0,0.0,0.0,0.0,0.0,0.0,0.0,0.0,0.0,0.0,0.0,0.0,0.0,0.0,0.0,0.0,0.0,0.0,0.0,0.0,0.0,0.0,0.0,0.0,0.0,0.0,1.0,1.0,0.0,0.0,0.0,0.0,0.0,0.0,0.0,0.0,0.0,0.0,0.0,0.0,0.0,0.0,0.0,0.0,0.0,0.0,0.0,0.0,0.0,0.0,0.0,0.0,1.103,0.0,0.0,0.0,0.0,0.0,0.0,0.0,0.0,0.0
847847284800298486161,Formenton-Michaels-Joseph,2026020015,2026,EDM,VAN,AWAY,20261001,line,5on5,630.0,2.0,0.3615,0.3333,0.5,4.432,0.359,0.596,0.724,0.009,2.318,1.993,0.333,0.398,0.369,4.0,2.0,0.0,6.0,1.0,1.0,0.0,0.0,0.0,2.0,2.0,3.0,5.0,0.0,0.0,3.0,7.0,1.0,6.0,4.0,1.0,1.0,0.054,0.091,0.214,0.0,0.0,1.0,6.709,6.0,6.638,3.0,0.12,0.01,0.01,0.469,0.519,0.483,4.896,0.634,0.552,0.805,0.01,1.951,2.048,0.613,0.563,0.544,4.0,2.0,6.0,12.0,2.0,0.0,0.0,0.0,0.0,3.0,1.0,2.0,4.0,1.0,2.0,5.0,8.0,1.0,3.0,3.0,1.0,2.0,0.064,0.105,0.465,1.0,1.0,0.0,10.504,6.0,5.372,0.0,0.117,0.0,0.0,0.751,0.668,0.647
847840284793658483455,Howard-Mcdavid-Frederic,2026020004,2026,EDM,VAN,HOME,20260929,line,5on5,23.0,12.0,0.0,0.0,0.0,0.0,0.0,0.0,0.0,0.0,0.0,0.0,0.0,0.0,0.0,0.0,0.0,0.0,0.0,0.0,0.0,0.0,0.0,0.0,0.0,0.0,0.0,0.0,0.0,0.0,0.0,0.0,0.0,0.0,0.0,0.0,0.0,0.0,0.0,0.0,0.0,0.0,0.0,0.0,0.0,0.0,0.0,0.0,0.0,0.0,0.0,0.0,0.0,0.0,0.0,0.0,0.0,0.0,0.0,0.0,0.0,0.0,0.0,0.0,0.0,0.0,0.0,0.0,0.0,0.0,0.0,0.0,0.0,0.0,0.0,0.0,0.0,0.0,0.0,1.0,0.0,0.0,0.0,0.0,0.0,0.0,0.0,0.0,0.0,0.0,0.0,0.0,0.0,0.0,0.0,0.0,0.0,0.0,0.0,0.0,0.0
847840284793658483455,Howard-Mcdavid-Frederic,2026020015,2026,EDM,VAN,AWAY,20261001,line,5on5,25.0,10.0,1.0,1.0,1.0,0.704,0.046,0.061,0.171,0.002,0.297,0.421,0.046,0.053,0.053,1.0,0.0,1.0,2.0,0.0,0.0,0.0,0.0,0.0,1.0,0.0,1.0,1.0,1.0,2.0,0.0,0.0,0.0,0.0,1.0,0.0,0.0,0.046,0.0,0.0,0.0,0.0,0.0,2.428,1.0,1.161,0.0,0.012,0.0,0.0,0.058,0.067,0.067,0.0,0.0,0.0,0.0,0.0,0.0,0.0,0.0,0.0,0.0,0.0,0.0,0.0,0.0,0.0,0.0,0.0,0.0,0.0,0.0,0.0,0.0,0.0,0.0,0.0,0.0,0.0,0.0,0.0,0.0,0.0,0.0,0.0,0.0,0.0,0.0,0.0,0.0,0.0,0.0,0.0,0.0,0.0,0.0,0.0,0.0,0.0,0.0
847847284793688482703,Jones-Dach-Joseph,2026020004,2026,EDM,VAN,HOME,20260929,line,5on5,609.0,3.0,0.4093,0.4118,0.5,4.271,0.273,0.383,0.752,0.007,2.295,2.29,0.268,0.256,0.252,3.0,3.0,1.0,7.0,0.0,1.0,0.0,1.0,0.0,3.0,1.0,3.0,6.0,1.0,2.0,6.0,13.0,2.0,4.0,5.0,1.0,0.0,0.123,0.15,0.0,0.0,0.0,0.0,6.515,6.0,5.553,2.0,0.08,0.043,0.043,0.31,0.291,0.288,4.397,0.394,0.34,0.83,0.01,2.024,2.401,0.394,0.428,0.428,5.0,1.0,4.0,10.0,1.0,0.0,0.0,1.0,0.0,0.0,4.0,4.0,5.0,2.0,4.0,5.0,3.0,0.0,2.0,5.0,0.0,1.0,0.131,0.0,0.263,0.0,0.0,1.0,10.857,6.0,6.383,1.0,0.07,0.0,0.0,0.463,0.502,0.502
847793484779538481617,Kapanen-Draisaitl-Podkolzin,2026020004,2026,EDM,VAN,HOME,20260929,line,5on5,736.0,1.0,0.9671,0.875,0.8421,11.781,1.323,1.163,2.169,0.025,5.762,5.558,1.272,1.219,1.172,13.0,3.0,5.0,21.0,1.0,1.0,0.0,3.0,0.0,7.0,4.0,12.0,15.0,0.0,0.0,8.0,9.0,0.0,5.0,10.0,4.0,2.0,0.234,0.546,0.544,0.0,0.0,1.0,19.427,16.0,14.848,3.0,0.234,0.01,0.01,1.548,1.427,1.369,2.466,0.045,0.123,0.398,0.005,1.054,1.375,0.045,0.049,0.049,2.0,1.0,0.0,3.0,1.0,0.0,0.0,0.0,0.0,1.0,1.0,1.0,2.0,0.0,0.0,7.0,1.0,2.0,7.0,3.0,0.0,0.0,0.045,0.0,0.0,1.0,0.0,0.0,3.238,3.0,3.231,4.0,0.027,0.0,0.0,0.072,0.078,0.078
847793484779538481617,Kapanen-Draisaitl-Podkolzin,2026020015,2026,EDM,VAN,AWAY,20261001,line,5on5,51.0,6.0,0.0,0.0,0.0,0.0,0.0,0.0,0.0,0.0,0.0,0.0,0.0,0.0,0.0,0.0,0.0,0.0,0.0,0.0,0.0,0.0,0.0,0.0,0.0,0.0,0.0,0.0,0.0,0.0,0.0,0.0,0.0,0.0,0.0,0.0,0.0,0.0,0.0,0.0,0.0,0.0,0.0,0.0,0.0,0.0,0.0,0.0,0.0,0.0,0.0,0.0,0.0,0.0,0.0,0.0,0.0,0.0,0.0,0.0,0.0,0.0,0.0,0.0,0.0,0.0,0.0,0.0,0.0,0.0,0.0,0.0,0.0,0.0,0.0,0.0,0.0,0.0,1.0,1.0,0.0,0.0,0.0,0.0,0.0,0.0,0.0,0.0,0.0,0.0,0.0,0.0,0.0,0.0,0.0,0.0,0.0,0.0,0.0,0.0,0.0
848080184821138483771,Vilmanis-Lundell-Tkachuk,2026020016,2026,FLA,SJS,AWAY,20261001,line,5on5,15.0,18.0,0.0,0.0,0.0,0.0,0.0,0.0,0.0,0.0,0.0,0.0,0.0,0.0,0.0,0.0,0.0,0.0,0.0,0.0,0.0,0.0,0.0,0.0,0.0,0.0,0.0,0.0,1.0,2.0,0.0,0.0,0.0,0.0,0.0,0.0,0.0,0.0,0.0,0.0,0.0,0.0,0.0,0.0,0.0,0.0,0.0,0.0,0.0,0.0,0.0,0.0,0.0,0.681,0.024,0.064,0.184,0.001,0.305,0.422,0.024,0.023,0.023,0.0,1.0,0.0,1.0,0.0,0.0,0.0,0.0,0.0,1.0,0.0,0.0,1.0,0.0,0.0,0.0,0.0,0.0,0.0,1.0,0.0,0.0,0.024,0.0,0.0,0.0,0.0,0.0,0.97,1.0,0.971,0.0,0.012,0.0,0.0,0.036,0.034,0.034
847749384779338480801,Tkachuk-Barkov-Reinhart,2026020001,2026,FLA,CAR,AWAY,20260929,line,5on5,482.0,2.0,1.0,0.8333,1.0,2.457,0.161,0.204,0.284,0.004,0.996,1.351,0.161,0.169,0.169,3.0,0.0,2.0,5.0,0.0,0.0,0.0,0.0,0.0,2.0,1.0,3.0,3.0,1.0,2.0,4.0,10.0,0.0,2.0,2.0,1.0,0.0,0.007,0.154,0.0,0.0,0.0,0.0,5.16,3.0,3.091,0.0,0.044,0.0,0.0,0.205,0.215,0.215,0.0,0.0,0.0,0.0,0.0,0.0,0.0,0.0,0.0,0.0,0.0,0.0,1.0,1.0,0.0,0.0,0.0,0.0,0.0,0.0,0.0,0.0,0.0,0.0,0.0,9.0,11.0,0.0,3.0,0.0,0.0,0.0,0.0,0.0,0.0,0.0,0.0,0.0,0.97,0.0,0.0,1.0,0.0,0.0,0.0,0.0,0.0,0.0
847749384779338480801,Tkachuk-Barkov-Reinhart,2026020016,2026,FLA,SJS,AWAY,20261001,line,5on5,210.0,4.0,0.1884,0.4286,0.4,1.431,0.013,0.103,0.313,0.007,0.836,0.728,0.013,0.013,0.013,1.0,1.0,1.0,3.0,0.0,0.0,0.0,1.0,0.0,1.0,0.0,1.0,2.0,2.0,7.0,2.0,4.0,0.0,0.0,2.0,0.0,0.0,0.013,0.0,0.0,0.0,0.0,0.0,2.925,2.0,1.929,0.0,0.021,0.0,0.0,0.034,0.034,0.034,2.386,0.056,0.132,0.352,0.005,0.991,1.464,0.056,0.054,0.054,2.0,1.0,1.0,4.0,0.0,0.0,0.0,0.0,0.0,2.0,1.0,2.0,3.0,2.0,9.0,2.0,2.0,1.0,5.0,3.0,0.0,0.0,0.056,0.0,0.0,0.0,0.0,0.0,3.992,3.0,2.981,2.0,0.028,0.0,0.0,0.083,0.081,0.081
847931484821138483771,Vilmanis-Lundell-Tkachuk,2026020016,2026,FLA,SJS,AWAY,20261001,line,5on5,10.0,23.0,0.0,0.0,0.0,0.0,0.0,0.0,0.0,0.0,0.0,0.0,0.0,0.0,0.0,0.0,0.0,0.0,0.0,0.0,0.0,0.0,0.0,0.0,0.0,0.0,0.0,0.0,0.0,0.0,0.0,0.0,0.0,0.0,0.0,0.0,0.0,0.0,0.0,0.0,0.0,0.0,0.0,0.0,0.0,0.0,0.0,0.0,0.0,0.0,0.0,0.0,0.0,0.752,0.17,0.099,0.081,0.001,0.194,0.455,0.17,0.172,0.172,1.0,0.0,0.0,1.0,0.0,0.0,0.0,0.0,0.0,0.0,1.0,1.0,1.0,0.0,0.0,0.0,0.0,0.0,0.0,0.0,1.0,0.0,0.0,0.17,0.0,0.0,0.0,0.0,1.074,1.0,1.05,0.0,0.021,0.0,0.0,0.191,0.194,0.194
847418984793148480801,Tkachuk-Eller-Tkachuk,2026020016,2026,FLA,SJS,AWAY,20261001,line,5on5,12.0,20.0,0.0,0.0,0.0,0.0,0.0,0.0,0.0,0.0,0.0,0.0,0.0,0.0,0.0,0.0,0.0,0.0,0.0,0.0,0.0,0.0,0.0,0.0,0.0,0.0,0.0,0.0,0.0,0.0,0.0,0.0,0.0,0.0,0.0,0.0,0.0,0.0,0.0,0.0,0.0,0.0,0.0,0.0,0.0,0.0,0.0,0.0,0.0,0.0,0.0,0.0,0.0,0.0,0.0,0.0,0.0,0.0,0.0,0.0,0.0,0.0,0.0,0.0,0.0,0.0,0.0,0.0,0.0,0.0,0.0,0.0,0.0,0.0,0.0,0.0,0.0,0.0,0.0,1.0,0.0,0.0,0.0,0.0,0.0,0.0,0.0,0.0,0.0,0.0,0.0,0.0,0.0,0.0,0.0,0.0,0.0,0.0,0.0,0.0,0.0
84788598484304,Mikkola-Balinskis,2026020016,2026,FLA,SJS,AWAY,20261001,pairing,5on5,70.0,8.0,0.0,0.0,0.0,0.0,0.0,0.0,0.0,0.0,0.0,0.0,0.0,0.0,0.0,0.0,0.0,0.0,0.0,0.0,0.0,0.0,0.0,0.0,0.0,0.0,0.0,0.0,0.0,0.0,0.0,2.0,0.0,1.0,0.0,0.0,0.0,0.0,0.0,0.0,0.0,0.0,0.0,0.0,0.0,0.0,1.0,0.0,0.0,0.0,0.0,0.0,0.0,0.0,0.0,0.0,0.0,0.0,0.0,0.0,0.0,0.0,0.0,0.0,0.0,1.0,1.0,0.0,0.0,0.0,0.0,0.0,0.0,0.0,0.0,0.0,0.0,0.0,0.0,0.0,0.0,0.0,0.0,0.0,0.0,0.0,0.0,0.0,0.0,0.0,0.0,1.026,0.0,0.0,0.0,0.0,0.0,0.0,0.0,0.0,0.0
847418984801858483771,Vilmanis-Eller-Luostarinen,2026020001,2026,FLA,CAR,AWAY,20260929,line,5on5,100.0,5.0,1.0,1.0,1.0,1.395,0.031,0.127,0.295,0.002,0.779,0.767,0.031,0.032,0.032,0.0,2.0,1.0,3.0,0.0,0.0,0.0,0.0,0.0,1.0,1.0,0.0,2.0,0.0,0.0,0.0,1.0,0.0,0.0,2.0,0.0,0.0,0.031,0.0,0.0,0.0,0.0,0.0,3.096,2.0,2.061,0.0,0.024,0.0,0.0,0.055,0.058,0.058,0.0,0.0,0.0,0.0,0.0,0.0,0.0,0.0,0.0,0.0,0.0,0.0,0.0,0.0,0.0,0.0,0.0,0.0,0.0,0.0,0.0,0.0,0.0,0.0,0.0,0.0,2.0,0.0,0.0,0.0,0.0,0.0,0.0,0.0,0.0,0.0,0.0,0.0,0.0,0.0,0.0,0.0,0.0,0.0,0.0,0.0,0.0,0.0
847418984801858483771,Vilmanis-Eller-Luostarinen,2026020016,2026,FLA,SJS,AWAY,20261001,line,5on5,107.0,6.0,0.0,0.0,0.0,0.0,0.0,0.0,0.0,0.0,0.0,0.0,0.0,0.0,0.0,0.0,0.0,0.0,0.0,0.0,0.0,0.0,0.0,0.0,0.0,0.0,0.0,0.0,0.0,0.0,0.0,3.0,0.0,0.0,0.0,0.0,0.0,0.0,0.0,0.0,0.0,0.0,0.0,0.0,0.0,0.0,0.0,0.0,0.0,0.0,0.0,0.0,0.0,0.0,0.0,0.0,0.0,0.0,0.0,0.0,0.0,0.0,0.0,0.0,0.0,0.0,0.0,0.0,0.0,0.0,0.0,0.0,0.0,0.0,0.0,0.0,0.0,0.0,0.0,0.0,0.0,1.0,0.0,0.0,0.0,0.0,0.0,0.0,0.0,0.0,0.0,0.0,0.0,0.0,0.0,0.0,0.0,0.0,0.0,0.0,0.0
84779328478055,Forsling-Ekblad,2026020001,2026,FLA,CAR,AWAY,20260929,pairing,5on5,562.0,3.0,0.0761,0.625,0.5,1.506,0.007,0.061,0.144,0.001,0.674,1.113,0.007,0.007,0.007,2.0,0.0,3.0,5.0,0.0,0.0,0.0,1.0,0.0,1.0,0.0,2.0,2.0,0.0,0.0,2.0,12.0,0.0,3.0,2.0,0.0,0.0,0.007,0.0,0.0,0.0,0.0,0.0,5.16,2.0,2.061,0.0,0.013,0.0,0.0,0.019,0.02,0.02,1.302,0.085,0.16,0.204,0.005,0.844,0.702,0.085,0.081,0.081,1.0,1.0,1.0,3.0,0.0,0.0,0.0,0.0,0.0,1.0,1.0,1.0,2.0,0.0,0.0,7.0,9.0,0.0,4.0,2.0,0.0,0.0,0.085,0.0,0.0,0.0,0.0,0.0,2.91,2.0,1.942,3.0,0.036,0.0,0.0,0.121,0.116,0.116
847418984774938480185,Luostarinen-Eller-Barkov,2026020016,2026,FLA,SJS,AWAY,20261001,line,5on5,27.0,13.0,0.0,1.0,0.0,0.0,0.0,0.0,0.0,0.0,0.0,0.0,0.0,0.0,0.0,0.0,0.0,1.0,1.0,0.0,0.0,0.0,0.0,0.0,0.0,0.0,0.0,0.0,0.0,0.0,0.0,0.0,0.0,0.0,0.0,0.0,0.0,0.0,0.0,0.0,0.0,0.0,0.0,1.032,0.0,0.0,0.0,0.0,0.0,0.0,0.0,0.0,0.0,0.0,0.0,0.0,0.0,0.0,0.0,0.0,0.0,0.0,0.0,0.0,0.0,0.0,0.0,0.0,0.0,0.0,0.0,0.0,0.0,0.0,0.0,0.0,1.0,2.0,0.0,1.0,0.0,0.0,0.0,0.0,0.0,0.0,0.0,0.0,0.0,0.0,0.0,0.0,0.0,0.0,0.0,0.0,0.0,0.0,0.0,0.0,0.0
847740984779358480185,Verhaeghe-Bennett-Luostarinen,2026020016,2026,FLA,SJS,AWAY,20261001,line,5on5,39.0,12.0,0.0,0.0,0.0,0.0,0.0,0.0,0.0,0.0,0.0,0.0,0.0,0.0,0.0,0.0,0.0,0.0,0.0,0.0,0.0,0.0,0.0,0.0,0.0,0.0,0.0,0.0,1.0,2.0,0.0,0.0,0.0,0.0,0.0,0.0,0.0,0.0,0.0,0.0,0.0,0.0,0.0,0.0,0.0,0.0,0.0,0.0,0.0,0.0,0.0,0.0,0.0,0.0,0.0,0.0,0.0,0.0,0.0,0.0,0.0,0.0,0.0,0.0,0.0,0.0,0.0,0.0,0.0,0.0,0.0,0.0,0.0,0.0,0.0,0.0,0.0,0.0,0.0,1.0,1.0,0.0,0.0,0.0,0.0,0.0,0.0,0.0,0.0,0.0,0.0,0.0,0.0,0.0,0.0,0.0,0.0,0.0,0.0,0.0,0.0
84774958477932,Jones-Ekblad,2026020016,2026,FLA,SJS,AWAY,20261001,pairing,5on5,31.0,11.0,0.0,0.0,0.0,0.0,0.0,0.0,0.0,0.0,0.0,0.0,0.0,0.0,0.0,0.0,0.0,0.0,0.0,0.0,0.0,0.0,0.0,0.0,0.0,0.0,0.0,0.0,0.0,0.0,0.0,0.0,0.0,0.0,0.0,0.0,0.0,0.0,0.0,0.0,0.0,0.0,0.0,0.0,0.0,0.0,0.0,0.0,0.0,0.0,0.0,0.0,0.0,0.0,0.0,0.0,0.0,0.0,0.0,0.0,0.0,0.0,0.0,0.0,0.0,0.0,0.0,0.0,0.0,0.0,0.0,0.0,0.0,0.0,0.0,0.0,0.0,0.0,0.0,0.0,0.0,0.0,0.0,0.0,0.0,0.0,0.0,0.0,0.0,0.0,0.0,0.0,0.0,0.0,0.0,0.0,0.0,0.0,0.0,0.0,0.0
84751798475462,Kulikov-Gudas,2026020001,2026,FLA,CAR,AWAY,20260929,pairing,5on5,562.0,2.0,0.9621,0.7,0.8333,3.932,0.279,0.445,0.583,0.009,1.746,1.938,0.279,0.293,0.293,4.0,1.0,2.0,7.0,0.0,0.0,0.0,0.0,0.0,1.0,4.0,4.0,5.0,4.0,8.0,2.0,16.0,1.0,5.0,4.0,1.0,0.0,0.125,0.154,0.0,0.0,0.0,0.0,7.224,5.0,5.152,1.0,0.093,0.0,0.0,0.372,0.39,0.39,0.776,0.011,0.059,0.2,0.001,0.341,0.389,0.011,0.01,0.01,1.0,0.0,2.0,3.0,0.0,0.0,0.0,0.0,0.0,1.0,0.0,1.0,1.0,3.0,6.0,5.0,13.0,0.0,3.0,1.0,0.0,0.0,0.011,0.0,0.0,0.0,0.0,0.0,2.91,1.0,0.971,1.0,0.011,0.0,0.0,0.022,0.021,0.021
84751798475462,Kulikov-Gudas,2026020016,2026,FLA,SJS,AWAY,20261001,pairing,5on5,156.0,4.0,0.4821,0.5,0.5,1.479,0.189,0.232,0.193,0.005,1.108,1.273,0.189,0.191,0.191,1.0,2.0,0.0,3.0,1.0,0.0,0.0,0.0,0.0,2.0,0.0,0.0,2.0,0.0,0.0,0.0,1.0,0.0,2.0,3.0,0.0,0.0,0.189,0.0,0.0,1.0,0.0,0.0,2.943,3.0,2.949,0.0,0.049,0.0,0.0,0.238,0.241,0.241,2.175,0.203,0.217,0.382,0.002,0.811,1.385,0.203,0.204,0.204,2.0,1.0,0.0,3.0,0.0,0.0,0.0,0.0,0.0,0.0,3.0,2.0,3.0,0.0,0.0,0.0,1.0,0.0,2.0,2.0,1.0,0.0,0.033,0.17,0.0,0.0,0.0,0.0,3.118,3.0,3.072,2.0,0.045,0.0,0.0,0.247,0.249,0.249
847749384779038477933,Reinhart-Barkov-Hathaway,2026020001,2026,FLA,CAR,AWAY,20260929,line,5on5,27.0,12.0,1.0,1.0,1.0,0.769,0.007,0.049,0.065,0.001,0.397,0.481,0.007,0.007,0.007,1.0,0.0,0.0,1.0,0.0,0.0,0.0,0.0,0.0,0.0,1.0,1.0,1.0,0.0,0.0,0.0,0.0,0.0,0.0,1.0,0.0,0.0,0.007,0.0,0.0,0.0,0.0,0.0,1.032,1.0,1.03,0.0,0.01,0.0,0.0,0.017,0.018,0.018,0.0,0.0,0.0,0.0,0.0,0.0,0.0,0.0,0.0,0.0,0.0,0.0,0.0,0.0,0.0,0.0,0.0,0.0,0.0,0.0,0.0,0.0,0.0,0.0,0.0,0.0,0.0,0.0,0.0,0.0,0.0,0.0,0.0,0.0,0.0,0.0,0.0,0.0,0.0,0.0,0.0,0.0,0.0,0.0,0.0,0.0,0.0,0.0
847793384821138483771,Vilmanis-Lundell-Reinhart,2026020016,2026,FLA,SJS,AWAY,20261001,line,5on5,14.0,19.0,0.0,1.0,0.0,0.0,0.0,0.0,0.0,0.0,0.0,0.0,0.0,0.0,0.0,0.0,0.0,1.0,1.0,0.0,0.0,0.0,0.0,0.0,0.0,0.0,0.0,0.0,0.0,0.0,0.0,0.0,0.0,0.0,0.0,0.0,0.0,0.0,0.0,0.0,0.0,0.0,0.0,1.032,0.0,0.0,0.0,0.0,0.0,0.0,0.0,0.0,0.0,0.0,0.0,0.0,0.0,0.0,0.0,0.0,0.0,0.0,0.0,0.0,0.0,0.0,0.0,0.0,0.0,0.0,0.0,0.0,0.0,0.0,0.0,0.0,0.0,0.0,0.0,0.0,0.0,0.0,0.0,0.0,0.0,0.0,0.0,0.0,0.0,0.0,0.0,0.0,0.0,0.0,0.0,0.0,0.0,0.0,0.0,0.0,0.0
84779328484304,Balinskis-Ekblad,2026020016,2026,FLA,SJS,AWAY,20261001,pairing,5on5,69.0,10.0,1.0,1.0,1.0,0.762,0.026,0.089,0.107,0.001,0.376,0.401,0.026,0.027,0.027,0.0,1.0,1.0,2.0,0.0,0.0,0.0,0.0,0.0,0.0,1.0,0.0,1.0,0.0,0.0,0.0,1.0,0.0,0.0,1.0,0.0,0.0,0.026,0.0,0.0,0.0,0.0,0.0,2.064,1.0,1.03,0.0,0.019,0.0,0.0,0.045,0.047,0.047,0.0,0.0,0.0,0.0,0.0,0.0,0.0,0.0,0.0,0.0,0.0,0.0,0.0,0.0,0.0,0.0,0.0,0.0,0.0,0.0,0.0,0.0,0.0,0.0,0.0,0.0,0.0,0.0,1.0,0.0,0.0,0.0,0.0,0.0,0.0,0.0,0.0,0.0,0.0,0.0,0.0,1.0,0.0,0.0,0.0,0.0,0.0,0.0
847740984779358479314,Tkachuk-Bennett-Verhaeghe,2026020001,2026,FLA,CAR,AWAY,20260929,line,5on5,488.0,1.0,0.895,0.5714,0.75,2.434,0.179,0.224,0.364,0.004,1.199,1.03,0.179,0.188,0.188,2.0,1.0,1.0,4.0,0.0,0.0,0.0,1.0,0.0,0.0,2.0,2.0,3.0,0.0,0.0,3.0,7.0,0.0,3.0,2.0,1.0,0.0,0.026,0.153,0.0,0.0,0.0,0.0,4.128,3.0,3.091,1.0,0.046,0.0,0.0,0.225,0.236,0.236,0.586,0.021,0.067,0.074,0.004,0.48,0.354,0.021,0.02,0.02,0.0,1.0,2.0,3.0,0.0,0.0,0.0,0.0,0.0,0.0,1.0,0.0,1.0,3.0,6.0,5.0,7.0,0.0,1.0,1.0,0.0,0.0,0.021,0.0,0.0,0.0,0.0,0.0,2.91,1.0,0.971,0.0,0.016,0.0,0.0,0.037,0.035,0.035
847740984779358479314,Tkachuk-Bennett-Verhaeghe,2026020016,2026,FLA,SJS,AWAY,20261001,line,5on5,673.0,1.0,0.7497,0.5556,0.5,4.248,0.602,0.525,0.761,0.012,1.904,2.196,0.602,0.632,0.632,3.0,3.0,4.0,10.0,1.0,0.0,0.0,1.0,0.0,2.0,2.0,2.0,5.0,0.0,0.0,4.0,6.0,1.0,5.0,4.0,1.0,1.0,0.134,0.138,0.331,0.0,1.0,0.0,10.224,6.0,6.183,2.0,0.109,0.0,0.0,0.712,0.747,0.746,4.355,0.201,0.462,0.749,0.01,2.153,2.424,0.2,0.197,0.196,5.0,1.0,2.0,8.0,0.0,1.0,0.0,0.0,0.0,0.0,5.0,5.0,6.0,0.0,0.0,1.0,5.0,2.0,4.0,6.0,0.0,0.0,0.201,0.0,0.0,0.0,0.0,0.0,8.232,6.0,6.064,3.0,0.093,0.019,0.019,0.275,0.269,0.268
847418984781478479314,Imama-Eller-Tkachuk,2026020016,2026,FLA,SJS,AWAY,20261001,line,5on5,22.0,14.0,0.0,0.0,0.0,0.0,0.0,0.0,0.0,0.0,0.0,0.0,0.0,0.0,0.0,0.0,0.0,0.0,0.0,0.0,0.0,0.0,0.0,0.0,0.0,0.0,0.0,0.0,0.0,0.0,0.0,1.0,0.0,0.0,0.0,0.0,0.0,0.0,0.0,0.0,0.0,0.0,0.0,0.0,0.0,0.0,0.0,0.0,0.0,0.0,0.0,0.0,0.0,0.0,0.0,0.0,0.0,0.0,0.0,0.0,0.0,0.0,0.0,0.0,0.0,0.0,0.0,0.0,0.0,0.0,0.0,0.0,0.0,0.0,0.0,0.0,0.0,0.0,0.0,0.0,0.0,0.0,0.0,0.0,0.0,0.0,0.0,0.0,0.0,0.0,0.0,0.0,0.0,0.0,0.0,0.0,0.0,0.0,0.0,0.0,0.0
847740984779338477935,Verhaeghe-Bennett-Reinhart,2026020001,2026,FLA,CAR,AWAY,20260929,line,5on5,35.0,9.0,0.0,0.0,0.0,0.0,0.0,0.0,0.0,0.0,0.0,0.0,0.0,0.0,0.0,0.0,0.0,0.0,0.0,0.0,0.0,0.0,0.0,0.0,0.0,0.0,0.0,0.0,0.0,0.0,1.0,0.0,0.0,0.0,0.0,0.0,0.0,0.0,0.0,0.0,0.0,0.0,0.0,0.0,0.0,0.0,0.0,0.0,0.0,0.0,0.0,0.0,0.0,0.717,0.064,0.093,0.13,0.002,0.364,0.348,0.064,0.061,0.061,1.0,0.0,0.0,1.0,0.0,0.0,0.0,0.0,0.0,1.0,0.0,1.0,1.0,0.0,0.0,0.0,3.0,0.0,0.0,1.0,0.0,0.0,0.064,0.0,0.0,0.0,0.0,0.0,0.97,1.0,0.971,0.0,0.021,0.0,0.0,0.085,0.081,0.081
847740984779338477935,Verhaeghe-Bennett-Reinhart,2026020016,2026,FLA,SJS,AWAY,20261001,line,5on5,48.0,11.0,0.0,0.0,0.0,0.0,0.0,0.0,0.0,0.0,0.0,0.0,0.0,0.0,0.0,0.0,0.0,0.0,0.0,0.0,0.0,0.0,0.0,0.0,0.0,0.0,0.0,0.0,0.0,0.0,0.0,0.0,0.0,0.0,0.0,0.0,0.0,0.0,0.0,0.0,0.0,0.0,0.0,0.0,0.0,0.0,0.0,0.0,0.0,0.0,0.0,0.0,0.0,0.0,0.0,0.0,0.0,0.0,0.0,0.0,0.0,0.0,0.0,0.0,0.0,0.0,0.0,0.0,0.0,0.0,0.0,0.0,0.0,0.0,0.0,0.0,0.0,0.0,0.0,0.0,0.0,1.0,0.0,0.0,0.0,0.0,0.0,0.0,0.0,0.0,0.0,0.0,0.0,0.0,0.0,0.0,0.0,0.0,0.0,0.0,0.0
84754628478859,Mikkola-Gudas,2026020016,2026,FLA,SJS,AWAY,20261001,pairing,5on5,69.0,9.0,0.25,0.75,0.5,0.744,0.013,0.061,0.197,0.001,0.36,0.367,0.013,0.013,0.013,1.0,0.0,2.0,3.0,0.0,0.0,0.0,1.0,0.0,0.0,0.0,1.0,1.0,0.0,0.0,1.0,3.0,0.0,0.0,1.0,0.0,0.0,0.013,0.0,0.0,0.0,0.0,0.0,2.808,1.0,0.954,0.0,0.013,0.0,0.0,0.026,0.026,0.026,0.679,0.039,0.075,0.192,0.001,0.261,0.431,0.039,0.037,0.037,1.0,0.0,0.0,1.0,0.0,0.0,0.0,0.0,0.0,0.0,1.0,1.0,1.0,0.0,0.0,0.0,1.0,1.0,1.0,1.0,0.0,0.0,0.039,0.0,0.0,0.0,0.0,0.0,0.97,1.0,0.971,1.0,0.015,0.0,0.0,0.054,0.052,0.052
84751798477495,Kulikov-Jones,2026020001,2026,FLA,CAR,AWAY,20260929,pairing,5on5,109.0,5.0,1.0,1.0,1.0,0.734,0.084,0.079,0.121,0.002,0.322,0.393,0.084,0.088,0.088,0.0,1.0,1.0,2.0,0.0,0.0,0.0,0.0,0.0,0.0,1.0,0.0,1.0,0.0,0.0,0.0,0.0,0.0,1.0,0.0,1.0,0.0,0.0,0.084,0.0,0.0,0.0,0.0,2.064,1.0,1.03,0.0,0.016,0.0,0.0,0.1,0.105,0.105,0.0,0.0,0.0,0.0,0.0,0.0,0.0,0.0,0.0,0.0,0.0,0.0,0.0,0.0,0.0,0.0,0.0,0.0,0.0,0.0,0.0,0.0,0.0,0.0,0.0,0.0,1.0,0.0,0.0,0.0,0.0,0.0,0.0,0.0,0.0,0.0,0.0,0.0,0.0,0.0,0.0,0.0,0.0,0.0,0.0,0.0,0.0,0.0
84751798477495,Kulikov-Jones,2026020016,2026,FLA,SJS,AWAY,20261001,pairing,5on5,28.0,12.0,1.0,1.0,1.0,0.78,0.009,0.053,0.158,0.0,0.241,0.538,0.009,0.009,0.009,1.0,0.0,0.0,1.0,0.0,0.0,0.0,1.0,0.0,0.0,0.0,1.0,1.0,0.0,0.0,0.0,0.0,0.0,0.0,1.0,0.0,0.0,0.009,0.0,0.0,0.0,0.0,0.0,0.975,1.0,0.964,0.0,0.011,0.0,0.0,0.02,0.02,0.02,0.0,0.0,0.0,0.0,0.0,0.0,0.0,0.0,0.0,0.0,0.0,0.0,0.0,0.0,0.0,0.0,0.0,0.0,0.0,0.0,0.0,0.0,0.0,0.0,0.0,0.0,0.0,0.0,0.0,0.0,0.0,0.0,0.0,0.0,0.0,0.0,0.0,0.0,0.0,0.0,0.0,0.0,0.0,0.0,0.0,0.0,0.0,0.0
84779328478859,Mikkola-Ekblad,2026020001,2026,FLA,CAR,AWAY,20260929,pairing,5on5,12.0,8.0,1.0,1.0,1.0,0.782,0.146,0.073,0.089,0.002,0.286,0.405,0.146,0.153,0.153,0.0,1.0,0.0,1.0,0.0,0.0,0.0,0.0,0.0,0.0,1.0,0.0,1.0,0.0,0.0,0.0,0.0,0.0,0.0,0.0,1.0,0.0,0.0,0.146,0.0,0.0,0.0,0.0,1.032,1.0,1.03,0.0,0.015,0.0,0.0,0.161,0.169,0.169,0.0,0.0,0.0,0.0,0.0,0.0,0.0,0.0,0.0,0.0,0.0,0.0,0.0,0.0,0.0,0.0,0.0,0.0,0.0,0.0,0.0,0.0,0.0,0.0,0.0,0.0,0.0,0.0,0.0,0.0,0.0,0.0,0.0,0.0,0.0,0.0,0.0,0.0,0.0,0.0,0.0,0.0,0.0,0.0,0.0,0.0,0.0,0.0
84779328478859,Mikkola-Ekblad,2026020016,2026,FLA,SJS,AWAY,20261001,pairing,5on5,91.0,6.0,0.0,0.0,0.0,0.0,0.0,0.0,0.0,0.0,0.0,0.0,0.0,0.0,0.0,0.0,0.0,0.0,0.0,0.0,0.0,0.0,0.0,0.0,0.0,0.0,0.0,0.0,0.0,0.0,0.0,1.0,0.0,0.0,0.0,0.0,0.0,0.0,0.0,0.0,0.0,0.0,0.0,0.0,0.0,0.0,0.0,0.0,0.0,0.0,0.0,0.0,0.0,1.666,0.014,0.066,0.195,0.003,0.563,1.159,0.014,0.014,0.014,1.0,1.0,1.0,3.0,0.0,0.0,0.0,0.0,0.0,1.0,1.0,1.0,2.0,1.0,4.0,0.0,0.0,1.0,0.0,2.0,0.0,0.0,0.014,0.0,0.0,0.0,0.0,0.0,3.022,2.0,2.01,0.0,0.014,0.0,0.0,0.028,0.028,0.028
847740984779358482113,Verhaeghe-Bennett-Lundell,2026020001,2026,FLA,CAR,AWAY,20260929,line,5on5,72.0,7.0,0.0,0.75,0.0,0.0,0.0,0.0,0.0,0.0,0.0,0.0,0.0,0.0,0.0,0.0,0.0,3.0,3.0,0.0,0.0,0.0,0.0,0.0,0.0,0.0,0.0,0.0,0.0,0.0,0.0,0.0,0.0,0.0,0.0,0.0,0.0,0.0,0.0,0.0,0.0,0.0,0.0,3.096,0.0,0.0,0.0,0.0,0.0,0.0,0.0,0.0,0.0,0.0,0.0,0.0,0.0,0.0,0.0,0.0,0.0,0.0,0.0,0.0,0.0,1.0,1.0,0.0,0.0,0.0,0.0,0.0,0.0,0.0,0.0,0.0,0.0,0.0,1.0,1.0,0.0,1.0,0.0,0.0,0.0,0.0,0.0,0.0,0.0,0.0,0.0,0.97,0.0,0.0,1.0,0.0,0.0,0.0,0.0,0.0,0.0
84774958478055,Forsling-Jones,2026020001,2026,FLA,CAR,AWAY,20260929,pairing,5on5,33.0,7.0,0.1667,0.5,0.5,0.844,0.005,0.009,0.045,0.0,0.279,0.661,0.005,0.005,0.005,1.0,0.0,0.0,1.0,0.0,0.0,0.0,0.0,0.0,0.0,1.0,1.0,1.0,0.0,0.0,1.0,0.0,0.0,0.0,1.0,0.0,0.0,0.005,0.0,0.0,0.0,0.0,0.0,1.032,1.0,1.03,0.0,0.002,0.0,0.0,0.007,0.007,0.007,0.604,0.025,0.058,0.155,0.001,0.409,0.352,0.025,0.024,0.024,0.0,1.0,0.0,1.0,0.0,0.0,0.0,0.0,0.0,0.0,1.0,0.0,1.0,0.0,0.0,0.0,0.0,0.0,0.0,1.0,0.0,0.0,0.025,0.0,0.0,0.0,0.0,0.0,0.97,1.0,0.971,0.0,0.012,0.0,0.0,0.037,0.035,0.035
847793384808018482113,Tkachuk-Lundell-Reinhart,2026020016,2026,FLA,SJS,AWAY,20261001,line,5on5,62.0,7.0,0.8548,0.5,0.5,0.742,0.053,0.053,0.154,0.003,0.276,0.461,0.053,0.052,0.052,0.0,1.0,1.0,2.0,0.0,0.0,0.0,0.0,0.0,1.0,0.0,0.0,1.0,0.0,0.0,0.0,0.0,0.0,0.0,1.0,0.0,0.0,0.053,0.0,0.0,0.0,0.0,0.0,1.872,1.0,0.954,0.0,0.011,0.0,0.0,0.064,0.063,0.063,0.645,0.009,0.052,0.139,0.001,0.285,0.514,0.009,0.009,0.009,0.0,1.0,1.0,2.0,0.0,0.0,0.0,0.0,0.0,1.0,0.0,0.0,1.0,0.0,0.0,0.0,1.0,0.0,0.0,1.0,0.0,0.0,0.009,0.0,0.0,0.0,0.0,0.0,2.148,1.0,1.05,0.0,0.011,0.0,0.0,0.02,0.02,0.02
847740984779358483771,Vilmanis-Bennett-Verhaeghe,2026020001,2026,FLA,CAR,AWAY,20260929,line,5on5,31.0,10.0,1.0,1.0,1.0,0.782,0.146,0.073,0.089,0.002,0.286,0.405,0.146,0.153,0.153,0.0,1.0,0.0,1.0,0.0,0.0,0.0,0.0,0.0,0.0,1.0,0.0,1.0,0.0,0.0,0.0,0.0,0.0,0.0,0.0,1.0,0.0,0.0,0.146,0.0,0.0,0.0,0.0,1.032,1.0,1.03,0.0,0.015,0.0,0.0,0.161,0.169,0.169,0.0,0.0,0.0,0.0,0.0,0.0,0.0,0.0,0.0,0.0,0.0,0.0,0.0,0.0,0.0,0.0,0.0,0.0,0.0,0.0,0.0,0.0,0.0,0.0,0.0,0.0,0.0,0.0,0.0,0.0,0.0,0.0,0.0,0.0,0.0,0.0,0.0,0.0,0.0,0.0,0.0,0.0,0.0,0.0,0.0,0.0,0.0,0.0
84754628478055,Forsling-Gudas,2026020001,2026,FLA,CAR,AWAY,20260929,pairing,5on5,49.0,6.0,0.0,1.0,0.0,0.0,0.0,0.0,0.0,0.0,0.0,0.0,0.0,0.0,0.0,0.0,0.0,1.0,1.0,0.0,0.0,0.0,0.0,0.0,0.0,0.0,0.0,0.0,1.0,2.0,0.0,1.0,0.0,0.0,0.0,0.0,0.0,0.0,0.0,0.0,0.0,0.0,0.0,1.032,0.0,0.0,0.0,0.0,0.0,0.0,0.0,0.0,0.0,0.0,0.0,0.0,0.0,0.0,0.0,0.0,0.0,0.0,0.0,0.0,0.0,0.0,0.0,0.0,0.0,0.0,0.0,0.0,0.0,0.0,0.0,0.0,0.0,0.0,0.0,1.0,0.0,1.0,0.0,0.0,0.0,0.0,0.0,0.0,0.0,0.0,0.0,0.0,0.0,0.0,1.0,0.0,0.0,0.0,0.0,0.0,0.0
847418984779038483771,Vilmanis-Eller-Hathaway,2026020001,2026,FLA,CAR,AWAY,20260929,line,5on5,91.0,6.0,0.0727,0.3333,0.5,1.447,0.012,0.117,0.363,0.001,0.878,0.629,0.012,0.012,0.012,1.0,1.0,0.0,2.0,0.0,0.0,0.0,1.0,0.0,0.0,1.0,1.0,2.0,0.0,0.0,1.0,2.0,0.0,0.0,2.0,0.0,0.0,0.012,0.0,0.0,0.0,0.0,0.0,2.064,2.0,2.061,0.0,0.026,0.0,0.0,0.037,0.039,0.039,1.542,0.153,0.142,0.188,0.004,0.82,0.693,0.151,0.146,0.144,2.0,0.0,2.0,4.0,0.0,0.0,0.0,0.0,0.0,2.0,0.0,2.0,2.0,0.0,0.0,2.0,0.0,0.0,1.0,1.0,1.0,0.0,0.011,0.142,0.0,0.0,0.0,0.0,3.88,2.0,1.942,1.0,0.031,0.0,0.0,0.183,0.175,0.173
847740984821138483771,Vilmanis-Lundell-Verhaeghe,2026020001,2026,FLA,CAR,AWAY,20260929,line,5on5,53.0,8.0,0.0,0.0,0.0,0.0,0.0,0.0,0.0,0.0,0.0,0.0,0.0,0.0,0.0,0.0,0.0,0.0,0.0,0.0,0.0,0.0,0.0,0.0,0.0,0.0,0.0,0.0,0.0,0.0,1.0,1.0,0.0,0.0,0.0,0.0,0.0,0.0,0.0,0.0,0.0,0.0,0.0,0.0,0.0,0.0,0.0,0.0,0.0,0.0,0.0,0.0,0.0,0.0,0.0,0.0,0.0,0.0,0.0,0.0,0.0,0.0,0.0,0.0,0.0,2.0,2.0,0.0,0.0,0.0,0.0,0.0,0.0,0.0,0.0,0.0,0.0,0.0,0.0,0.0,0.0,0.0,0.0,0.0,0.0,0.0,0.0,0.0,0.0,0.0,0.0,1.94,0.0,0.0,0.0,0.0,0.0,0.0,0.0,0.0,0.0
847749384779338482113,Barkov-Lundell-Reinhart,2026020016,2026,FLA,SJS,AWAY,20261001,line,5on5,61.0,8.0,0.0,0.0,0.0,0.0,0.0,0.0,0.0,0.0,0.0,0.0,0.0,0.0,0.0,0.0,0.0,0.0,0.0,0.0,0.0,0.0,0.0,0.0,0.0,0.0,0.0,0.0,0.0,0.0,1.0,0.0,0.0,0.0,0.0,0.0,0.0,0.0,0.0,0.0,0.0,0.0,0.0,0.0,0.0,0.0,0.0,0.0,0.0,0.0,0.0,0.0,0.0,0.0,0.0,0.0,0.0,0.0,0.0,0.0,0.0,0.0,0.0,0.0,0.0,1.0,1.0,0.0,0.0,0.0,0.0,0.0,0.0,0.0,0.0,0.0,0.0,0.0,0.0,0.0,0.0,0.0,0.0,0.0,0.0,0.0,0.0,0.0,0.0,0.0,0.0,0.97,0.0,0.0,0.0,0.0,0.0,0.0,0.0,0.0,0.0
847418984779338480801,Tkachuk-Eller-Reinhart,2026020016,2026,FLA,SJS,AWAY,20261001,line,5on5,358.0,3.0,0.3522,0.5455,0.5556,3.446,0.056,0.272,0.792,0.004,1.875,2.002,0.056,0.057,0.056,3.0,2.0,1.0,6.0,0.0,0.0,0.0,1.0,0.0,4.0,0.0,3.0,5.0,0.0,0.0,2.0,8.0,1.0,3.0,5.0,0.0,0.0,0.056,0.0,0.0,0.0,0.0,0.0,5.726,5.0,4.924,1.0,0.052,0.0,0.0,0.108,0.109,0.109,3.237,0.103,0.171,0.59,0.003,1.346,1.787,0.103,0.099,0.099,2.0,2.0,1.0,5.0,0.0,0.0,0.0,1.0,0.0,0.0,3.0,2.0,4.0,0.0,0.0,2.0,1.0,0.0,2.0,3.0,1.0,0.0,0.017,0.085,0.0,0.0,0.0,0.0,5.174,4.0,3.964,1.0,0.036,0.0,0.0,0.139,0.134,0.134
847740984774938477933,Verhaeghe-Barkov-Reinhart,2026020001,2026,FLA,CAR,AWAY,20260929,line,5on5,27.0,13.0,1.0,1.0,1.0,0.734,0.084,0.079,0.121,0.002,0.322,0.393,0.084,0.088,0.088,0.0,1.0,0.0,1.0,0.0,0.0,0.0,0.0,0.0,0.0,1.0,0.0,1.0,0.0,0.0,0.0,0.0,0.0,0.0,0.0,1.0,0.0,0.0,0.084,0.0,0.0,0.0,0.0,1.032,1.0,1.03,0.0,0.016,0.0,0.0,0.1,0.105,0.105,0.0,0.0,0.0,0.0,0.0,0.0,0.0,0.0,0.0,0.0,0.0,0.0,0.0,0.0,0.0,0.0,0.0,0.0,0.0,0.0,0.0,0.0,0.0,0.0,0.0,0.0,0.0,0.0,0.0,0.0,0.0,0.0,0.0,0.0,0.0,0.0,0.0,0.0,0.0,0.0,0.0,0.0,0.0,0.0,0.0,0.0,0.0,0.0
847418984774098480185,Verhaeghe-Eller-Luostarinen,2026020001,2026,FLA,CAR,AWAY,20260929,line,5on5,21.0,15.0,0.0,0.0,0.0,0.0,0.0,0.0,0.0,0.0,0.0,0.0,0.0,0.0,0.0,0.0,0.0,0.0,0.0,0.0,0.0,0.0,0.0,0.0,0.0,0.0,0.0,0.0,0.0,0.0,0.0,0.0,0.0,0.0,0.0,0.0,0.0,0.0,0.0,0.0,0.0,0.0,0.0,0.0,0.0,0.0,0.0,0.0,0.0,0.0,0.0,0.0,0.0,0.0,0.0,0.0,0.0,0.0,0.0,0.0,0.0,0.0,0.0,0.0,0.0,0.0,0.0,0.0,0.0,0.0,0.0,0.0,0.0,0.0,0.0,0.0,0.0,0.0,0.0,1.0,0.0,0.0,0.0,0.0,0.0,0.0,0.0,0.0,0.0,0.0,0.0,0.0,0.0,0.0,0.0,0.0,0.0,0.0,0.0,0.0,0.0
847793384779358480801,Tkachuk-Bennett-Reinhart,2026020001,2026,FLA,CAR,AWAY,20260929,line,5on5,30.0,11.0,0.0,0.0,0.0,0.0,0.0,0.0,0.0,0.0,0.0,0.0,0.0,0.0,0.0,0.0,0.0,0.0,0.0,0.0,0.0,0.0,0.0,0.0,0.0,0.0,0.0,0.0,0.0,0.0,0.0,2.0,0.0,0.0,0.0,0.0,0.0,0.0,0.0,0.0,0.0,0.0,0.0,0.0,0.0,0.0,0.0,0.0,0.0,0.0,0.0,0.0,0.0,0.0,0.0,0.0,0.0,0.0,0.0,0.0,0.0,0.0,0.0,0.0,0.0,0.0,0.0,0.0,0.0,0.0,0.0,0.0,0.0,0.0,0.0,0.0,0.0,0.0,0.0,0.0,0.0,0.0,0.0,0.0,0.0,0.0,0.0,0.0,0.0,0.0,0.0,0.0,0.0,0.0,0.0,0.0,0.0,0.0,0.0,0.0,0.0
847793384779358480801,Tkachuk-Bennett-Reinhart,2026020016,2026,FLA,SJS,AWAY,20261001,line,5on5,51.0,10.0,0.0,0.0,0.0,0.0,0.0,0.0,0.0,0.0,0.0,0.0,0.0,0.0,0.0,0.0,0.0,0.0,0.0,0.0,0.0,0.0,0.0,0.0,0.0,0.0,0.0,0.0,0.0,0.0,0.0,0.0,0.0,2.0,0.0,0.0,0.0,0.0,0.0,0.0,0.0,0.0,0.0,0.0,0.0,0.0,1.0,0.0,0.0,0.0,0.0,0.0,0.0,0.0,0.0,0.0,0.0,0.0,0.0,0.0,0.0,0.0,0.0,0.0,0.0,1.0,1.0,0.0,0.0,0.0,0.0,0.0,0.0,0.0,0.0,0.0,0.0,0.0,0.0,0.0,0.0,0.0,0.0,0.0,0.0,0.0,0.0,0.0,0.0,0.0,0.0,0.97,0.0,0.0,0.0,0.0,0.0,0.0,0.0,0.0,0.0
847793584781478479314,Imama-Bennett-Tkachuk,2026020016,2026,FLA,SJS,AWAY,20261001,line,5on5,22.0,15.0,0.0,0.0,0.0,0.0,0.0,0.0,0.0,0.0,0.0,0.0,0.0,0.0,0.0,0.0,0.0,0.0,0.0,0.0,0.0,0.0,0.0,0.0,0.0,0.0,0.0,0.0,0.0,0.0,0.0,1.0,0.0,0.0,0.0,0.0,0.0,0.0,0.0,0.0,0.0,0.0,0.0,0.0,0.0,0.0,0.0,0.0,0.0,0.0,0.0,0.0,0.0,0.0,0.0,0.0,0.0,0.0,0.0,0.0,0.0,0.0,0.0,0.0,0.0,0.0,0.0,0.0,0.0,0.0,0.0,0.0,0.0,0.0,0.0,0.0,0.0,0.0,0.0,0.0,0.0,0.0,0.0,0.0,0.0,0.0,0.0,0.0,0.0,0.0,0.0,0.0,0.0,0.0,0.0,0.0,0.0,0.0,0.0,0.0,0.0
847418984779338483771,Vilmanis-Eller-Reinhart,2026020016,2026,FLA,SJS,AWAY,20261001,line,5on5,10.0,22.0,0.0,0.0,0.0,0.0,0.0,0.0,0.0,0.0,0.0,0.0,0.0,0.0,0.0,0.0,0.0,0.0,0.0,0.0,0.0,0.0,0.0,0.0,0.0,0.0,0.0,0.0,0.0,0.0,0.0,1.0,0.0,0.0,0.0,0.0,0.0,0.0,0.0,0.0,0.0,0.0,0.0,0.0,0.0,0.0,0.0,0.0,0.0,0.0,0.0,0.0,0.0,0.0,0.0,0.0,0.0,0.0,0.0,0.0,0.0,0.0,0.0,0.0,0.0,0.0,0.0,0.0,0.0,0.0,0.0,0.0,0.0,0.0,0.0,0.0,0.0,0.0,0.0,0.0,0.0,0.0,0.0,0.0,0.0,0.0,0.0,0.0,0.0,0.0,0.0,0.0,0.0,0.0,0.0,0.0,0.0,0.0,0.0,0.0,0.0
847749384779338480185,Luostarinen-Barkov-Reinhart,2026020001,2026,FLA,CAR,AWAY,20260929,line,5on5,14.0,17.0,1.0,1.0,1.0,0.825,0.005,0.008,0.035,0.001,0.239,0.712,0.005,0.005,0.005,1.0,0.0,0.0,1.0,0.0,0.0,0.0,1.0,0.0,0.0,0.0,1.0,1.0,0.0,0.0,0.0,0.0,0.0,0.0,1.0,0.0,0.0,0.005,0.0,0.0,0.0,0.0,0.0,1.032,1.0,1.03,0.0,0.002,0.0,0.0,0.006,0.007,0.007,0.0,0.0,0.0,0.0,0.0,0.0,0.0,0.0,0.0,0.0,0.0,0.0,0.0,0.0,0.0,0.0,0.0,0.0,0.0,0.0,0.0,0.0,0.0,0.0,0.0,0.0,0.0,0.0,0.0,0.0,0.0,0.0,0.0,0.0,0.0,0.0,0.0,0.0,0.0,0.0,0.0,0.0,0.0,0.0,0.0,0.0,0.0,0.0
847749384779338480185,Luostarinen-Barkov-Reinhart,2026020016,2026,FLA,SJS,AWAY,20261001,line,5on5,11.0,21.0,1.0,1.0,1.0,0.78,0.009,0.053,0.158,0.0,0.241,0.538,0.009,0.009,0.009,1.0,0.0,0.0,1.0,0.0,0.0,0.0,1.0,0.0,0.0,0.0,1.0,1.0,0.0,0.0,0.0,0.0,0.0,0.0,1.0,0.0,0.0,0.009,0.0,0.0,0.0,0.0,0.0,0.975,1.0,0.964,0.0,0.011,0.0,0.0,0.02,0.02,0.02,0.0,0.0,0.0,0.0,0.0,0.0,0.0,0.0,0.0,0.0,0.0,0.0,0.0,0.0,0.0,0.0,0.0,0.0,0.0,0.0,0.0,0.0,0.0,0.0,0.0,0.0,1.0,0.0,0.0,0.0,0.0,0.0,0.0,0.0,0.0,0.0,0.0,0.0,0.0,0.0,0.0,0.0,0.0,0.0,0.0,0.0,0.0,0.0
84774958478859,Mikkola-Jones,2026020001,2026,FLA,CAR,AWAY,20260929,pairing,5on5,870.0,1.0,0.8322,0.6429,0.7778,5.448,0.62,0.5,0.742,0.012,2.619,2.507,0.62,0.65,0.65,4.0,3.0,2.0,9.0,0.0,0.0,0.0,1.0,0.0,3.0,3.0,4.0,7.0,1.0,5.0,8.0,9.0,0.0,0.0,3.0,4.0,0.0,0.023,0.596,0.0,0.0,0.0,0.0,9.288,7.0,7.213,0.0,0.105,0.0,0.0,0.724,0.76,0.76,1.378,0.125,0.16,0.299,0.006,0.787,0.623,0.125,0.12,0.12,1.0,1.0,3.0,5.0,0.0,0.0,0.0,0.0,0.0,2.0,0.0,1.0,2.0,2.0,7.0,9.0,9.0,0.0,3.0,1.0,1.0,0.0,0.037,0.088,0.0,0.0,0.0,0.0,4.85,2.0,1.942,0.0,0.033,0.0,0.0,0.159,0.151,0.151
84774958478859,Mikkola-Jones,2026020016,2026,FLA,SJS,AWAY,20261001,pairing,5on5,891.0,1.0,0.468,0.5769,0.45,6.677,0.395,0.551,1.421,0.02,3.167,3.446,0.394,0.409,0.409,5.0,4.0,6.0,15.0,0.0,0.0,0.0,2.0,0.0,6.0,1.0,5.0,9.0,3.0,9.0,7.0,10.0,3.0,5.0,7.0,2.0,0.0,0.12,0.275,0.0,0.0,0.0,0.0,14.9,9.0,8.98,2.0,0.111,0.0,0.0,0.506,0.523,0.522,8.228,0.449,0.735,1.449,0.019,3.984,4.364,0.448,0.434,0.433,7.0,4.0,0.0,11.0,0.0,1.0,0.0,0.0,0.0,3.0,7.0,7.0,11.0,2.0,7.0,5.0,10.0,1.0,7.0,10.0,1.0,0.0,0.326,0.123,0.0,0.0,0.0,0.0,11.144,11.0,11.0,2.0,0.151,0.019,0.019,0.58,0.562,0.561
84751798478859,Mikkola-Kulikov,2026020016,2026,FLA,SJS,AWAY,20261001,pairing,5on5,86.0,7.0,0.0,0.0,0.0,0.0,0.0,0.0,0.0,0.0,0.0,0.0,0.0,0.0,0.0,0.0,0.0,0.0,0.0,0.0,0.0,0.0,0.0,0.0,0.0,0.0,0.0,0.0,0.0,0.0,0.0,1.0,0.0,0.0,0.0,0.0,0.0,0.0,0.0,0.0,0.0,0.0,0.0,0.0,0.0,0.0,0.0,0.0,0.0,0.0,0.0,0.0,0.0,0.0,0.0,0.0,0.0,0.0,0.0,0.0,0.0,0.0,0.0,0.0,0.0,0.0,0.0,0.0,0.0,0.0,0.0,0.0,0.0,0.0,0.0,0.0,0.0,0.0,0.0,0.0,0.0,1.0,0.0,0.0,0.0,0.0,0.0,0.0,0.0,0.0,0.0,0.0,0.0,0.0,0.0,0.0,0.0,0.0,0.0,0.0,0.0
84754628484304,Balinskis-Gudas,2026020016,2026,FLA,SJS,AWAY,20261001,pairing,5on5,524.0,3.0,0.815,0.6316,0.7273,5.633,0.445,0.637,0.933,0.012,3.102,2.87,0.435,0.466,0.456,5.0,3.0,4.0,12.0,0.0,2.0,0.0,1.0,0.0,3.0,2.0,5.0,8.0,0.0,0.0,3.0,13.0,0.0,2.0,6.0,2.0,0.0,0.19,0.255,0.0,0.0,0.0,0.0,12.135,8.0,8.102,1.0,0.134,0.197,0.197,0.382,0.399,0.393,2.388,0.101,0.185,0.484,0.004,1.055,1.172,0.101,0.096,0.096,2.0,1.0,4.0,7.0,0.0,0.0,0.0,2.0,0.0,0.0,1.0,2.0,3.0,1.0,2.0,3.0,5.0,1.0,4.0,2.0,1.0,0.0,0.016,0.085,0.0,0.0,0.0,0.0,6.952,3.0,2.914,2.0,0.04,0.0,0.0,0.141,0.135,0.135
847418984779038478147,Imama-Eller-Hathaway,2026020001,2026,FLA,CAR,AWAY,20260929,line,5on5,313.0,4.0,1.0,1.0,1.0,0.731,0.008,0.09,0.115,0.0,0.41,0.377,0.008,0.008,0.008,1.0,0.0,1.0,2.0,0.0,0.0,0.0,0.0,0.0,0.0,1.0,1.0,1.0,3.0,9.0,2.0,7.0,1.0,1.0,1.0,0.0,0.0,0.008,0.0,0.0,0.0,0.0,0.0,2.064,1.0,1.03,0.0,0.019,0.0,0.0,0.027,0.028,0.028,0.0,0.0,0.0,0.0,0.0,0.0,0.0,0.0,0.0,0.0,0.0,0.0,0.0,0.0,0.0,0.0,0.0,0.0,0.0,0.0,0.0,0.0,0.0,2.0,7.0,2.0,5.0,0.0,2.0,0.0,0.0,0.0,0.0,0.0,0.0,0.0,0.0,0.0,0.0,0.0,0.0,1.0,0.0,0.0,0.0,0.0,0.0,0.0
847418984779038478147,Imama-Eller-Hathaway,2026020016,2026,FLA,SJS,AWAY,20261001,line,5on5,171.0,5.0,1.0,0.8571,1.0,1.457,0.14,0.127,0.304,0.004,0.726,0.7,0.14,0.146,0.146,2.0,0.0,4.0,6.0,0.0,0.0,0.0,1.0,0.0,0.0,1.0,2.0,2.0,0.0,0.0,3.0,7.0,0.0,0.0,1.0,1.0,0.0,0.013,0.126,0.0,0.0,0.0,0.0,5.904,2.0,1.985,0.0,0.026,0.0,0.0,0.166,0.172,0.172,0.0,0.0,0.0,0.0,0.0,0.0,0.0,0.0,0.0,0.0,0.0,0.0,1.0,1.0,0.0,0.0,0.0,0.0,0.0,0.0,0.0,0.0,0.0,0.0,0.0,1.0,3.0,1.0,2.0,0.0,0.0,0.0,0.0,0.0,0.0,0.0,0.0,0.0,0.97,0.0,0.0,0.0,0.0,0.0,0.0,0.0,0.0,0.0
848018584821138483771,Vilmanis-Lundell-Luostarinen,2026020001,2026,FLA,CAR,AWAY,20260929,line,5on5,356.0,3.0,0.6793,0.4286,0.3333,1.544,0.341,0.168,0.176,0.004,0.645,0.666,0.341,0.358,0.358,1.0,1.0,1.0,3.0,0.0,0.0,0.0,0.0,0.0,1.0,1.0,1.0,2.0,1.0,2.0,2.0,9.0,0.0,3.0,0.0,2.0,0.0,0.0,0.341,0.0,0.0,0.0,0.0,3.096,2.0,2.061,0.0,0.035,0.0,0.0,0.376,0.395,0.395,2.758,0.161,0.277,0.654,0.007,1.537,1.363,0.161,0.154,0.154,2.0,2.0,0.0,4.0,0.0,0.0,0.0,0.0,0.0,3.0,1.0,2.0,4.0,0.0,0.0,4.0,2.0,0.0,4.0,3.0,1.0,0.0,0.073,0.088,0.0,0.0,0.0,0.0,3.88,4.0,3.885,2.0,0.056,0.0,0.0,0.218,0.208,0.208
848018584821138483771,Vilmanis-Lundell-Luostarinen,2026020016,2026,FLA,SJS,AWAY,20261001,line,5on5,496.0,2.0,0.7068,0.6087,0.55,7.659,0.834,0.989,0.945,0.022,4.314,3.896,0.824,0.869,0.858,7.0,4.0,3.0,14.0,1.0,2.0,0.0,0.0,0.0,3.0,5.0,6.0,10.0,0.0,0.0,5.0,6.0,1.0,3.0,7.0,4.0,0.0,0.31,0.524,0.0,1.0,0.0,0.0,14.295,11.0,11.193,1.0,0.209,0.197,0.197,0.847,0.88,0.873,5.842,0.346,0.588,1.332,0.016,3.478,3.24,0.344,0.336,0.333,4.0,5.0,0.0,9.0,1.0,1.0,0.0,1.0,0.0,2.0,4.0,3.0,8.0,0.0,0.0,2.0,4.0,1.0,3.0,9.0,0.0,0.0,0.346,0.0,0.0,1.0,0.0,0.0,8.946,9.0,8.954,3.0,0.118,0.008,0.008,0.456,0.442,0.438
847749384808018483771,Vilmanis-Barkov-Tkachuk,2026020001,2026,FLA,CAR,AWAY,20260929,line,5on5,15.0,16.0,0.0,0.0,0.0,0.0,0.0,0.0,0.0,0.0,0.0,0.0,0.0,0.0,0.0,0.0,0.0,0.0,0.0,0.0,0.0,0.0,0.0,0.0,0.0,0.0,0.0,0.0,0.0,0.0,0.0,1.0,0.0,0.0,0.0,0.0,0.0,0.0,0.0,0.0,0.0,0.0,0.0,0.0,0.0,0.0,0.0,0.0,0.0,0.0,0.0,0.0,0.0,0.0,0.0,0.0,0.0,0.0,0.0,0.0,0.0,0.0,0.0,0.0,0.0,0.0,0.0,0.0,0.0,0.0,0.0,0.0,0.0,0.0,0.0,0.0,0.0,0.0,0.0,0.0,0.0,0.0,0.0,0.0,0.0,0.0,0.0,0.0,0.0,0.0,0.0,0.0,0.0,0.0,0.0,0.0,0.0,0.0,0.0,0.0,0.0
847749384808018483771,Vilmanis-Barkov-Tkachuk,2026020016,2026,FLA,SJS,AWAY,20261001,line,5on5,21.0,16.0,0.0,0.0,0.0,0.0,0.0,0.0,0.0,0.0,0.0,0.0,0.0,0.0,0.0,0.0,0.0,0.0,0.0,0.0,0.0,0.0,0.0,0.0,0.0,0.0,0.0,0.0,0.0,0.0,0.0,1.0,0.0,0.0,0.0,0.0,0.0,0.0,0.0,0.0,0.0,0.0,0.0,0.0,0.0,0.0,0.0,0.0,0.0,0.0,0.0,0.0,0.0,0.679,0.039,0.075,0.192,0.001,0.261,0.431,0.039,0.037,0.037,1.0,0.0,0.0,1.0,0.0,0.0,0.0,0.0,0.0,0.0,1.0,1.0,1.0,0.0,0.0,0.0,0.0,1.0,1.0,1.0,0.0,0.0,0.039,0.0,0.0,0.0,0.0,0.0,0.97,1.0,0.971,1.0,0.015,0.0,0.0,0.054,0.052,0.052
84751798477932,Kulikov-Ekblad,2026020016,2026,FLA,SJS,AWAY,20261001,pairing,5on5,616.0,2.0,0.6562,0.375,0.3,2.355,0.502,0.343,0.269,0.009,1.031,0.847,0.502,0.527,0.527,2.0,1.0,3.0,6.0,1.0,0.0,0.0,0.0,0.0,0.0,2.0,1.0,2.0,1.0,2.0,6.0,8.0,0.0,3.0,1.0,1.0,1.0,0.034,0.138,0.331,0.0,1.0,0.0,6.096,3.0,3.091,1.0,0.072,0.0,0.0,0.574,0.602,0.602,4.405,0.263,0.46,1.012,0.013,2.829,2.421,0.261,0.255,0.253,4.0,3.0,3.0,10.0,1.0,1.0,0.0,1.0,0.0,2.0,2.0,3.0,6.0,0.0,0.0,1.0,4.0,3.0,3.0,7.0,0.0,0.0,0.263,0.0,0.0,1.0,0.0,0.0,9.916,7.0,6.933,2.0,0.092,0.008,0.008,0.348,0.337,0.333
847749384779038478147,Imama-Barkov-Hathaway,2026020016,2026,FLA,SJS,AWAY,20261001,line,5on5,17.0,17.0,0.0,0.0,0.0,0.0,0.0,0.0,0.0,0.0,0.0,0.0,0.0,0.0,0.0,0.0,0.0,0.0,0.0,0.0,0.0,0.0,0.0,0.0,0.0,0.0,0.0,0.0,0.0,0.0,0.0,2.0,0.0,0.0,0.0,0.0,0.0,0.0,0.0,0.0,0.0,0.0,0.0,0.0,0.0,0.0,0.0,0.0,0.0,0.0,0.0,0.0,0.0,0.0,0.0,0.0,0.0,0.0,0.0,0.0,0.0,0.0,0.0,0.0,0.0,0.0,0.0,0.0,0.0,0.0,0.0,0.0,0.0,0.0,0.0,0.0,1.0,2.0,0.0,0.0,0.0,0.0,0.0,0.0,0.0,0.0,0.0,0.0,0.0,0.0,0.0,0.0,0.0,0.0,0.0,0.0,0.0,0.0,0.0,0.0,0.0
84774958484304,Balinskis-Jones,2026020016,2026,FLA,SJS,AWAY,20261001,pairing,5on5,111.0,5.0,0.9348,0.5,0.6667,1.334,0.129,0.154,0.147,0.004,0.787,0.779,0.129,0.135,0.135,2.0,0.0,0.0,2.0,0.0,0.0,0.0,0.0,0.0,0.0,2.0,2.0,2.0,2.0,7.0,0.0,1.0,0.0,0.0,1.0,1.0,0.0,0.009,0.12,0.0,0.0,0.0,0.0,2.064,2.0,2.061,0.0,0.031,0.0,0.0,0.159,0.167,0.167,0.645,0.009,0.052,0.139,0.001,0.285,0.514,0.009,0.009,0.009,0.0,1.0,1.0,2.0,0.0,0.0,0.0,0.0,0.0,1.0,0.0,0.0,1.0,1.0,5.0,0.0,1.0,0.0,0.0,1.0,0.0,0.0,0.009,0.0,0.0,0.0,0.0,0.0,2.148,1.0,1.05,0.0,0.011,0.0,0.0,0.02,0.02,0.02
84780558478859,Forsling-Mikkola,2026020001,2026,FLA,CAR,AWAY,20260929,pairing,5on5,116.0,4.0,0.0727,0.3333,0.5,1.447,0.012,0.117,0.363,0.001,0.878,0.629,0.012,0.012,0.012,1.0,1.0,0.0,2.0,0.0,0.0,0.0,1.0,0.0,0.0,1.0,1.0,2.0,0.0,0.0,1.0,2.0,0.0,0.0,2.0,0.0,0.0,0.012,0.0,0.0,0.0,0.0,0.0,2.064,2.0,2.061,0.0,0.026,0.0,0.0,0.037,0.039,0.039,1.542,0.153,0.142,0.188,0.004,0.82,0.693,0.151,0.146,0.144,2.0,0.0,2.0,4.0,0.0,0.0,0.0,0.0,0.0,2.0,0.0,2.0,2.0,0.0,0.0,2.0,1.0,0.0,1.0,1.0,1.0,0.0,0.011,0.142,0.0,0.0,0.0,0.0,3.88,2.0,1.942,1.0,0.031,0.0,0.0,0.183,0.175,0.173
847790384779358478147,Imama-Bennett-Hathaway,2026020016,2026,FLA,SJS,AWAY,20261001,line,5on5,56.0,9.0,0.0,0.0,0.0,0.0,0.0,0.0,0.0,0.0,0.0,0.0,0.0,0.0,0.0,0.0,0.0,0.0,0.0,0.0,0.0,0.0,0.0,0.0,0.0,0.0,0.0,0.0,0.0,0.0,0.0,1.0,0.0,0.0,0.0,0.0,0.0,0.0,0.0,0.0,0.0,0.0,0.0,0.0,0.0,0.0,0.0,0.0,0.0,0.0,0.0,0.0,0.0,0.823,0.008,0.068,0.142,0.002,0.434,0.345,0.008,0.007,0.007,1.0,0.0,2.0,3.0,0.0,0.0,0.0,1.0,0.0,0.0,0.0,1.0,1.0,0.0,0.0,1.0,1.0,0.0,0.0,1.0,0.0,0.0,0.008,0.0,0.0,0.0,0.0,0.0,2.91,1.0,0.971,0.0,0.016,0.0,0.0,0.024,0.023,0.023
847740984801858482113,Verhaeghe-Lundell-Luostarinen,2026020001,2026,FLA,CAR,AWAY,20260929,line,5on5,25.0,14.0,1.0,1.0,1.0,0.745,0.077,0.076,0.096,0.003,0.332,0.416,0.077,0.081,0.081,1.0,0.0,0.0,1.0,0.0,0.0,0.0,0.0,0.0,0.0,1.0,1.0,1.0,1.0,2.0,0.0,0.0,0.0,0.0,1.0,0.0,0.0,0.077,0.0,0.0,0.0,0.0,0.0,1.032,1.0,1.03,0.0,0.016,0.0,0.0,0.093,0.098,0.098,0.0,0.0,0.0,0.0,0.0,0.0,0.0,0.0,0.0,0.0,0.0,0.0,0.0,0.0,0.0,0.0,0.0,0.0,0.0,0.0,0.0,0.0,0.0,0.0,0.0,0.0,0.0,0.0,0.0,0.0,0.0,0.0,0.0,0.0,0.0,0.0,0.0,0.0,0.0,0.0,0.0,0.0,0.0,0.0,0.0,0.0,0.0,0.0
84752088476441,Dumoulin-Edmundson,2026020007,2026,LAK,COL,AWAY,20260930,pairing,5on5,36.0,13.0,0.0,0.0,0.0,0.0,0.0,0.0,0.0,0.0,0.0,0.0,0.0,0.0,0.0,0.0,0.0,0.0,0.0,0.0,0.0,0.0,0.0,0.0,0.0,0.0,0.0,0.0,1.0,2.0,1.0,0.0,0.0,0.0,0.0,0.0,0.0,0.0,0.0,0.0,0.0,0.0,0.0,0.0,0.0,0.0,0.0,0.0,0.0,0.0,0.0,0.0,0.0,0.0,0.0,0.0,0.0,0.0,0.0,0.0,0.0,0.0,0.0,0.0,0.0,0.0,0.0,0.0,0.0,0.0,0.0,0.0,0.0,0.0,0.0,0.0,0.0,0.0,1.0,0.0,0.0,0.0,0.0,0.0,0.0,0.0,0.0,0.0,0.0,0.0,0.0,0.0,0.0,0.0,0.0,0.0,0.0,0.0,0.0,0.0,0.0
84768798482730,Ceci-Clarke,2026020007,2026,LAK,COL,AWAY,20260930,pairing,5on5,65.0,8.0,1.0,1.0,1.0,1.554,0.12,0.076,0.118,0.003,0.376,1.307,0.12,0.12,0.12,2.0,0.0,1.0,3.0,0.0,0.0,0.0,0.0,0.0,0.0,2.0,2.0,2.0,0.0,0.0,0.0,0.0,0.0,0.0,1.0,1.0,0.0,0.005,0.115,0.0,0.0,0.0,0.0,2.925,2.0,1.929,0.0,0.015,0.0,0.0,0.135,0.136,0.136,0.0,0.0,0.0,0.0,0.0,0.0,0.0,0.0,0.0,0.0,0.0,0.0,0.0,0.0,0.0,0.0,0.0,0.0,0.0,0.0,0.0,0.0,0.0,0.0,0.0,0.0,1.0,0.0,1.0,0.0,0.0,0.0,0.0,0.0,0.0,0.0,0.0,0.0,0.0,0.0,0.0,1.0,0.0,0.0,0.0,0.0,0.0,0.0
847796084796758482124,Moore-Byfield-Kempe,2026020007,2026,LAK,COL,AWAY,20260930,line,5on5,25.0,9.0,0.0,0.0,0.0,0.0,0.0,0.0,0.0,0.0,0.0,0.0,0.0,0.0,0.0,0.0,0.0,0.0,0.0,0.0,0.0,0.0,0.0,0.0,0.0,0.0,0.0,0.0,0.0,0.0,0.0,1.0,0.0,0.0,0.0,0.0,0.0,0.0,0.0,0.0,0.0,0.0,0.0,0.0,0.0,0.0,0.0,0.0,0.0,0.0,0.0,0.0,0.0,0.0,0.0,0.0,0.0,0.0,0.0,0.0,0.0,0.0,0.0,0.0,0.0,1.0,1.0,0.0,0.0,0.0,0.0,0.0,0.0,0.0,0.0,0.0,0.0,0.0,0.0,0.0,0.0,0.0,0.0,0.0,0.0,0.0,0.0,0.0,0.0,0.0,0.0,1.026,0.0,0.0,0.0,0.0,0.0,0.0,0.0,0.0,0.0
847687284779608479675,Moore-Laughton-Kempe,2026020007,2026,LAK,COL,AWAY,20260930,line,5on5,65.0,6.0,0.0,0.25,0.0,0.0,0.0,0.0,0.0,0.0,0.0,0.0,0.0,0.0,0.0,0.0,0.0,1.0,1.0,0.0,0.0,0.0,0.0,0.0,0.0,0.0,0.0,0.0,0.0,0.0,0.0,0.0,0.0,0.0,0.0,0.0,0.0,0.0,0.0,0.0,0.0,0.0,0.0,0.895,0.0,0.0,0.0,0.0,0.0,0.0,0.0,0.0,0.0,2.219,0.235,0.206,0.395,0.006,0.999,1.158,0.227,0.237,0.228,3.0,0.0,0.0,3.0,0.0,1.0,0.0,2.0,0.0,0.0,0.0,3.0,3.0,0.0,0.0,0.0,0.0,0.0,0.0,1.0,2.0,0.0,0.049,0.187,0.0,0.0,0.0,0.0,3.184,3.0,3.127,0.0,0.041,0.087,0.087,0.189,0.191,0.19
847528784796758482124,Haula-Byfield-Moore,2026020007,2026,LAK,COL,AWAY,20260930,line,5on5,10.0,15.0,1.0,1.0,1.0,0.799,0.026,0.058,0.169,0.003,0.31,0.435,0.026,0.026,0.026,1.0,0.0,0.0,1.0,0.0,0.0,0.0,0.0,0.0,1.0,0.0,1.0,1.0,0.0,0.0,0.0,0.0,0.0,0.0,1.0,0.0,0.0,0.026,0.0,0.0,0.0,0.0,0.0,0.975,1.0,0.964,0.0,0.012,0.0,0.0,0.038,0.038,0.038,0.0,0.0,0.0,0.0,0.0,0.0,0.0,0.0,0.0,0.0,0.0,0.0,0.0,0.0,0.0,0.0,0.0,0.0,0.0,0.0,0.0,0.0,0.0,0.0,0.0,0.0,1.0,0.0,0.0,0.0,0.0,0.0,0.0,0.0,0.0,0.0,0.0,0.0,0.0,0.0,0.0,0.0,0.0,0.0,0.0,0.0,0.0,0.0
847528784768728479675,Haula-Laughton-Moore,2026020007,2026,LAK,COL,AWAY,20260930,line,5on5,476.0,3.0,0.1443,0.3571,0.5,3.692,0.17,0.379,0.703,0.006,1.742,2.001,0.17,0.168,0.168,5.0,0.0,0.0,5.0,0.0,0.0,0.0,3.0,0.0,1.0,1.0,5.0,5.0,1.0,2.0,5.0,2.0,0.0,0.0,4.0,1.0,0.0,0.078,0.092,0.0,0.0,0.0,0.0,4.831,5.0,4.924,0.0,0.078,0.0,0.0,0.248,0.246,0.246,4.478,1.008,0.52,0.551,0.009,1.619,1.293,0.932,1.034,0.956,4.0,1.0,4.0,9.0,1.0,1.0,1.0,0.0,0.0,2.0,1.0,3.0,4.0,1.0,2.0,5.0,2.0,1.0,3.0,1.0,2.0,2.0,0.022,0.28,0.706,0.0,1.0,0.0,9.86,5.0,5.252,1.0,0.117,0.152,0.152,0.972,0.997,0.975
84752088476879,Dumoulin-Ceci,2026020007,2026,LAK,COL,AWAY,20260930,pairing,5on5,73.0,6.0,0.3023,0.6667,0.75,2.199,0.13,0.249,0.242,0.005,1.057,1.318,0.125,0.126,0.121,2.0,1.0,1.0,4.0,0.0,1.0,0.0,0.0,0.0,1.0,1.0,2.0,3.0,0.0,0.0,0.0,0.0,0.0,0.0,3.0,0.0,0.0,0.13,0.0,0.0,0.0,0.0,0.0,3.58,3.0,2.863,0.0,0.054,0.025,0.025,0.159,0.154,0.15,0.934,0.3,0.098,0.082,0.002,0.254,0.263,0.3,0.311,0.311,0.0,1.0,1.0,2.0,0.0,0.0,0.0,0.0,0.0,0.0,1.0,0.0,1.0,0.0,0.0,0.0,0.0,1.0,1.0,0.0,0.0,1.0,0.0,0.0,0.3,0.0,0.0,0.0,2.264,1.0,1.05,1.0,0.022,0.0,0.0,0.322,0.334,0.334
84745638476879,Doughty-Ceci,2026020007,2026,LAK,COL,AWAY,20260930,pairing,5on5,55.0,9.0,0.0,0.0,0.0,0.0,0.0,0.0,0.0,0.0,0.0,0.0,0.0,0.0,0.0,0.0,0.0,0.0,0.0,0.0,0.0,0.0,0.0,0.0,0.0,0.0,0.0,0.0,0.0,0.0,0.0,0.0,0.0,0.0,0.0,0.0,0.0,0.0,0.0,0.0,0.0,0.0,0.0,0.0,0.0,0.0,0.0,0.0,0.0,0.0,0.0,0.0,0.0,0.0,0.0,0.0,0.0,0.0,0.0,0.0,0.0,0.0,0.0,0.0,0.0,0.0,0.0,0.0,0.0,0.0,0.0,0.0,0.0,0.0,0.0,0.0,0.0,0.0,0.0,1.0,0.0,0.0,0.0,0.0,0.0,0.0,0.0,0.0,0.0,0.0,0.0,0.0,0.0,0.0,0.0,0.0,0.0,0.0,0.0,0.0,0.0
847796084785508482124,Panarin-Byfield-Kempe,2026020007,2026,LAK,COL,AWAY,20260930,line,5on5,716.0,1.0,0.4538,0.5,0.4762,6.893,0.58,0.637,1.155,0.021,3.299,4.308,0.58,0.584,0.583,6.0,4.0,4.0,14.0,0.0,0.0,0.0,1.0,0.0,2.0,7.0,6.0,10.0,2.0,7.0,10.0,3.0,4.0,2.0,8.0,2.0,0.0,0.391,0.189,0.0,0.0,0.0,0.0,13.558,10.0,9.812,0.0,0.13,0.0,0.0,0.711,0.715,0.714,8.189,0.698,0.871,1.535,0.017,3.386,4.493,0.675,0.7,0.677,9.0,2.0,3.0,14.0,2.0,1.0,1.0,2.0,0.0,3.0,3.0,7.0,9.0,1.0,5.0,2.0,2.0,1.0,3.0,8.0,2.0,1.0,0.27,0.21,0.217,1.0,1.0,0.0,14.926,11.0,11.36,1.0,0.176,0.103,0.103,0.77,0.771,0.763
84764418476879,Edmundson-Ceci,2026020007,2026,LAK,COL,AWAY,20260930,pairing,5on5,42.0,11.0,1.0,1.0,1.0,0.799,0.026,0.058,0.169,0.003,0.31,0.435,0.026,0.026,0.026,1.0,0.0,0.0,1.0,0.0,0.0,0.0,0.0,0.0,1.0,0.0,1.0,1.0,0.0,0.0,0.0,0.0,0.0,0.0,1.0,0.0,0.0,0.026,0.0,0.0,0.0,0.0,0.0,0.975,1.0,0.964,0.0,0.012,0.0,0.0,0.038,0.038,0.038,0.0,0.0,0.0,0.0,0.0,0.0,0.0,0.0,0.0,0.0,0.0,0.0,0.0,0.0,0.0,0.0,0.0,0.0,0.0,0.0,0.0,0.0,0.0,0.0,0.0,0.0,1.0,0.0,0.0,0.0,0.0,0.0,0.0,0.0,0.0,0.0,0.0,0.0,0.0,0.0,0.0,0.0,0.0,0.0,0.0,0.0,0.0,0.0
84764418482730,Edmundson-Clarke,2026020007,2026,LAK,COL,AWAY,20260930,pairing,5on5,643.0,3.0,0.7603,0.5,0.7,5.55,0.479,0.654,0.932,0.012,2.522,2.402,0.478,0.473,0.472,5.0,2.0,2.0,9.0,0.0,0.0,0.0,0.0,0.0,3.0,4.0,5.0,7.0,3.0,9.0,8.0,5.0,3.0,2.0,4.0,3.0,0.0,0.111,0.367,0.0,0.0,0.0,0.0,8.498,7.0,6.7,1.0,0.14,0.0,0.0,0.619,0.612,0.609,2.516,0.151,0.293,0.352,0.004,1.05,1.149,0.151,0.156,0.156,1.0,2.0,6.0,9.0,0.0,0.0,0.0,0.0,0.0,2.0,1.0,1.0,3.0,3.0,9.0,4.0,1.0,0.0,4.0,2.0,1.0,0.0,0.024,0.128,0.0,0.0,0.0,0.0,9.446,3.0,3.127,2.0,0.061,0.0,0.0,0.213,0.218,0.218
84745638479998,Anderson-Doughty,2026020007,2026,LAK,COL,AWAY,20260930,pairing,5on5,114.0,4.0,0.0,0.3333,0.0,0.0,0.0,0.0,0.0,0.0,0.0,0.0,0.0,0.0,0.0,0.0,0.0,1.0,1.0,0.0,0.0,0.0,0.0,0.0,0.0,0.0,0.0,0.0,0.0,0.0,1.0,2.0,0.0,0.0,0.0,0.0,0.0,0.0,0.0,0.0,0.0,0.0,0.0,0.975,0.0,0.0,0.0,0.0,0.0,0.0,0.0,0.0,0.0,0.724,0.01,0.058,0.178,0.0,0.277,0.476,0.01,0.01,0.01,1.0,0.0,1.0,2.0,0.0,0.0,0.0,0.0,0.0,0.0,1.0,1.0,1.0,0.0,0.0,0.0,1.0,0.0,0.0,1.0,0.0,0.0,0.01,0.0,0.0,0.0,0.0,0.0,2.052,1.0,1.038,0.0,0.012,0.0,0.0,0.022,0.022,0.022
847569284785508481532,Panarin-Turcotte-Zuccarello,2026020007,2026,LAK,COL,AWAY,20260930,line,5on5,51.0,7.0,0.0,0.0,0.0,0.0,0.0,0.0,0.0,0.0,0.0,0.0,0.0,0.0,0.0,0.0,0.0,0.0,0.0,0.0,0.0,0.0,0.0,0.0,0.0,0.0,0.0,0.0,0.0,0.0,0.0,0.0,1.0,0.0,0.0,0.0,0.0,0.0,0.0,0.0,0.0,0.0,0.0,0.0,0.0,0.0,0.0,0.0,0.0,0.0,0.0,0.0,0.0,0.0,0.0,0.0,0.0,0.0,0.0,0.0,0.0,0.0,0.0,0.0,0.0,0.0,0.0,0.0,0.0,0.0,0.0,0.0,0.0,0.0,0.0,0.0,0.0,0.0,0.0,1.0,0.0,0.0,0.0,0.0,0.0,0.0,0.0,0.0,0.0,0.0,0.0,0.0,0.0,0.0,0.0,0.0,0.0,0.0,0.0,0.0,0.0
847569284815328482155,Zuccarello-Turcotte-Laferriere,2026020007,2026,LAK,COL,AWAY,20260930,line,5on5,627.0,2.0,0.6162,0.6429,0.6364,5.183,0.334,0.549,1.064,0.008,2.498,2.547,0.333,0.334,0.333,5.0,2.0,2.0,9.0,1.0,0.0,0.0,0.0,0.0,3.0,3.0,4.0,6.0,1.0,2.0,10.0,6.0,0.0,0.0,5.0,2.0,0.0,0.074,0.259,0.0,1.0,0.0,0.0,8.674,7.0,6.786,0.0,0.117,0.0,0.0,0.45,0.451,0.448,2.786,0.208,0.279,0.606,0.007,1.41,1.49,0.207,0.216,0.214,3.0,1.0,1.0,5.0,0.0,0.0,0.0,0.0,0.0,1.0,3.0,3.0,4.0,2.0,4.0,2.0,5.0,1.0,3.0,3.0,1.0,0.0,0.061,0.147,0.0,0.0,0.0,0.0,5.554,4.0,4.201,3.0,0.057,0.0,0.0,0.265,0.274,0.272
84745638476441,Edmundson-Doughty,2026020007,2026,LAK,COL,AWAY,20260930,pairing,5on5,94.0,5.0,0.0,0.0,0.0,0.0,0.0,0.0,0.0,0.0,0.0,0.0,0.0,0.0,0.0,0.0,0.0,0.0,0.0,0.0,0.0,0.0,0.0,0.0,0.0,0.0,0.0,0.0,0.0,0.0,0.0,2.0,0.0,0.0,0.0,0.0,0.0,0.0,0.0,0.0,0.0,0.0,0.0,0.0,0.0,0.0,0.0,0.0,0.0,0.0,0.0,0.0,0.0,0.0,0.0,0.0,0.0,0.0,0.0,0.0,0.0,0.0,0.0,0.0,0.0,0.0,0.0,0.0,0.0,0.0,0.0,0.0,0.0,0.0,0.0,0.0,0.0,0.0,2.0,1.0,0.0,0.0,0.0,0.0,0.0,0.0,0.0,0.0,0.0,0.0,0.0,0.0,0.0,0.0,0.0,0.0,0.0,0.0,0.0,0.0,0.0
847646984817328482726,Lee-Helenius-Armia,2026020007,2026,LAK,COL,AWAY,20260930,line,5on5,377.0,4.0,0.6425,0.75,0.7143,3.782,0.293,0.404,0.554,0.007,1.715,2.026,0.289,0.287,0.282,4.0,1.0,4.0,9.0,0.0,1.0,0.0,0.0,0.0,2.0,2.0,4.0,5.0,1.0,2.0,1.0,4.0,1.0,4.0,4.0,1.0,0.0,0.162,0.131,0.0,0.0,0.0,0.0,8.297,5.0,4.772,2.0,0.086,0.025,0.025,0.355,0.347,0.343,1.585,0.163,0.215,0.166,0.004,0.667,0.786,0.163,0.157,0.157,1.0,1.0,1.0,3.0,0.0,0.0,0.0,0.0,0.0,0.0,2.0,1.0,2.0,1.0,2.0,4.0,2.0,0.0,2.0,1.0,1.0,0.0,0.022,0.141,0.0,0.0,0.0,0.0,3.022,2.0,2.01,1.0,0.043,0.0,0.0,0.206,0.199,0.199
847569284785508482124,Panarin-Byfield-Zuccarello,2026020007,2026,LAK,COL,AWAY,20260930,line,5on5,14.0,13.0,0.0,0.0,0.0,0.0,0.0,0.0,0.0,0.0,0.0,0.0,0.0,0.0,0.0,0.0,0.0,0.0,0.0,0.0,0.0,0.0,0.0,0.0,0.0,0.0,0.0,0.0,0.0,0.0,0.0,0.0,0.0,0.0,0.0,0.0,0.0,0.0,0.0,0.0,0.0,0.0,0.0,0.0,0.0,0.0,0.0,0.0,0.0,0.0,0.0,0.0,0.0,0.0,0.0,0.0,0.0,0.0,0.0,0.0,0.0,0.0,0.0,0.0,0.0,0.0,0.0,0.0,0.0,0.0,0.0,0.0,0.0,0.0,0.0,0.0,0.0,0.0,0.0,1.0,0.0,0.0,0.0,0.0,0.0,0.0,0.0,0.0,0.0,0.0,0.0,0.0,0.0,0.0,0.0,0.0,0.0,0.0,0.0,0.0,0.0
847855084817328482124,Lee-Byfield-Panarin,2026020007,2026,LAK,COL,AWAY,20260930,line,5on5,21.0,12.0,1.0,1.0,1.0,0.72,0.013,0.055,0.208,0.001,0.339,0.384,0.013,0.013,0.013,0.0,1.0,0.0,1.0,0.0,0.0,0.0,0.0,0.0,0.0,1.0,0.0,1.0,0.0,0.0,0.0,0.0,0.0,0.0,1.0,0.0,0.0,0.013,0.0,0.0,0.0,0.0,0.0,0.936,1.0,0.954,0.0,0.011,0.0,0.0,0.023,0.023,0.023,0.0,0.0,0.0,0.0,0.0,0.0,0.0,0.0,0.0,0.0,0.0,0.0,0.0,0.0,0.0,0.0,0.0,0.0,0.0,0.0,0.0,0.0,0.0,0.0,0.0,0.0,0.0,0.0,0.0,0.0,0.0,0.0,0.0,0.0,0.0,0.0,0.0,0.0,0.0,0.0,0.0,0.0,0.0,0.0,0.0,0.0,0.0,0.0
84799988482730,Anderson-Clarke,2026020007,2026,LAK,COL,AWAY,20260930,pairing,5on5,72.0,7.0,1.0,1.0,1.0,2.558,0.221,0.264,0.417,0.006,1.187,1.906,0.221,0.217,0.217,2.0,2.0,0.0,4.0,0.0,0.0,0.0,0.0,0.0,2.0,2.0,2.0,4.0,0.0,0.0,0.0,2.0,0.0,0.0,3.0,1.0,0.0,0.119,0.102,0.0,0.0,0.0,0.0,3.742,4.0,3.827,0.0,0.055,0.0,0.0,0.276,0.271,0.271,0.0,0.0,0.0,0.0,0.0,0.0,0.0,0.0,0.0,0.0,0.0,0.0,0.0,0.0,0.0,0.0,0.0,0.0,0.0,0.0,0.0,0.0,0.0,0.0,0.0,0.0,0.0,0.0,0.0,0.0,0.0,0.0,0.0,0.0,0.0,0.0,0.0,0.0,0.0,0.0,0.0,0.0,0.0,0.0,0.0,0.0,0.0,0.0
847687284796758481732,Lee-Laughton-Moore,2026020007,2026,LAK,COL,AWAY,20260930,line,5on5,29.0,8.0,1.0,0.6667,1.0,1.721,0.16,0.213,0.178,0.005,0.735,0.709,0.154,0.158,0.152,1.0,1.0,0.0,2.0,0.0,1.0,0.0,0.0,0.0,1.0,0.0,1.0,2.0,0.0,0.0,0.0,0.0,0.0,1.0,1.0,1.0,0.0,0.05,0.109,0.0,0.0,0.0,0.0,1.872,2.0,1.909,0.0,0.046,0.05,0.05,0.155,0.153,0.15,0.0,0.0,0.0,0.0,0.0,0.0,0.0,0.0,0.0,0.0,0.0,0.0,1.0,1.0,0.0,0.0,0.0,0.0,0.0,0.0,0.0,0.0,0.0,0.0,0.0,0.0,0.0,0.0,0.0,0.0,0.0,0.0,0.0,0.0,0.0,0.0,0.0,0.0,1.074,0.0,0.0,0.0,0.0,0.0,0.0,0.0,0.0,0.0
84745638475208,Dumoulin-Doughty,2026020007,2026,LAK,COL,AWAY,20260930,pairing,5on5,742.0,2.0,0.1452,0.4545,0.3529,4.409,0.215,0.382,1.026,0.009,2.211,2.157,0.215,0.221,0.221,4.0,2.0,4.0,10.0,1.0,0.0,0.0,0.0,0.0,2.0,3.0,3.0,5.0,0.0,0.0,10.0,1.0,3.0,4.0,5.0,1.0,0.0,0.127,0.088,0.0,1.0,0.0,0.0,9.859,6.0,5.974,1.0,0.078,0.0,0.0,0.293,0.301,0.301,8.528,1.266,1.031,1.417,0.019,3.313,3.955,1.169,1.278,1.178,10.0,1.0,1.0,12.0,3.0,2.0,2.0,1.0,0.0,2.0,3.0,7.0,8.0,0.0,0.0,2.0,4.0,2.0,3.0,6.0,3.0,2.0,0.247,0.396,0.623,1.0,2.0,0.0,12.864,11.0,11.383,1.0,0.214,0.256,0.256,1.224,1.23,1.202
847528784815328482155,Haula-Turcotte-Laferriere,2026020007,2026,LAK,COL,AWAY,20260930,line,5on5,23.0,10.0,0.0,0.0,0.0,0.0,0.0,0.0,0.0,0.0,0.0,0.0,0.0,0.0,0.0,0.0,0.0,0.0,0.0,0.0,0.0,0.0,0.0,0.0,0.0,0.0,0.0,0.0,0.0,0.0,1.0,0.0,0.0,0.0,0.0,0.0,0.0,0.0,0.0,0.0,0.0,0.0,0.0,0.0,0.0,0.0,0.0,0.0,0.0,0.0,0.0,0.0,0.0,0.0,0.0,0.0,0.0,0.0,0.0,0.0,0.0,0.0,0.0,0.0,0.0,0.0,0.0,0.0,0.0,0.0,0.0,0.0,0.0,0.0,0.0,0.0,0.0,0.0,0.0,0.0,0.0,0.0,0.0,0.0,0.0,0.0,0.0,0.0,0.0,0.0,0.0,0.0,0.0,0.0,0.0,0.0,0.0,0.0,0.0,0.0,0.0
847646984768728479675,Moore-Laughton-Armia,2026020007,2026,LAK,COL,AWAY,20260930,line,5on5,80.0,5.0,0.9655,0.4,0.5,0.859,0.168,0.096,0.082,0.002,0.335,0.317,0.168,0.168,0.168,1.0,0.0,1.0,2.0,0.0,0.0,0.0,0.0,0.0,0.0,1.0,1.0,1.0,0.0,0.0,0.0,0.0,0.0,0.0,0.0,1.0,0.0,0.0,0.168,0.0,0.0,0.0,0.0,1.95,1.0,0.964,0.0,0.02,0.0,0.0,0.188,0.188,0.188,0.732,0.006,0.046,0.138,0.001,0.45,0.359,0.006,0.006,0.006,1.0,0.0,2.0,3.0,0.0,0.0,0.0,0.0,0.0,1.0,0.0,1.0,1.0,0.0,0.0,1.0,2.0,0.0,0.0,1.0,0.0,0.0,0.006,0.0,0.0,0.0,0.0,0.0,3.078,1.0,1.038,0.0,0.009,0.0,0.0,0.015,0.015,0.015
847569284817328482726,Lee-Helenius-Zuccarello,2026020007,2026,LAK,COL,AWAY,20260930,line,5on5,10.0,14.0,0.0,0.0,0.0,0.0,0.0,0.0,0.0,0.0,0.0,0.0,0.0,0.0,0.0,0.0,0.0,0.0,0.0,0.0,0.0,0.0,0.0,0.0,0.0,0.0,0.0,0.0,0.0,0.0,0.0,0.0,0.0,0.0,0.0,0.0,0.0,0.0,0.0,0.0,0.0,0.0,0.0,0.0,0.0,0.0,0.0,0.0,0.0,0.0,0.0,0.0,0.0,0.0,0.0,0.0,0.0,0.0,0.0,0.0,0.0,0.0,0.0,0.0,0.0,0.0,0.0,0.0,0.0,0.0,0.0,0.0,0.0,0.0,0.0,0.0,0.0,0.0,0.0,1.0,0.0,0.0,0.0,0.0,0.0,0.0,0.0,0.0,0.0,0.0,0.0,0.0,0.0,0.0,0.0,0.0,0.0,0.0,0.0,0.0,0.0
84768798479998,Anderson-Ceci,2026020007,2026,LAK,COL,AWAY,20260930,pairing,5on5,767.0,1.0,0.5138,0.4783,0.5,6.615,0.577,0.701,1.151,0.019,3.228,3.325,0.571,0.578,0.572,7.0,2.0,2.0,11.0,0.0,1.0,0.0,3.0,0.0,1.0,4.0,7.0,9.0,1.0,2.0,8.0,3.0,0.0,1.0,7.0,2.0,0.0,0.3,0.277,0.0,0.0,0.0,0.0,10.578,9.0,8.837,0.0,0.145,0.05,0.05,0.671,0.674,0.67,6.537,0.546,0.598,1.231,0.015,3.291,3.318,0.535,0.55,0.538,8.0,1.0,3.0,12.0,0.0,1.0,0.0,3.0,0.0,3.0,2.0,8.0,9.0,2.0,4.0,6.0,6.0,0.0,2.0,5.0,4.0,0.0,0.105,0.441,0.0,0.0,0.0,0.0,12.834,9.0,9.338,1.0,0.121,0.087,0.087,0.58,0.585,0.58
84764418479998,Anderson-Edmundson,2026020007,2026,LAK,COL,AWAY,20260930,pairing,5on5,40.0,12.0,0.0,0.3333,0.0,0.0,0.0,0.0,0.0,0.0,0.0,0.0,0.0,0.0,0.0,0.0,0.0,1.0,1.0,0.0,0.0,0.0,0.0,0.0,0.0,0.0,0.0,0.0,0.0,0.0,0.0,0.0,0.0,0.0,0.0,0.0,0.0,0.0,0.0,0.0,0.0,0.0,0.0,0.895,0.0,0.0,0.0,0.0,0.0,0.0,0.0,0.0,0.0,0.752,0.044,0.06,0.13,0.003,0.345,0.418,0.044,0.045,0.045,1.0,0.0,1.0,2.0,0.0,0.0,0.0,0.0,0.0,0.0,1.0,1.0,1.0,0.0,0.0,0.0,0.0,0.0,0.0,1.0,0.0,0.0,0.044,0.0,0.0,0.0,0.0,0.0,2.264,1.0,1.05,0.0,0.012,0.0,0.0,0.056,0.058,0.058
847569284768728482155,Zuccarello-Laughton-Laferriere,2026020007,2026,LAK,COL,AWAY,20260930,line,5on5,22.0,11.0,1.0,1.0,1.0,0.758,0.056,0.051,0.127,0.004,0.25,0.512,0.056,0.056,0.056,1.0,0.0,0.0,1.0,0.0,0.0,0.0,0.0,0.0,0.0,1.0,1.0,1.0,0.0,0.0,0.0,0.0,0.0,0.0,1.0,0.0,0.0,0.056,0.0,0.0,0.0,0.0,0.0,0.975,1.0,0.964,0.0,0.011,0.0,0.0,0.066,0.066,0.066,0.0,0.0,0.0,0.0,0.0,0.0,0.0,0.0,0.0,0.0,0.0,0.0,0.0,0.0,0.0,0.0,0.0,0.0,0.0,0.0,0.0,0.0,0.0,0.0,0.0,0.0,0.0,0.0,0.0,0.0,0.0,0.0,0.0,0.0,0.0,0.0,0.0,0.0,0.0,0.0,0.0,0.0,0.0,0.0,0.0,0.0,0.0,0.0
84745638482730,Doughty-Clarke,2026020007,2026,LAK,COL,AWAY,20260930,pairing,5on5,48.0,10.0,0.0,0.0,0.0,0.0,0.0,0.0,0.0,0.0,0.0,0.0,0.0,0.0,0.0,0.0,0.0,0.0,0.0,0.0,0.0,0.0,0.0,0.0,0.0,0.0,0.0,0.0,0.0,0.0,0.0,1.0,0.0,0.0,0.0,0.0,0.0,0.0,0.0,0.0,0.0,0.0,0.0,0.0,0.0,0.0,0.0,0.0,0.0,0.0,0.0,0.0,0.0,0.0,0.0,0.0,0.0,0.0,0.0,0.0,0.0,0.0,0.0,0.0,0.0,0.0,0.0,0.0,0.0,0.0,0.0,0.0,0.0,0.0,0.0,0.0,0.0,0.0,0.0,1.0,0.0,0.0,0.0,0.0,0.0,0.0,0.0,0.0,0.0,0.0,0.0,0.0,0.0,0.0,0.0,0.0,0.0,0.0,0.0,0.0,0.0
84764638476874,Maatta-Brodin,2026020012,2026,MIN,NSH,AWAY,20261001,pairing,5on5,583.0,2.0,0.7496,0.4737,0.5833,5.391,0.527,0.599,0.927,0.018,2.433,2.497,0.52,0.585,0.577,4.0,3.0,2.0,9.0,0.0,1.0,0.0,1.0,0.0,2.0,3.0,4.0,7.0,1.0,2.0,4.0,4.0,0.0,1.0,6.0,0.0,1.0,0.259,0.0,0.268,0.0,0.0,0.0,10.233,7.0,7.885,0.0,0.123,0.067,0.067,0.582,0.647,0.638,3.63,0.176,0.312,0.751,0.01,1.634,2.118,0.174,0.159,0.158,1.0,4.0,5.0,10.0,0.0,1.0,0.0,0.0,0.0,2.0,2.0,1.0,5.0,0.0,0.0,3.0,5.0,0.0,3.0,4.0,1.0,0.0,0.091,0.085,0.0,0.0,0.0,0.0,9.029,5.0,4.436,1.0,0.062,0.012,0.012,0.226,0.204,0.202
84745678476874,Maatta-Bogosian,2026020012,2026,MIN,NSH,AWAY,20261001,pairing,5on5,86.0,6.0,0.7419,0.6667,0.6,2.344,0.161,0.259,0.346,0.008,1.014,1.212,0.155,0.176,0.17,2.0,1.0,1.0,4.0,0.0,0.0,0.0,0.0,0.0,2.0,1.0,2.0,3.0,1.0,2.0,0.0,0.0,0.0,0.0,2.0,1.0,0.0,0.047,0.114,0.0,0.0,0.0,0.0,4.412,3.0,3.301,0.0,0.054,0.0,0.0,0.215,0.235,0.224,1.449,0.056,0.13,0.261,0.002,0.745,0.806,0.056,0.051,0.051,2.0,0.0,0.0,2.0,1.0,0.0,0.0,0.0,0.0,1.0,0.0,1.0,1.0,0.0,0.0,0.0,0.0,0.0,2.0,2.0,0.0,0.0,0.056,0.0,0.0,1.0,0.0,0.0,1.797,2.0,1.804,1.0,0.027,0.0,0.0,0.083,0.076,0.076
847745184785088481557,Boldy-Hartman-Trenin,2026020012,2026,MIN,NSH,AWAY,20261001,line,5on5,17.0,19.0,0.0,0.0,0.0,0.0,0.0,0.0,0.0,0.0,0.0,0.0,0.0,0.0,0.0,0.0,0.0,0.0,0.0,0.0,0.0,0.0,0.0,0.0,0.0,0.0,0.0,0.0,0.0,0.0,0.0,0.0,0.0,1.0,0.0,0.0,0.0,0.0,0.0,0.0,0.0,0.0,0.0,0.0,0.0,0.0,0.0,0.0,0.0,0.0,0.0,0.0,0.0,0.695,0.045,0.067,0.111,0.001,0.367,0.41,0.045,0.041,0.041,1.0,0.0,0.0,1.0,1.0,0.0,0.0,0.0,0.0,0.0,0.0,0.0,0.0,0.0,0.0,0.0,0.0,0.0,0.0,1.0,0.0,0.0,0.045,0.0,0.0,1.0,0.0,0.0,0.915,1.0,0.916,0.0,0.014,0.0,0.0,0.058,0.054,0.054
847745184785088481553,Trenin-Hartman-Brink,2026020012,2026,MIN,NSH,AWAY,20261001,line,5on5,453.0,1.0,0.2809,0.4286,0.3636,2.992,0.075,0.263,0.647,0.009,1.634,1.372,0.074,0.083,0.082,2.0,2.0,2.0,6.0,0.0,0.0,0.0,2.0,0.0,2.0,0.0,2.0,4.0,0.0,0.0,4.0,4.0,0.0,3.0,4.0,0.0,0.0,0.075,0.0,0.0,0.0,0.0,0.0,6.771,4.0,4.493,1.0,0.057,0.0,0.0,0.131,0.146,0.145,4.998,0.192,0.448,1.044,0.006,2.302,3.008,0.19,0.176,0.174,1.0,6.0,1.0,8.0,0.0,1.0,0.0,1.0,0.0,2.0,3.0,1.0,7.0,1.0,2.0,6.0,4.0,1.0,2.0,6.0,1.0,0.0,0.107,0.085,0.0,0.0,0.0,0.0,7.21,7.0,6.352,1.0,0.089,0.012,0.012,0.269,0.247,0.245
847850884835258485702,Trenin-Yurov-Shabanov,2026020012,2026,MIN,NSH,AWAY,20261001,line,5on5,18.0,17.0,0.0,0.0,0.0,0.0,0.0,0.0,0.0,0.0,0.0,0.0,0.0,0.0,0.0,0.0,0.0,0.0,0.0,0.0,0.0,0.0,0.0,0.0,0.0,0.0,0.0,0.0,0.0,0.0,0.0,0.0,0.0,0.0,0.0,0.0,0.0,0.0,0.0,0.0,0.0,0.0,0.0,0.0,0.0,0.0,0.0,0.0,0.0,0.0,0.0,0.0,0.0,0.0,0.0,0.0,0.0,0.0,0.0,0.0,0.0,0.0,0.0,0.0,0.0,0.0,0.0,0.0,0.0,0.0,0.0,0.0,0.0,0.0,0.0,0.0,0.0,0.0,0.0,1.0,0.0,0.0,0.0,0.0,0.0,0.0,0.0,0.0,0.0,0.0,0.0,0.0,0.0,0.0,0.0,0.0,0.0,0.0,0.0,0.0,0.0
84747168480800,Hughes-Spurgeon,2026020012,2026,MIN,NSH,AWAY,20261001,pairing,5on5,796.0,1.0,0.6977,0.6333,0.6087,9.666,0.78,1.077,1.708,0.026,5.002,5.407,0.744,0.856,0.817,7.0,7.0,5.0,19.0,1.0,0.0,0.0,2.0,0.0,9.0,2.0,6.0,13.0,2.0,4.0,9.0,5.0,0.0,2.0,10.0,4.0,0.0,0.34,0.439,0.0,0.0,1.0,0.0,20.968,14.0,15.427,1.0,0.225,0.0,0.0,1.004,1.102,1.051,7.302,0.338,0.638,0.877,0.012,3.612,3.523,0.334,0.312,0.309,5.0,4.0,2.0,11.0,0.0,1.0,0.0,0.0,0.0,6.0,2.0,5.0,9.0,1.0,2.0,12.0,7.0,2.0,3.0,8.0,1.0,0.0,0.236,0.101,0.0,0.0,0.0,0.0,10.032,9.0,8.266,0.0,0.14,0.044,0.044,0.433,0.401,0.398
84768748480800,Hughes-Maatta,2026020012,2026,MIN,NSH,AWAY,20261001,pairing,5on5,176.0,5.0,0.3791,0.5,0.5,0.663,0.105,0.079,0.116,0.002,0.28,0.418,0.105,0.117,0.117,1.0,0.0,0.0,1.0,0.0,0.0,0.0,0.0,0.0,0.0,1.0,1.0,1.0,0.0,0.0,0.0,0.0,0.0,0.0,0.0,1.0,0.0,0.0,0.105,0.0,0.0,0.0,0.0,1.154,1.0,1.146,0.0,0.016,0.0,0.0,0.121,0.134,0.134,0.777,0.172,0.096,0.083,0.002,0.253,0.395,0.172,0.156,0.156,1.0,0.0,0.0,1.0,0.0,0.0,0.0,0.0,0.0,0.0,1.0,1.0,1.0,0.0,0.0,0.0,0.0,1.0,3.0,0.0,1.0,0.0,0.0,0.172,0.0,0.0,0.0,0.0,0.882,1.0,0.887,1.0,0.021,0.0,0.0,0.192,0.174,0.174
847342284752208483525,Foligno-Yurov-Foligno,2026020012,2026,MIN,NSH,AWAY,20261001,line,5on5,18.0,18.0,0.0,0.0,0.0,0.0,0.0,0.0,0.0,0.0,0.0,0.0,0.0,0.0,0.0,0.0,0.0,0.0,0.0,0.0,0.0,0.0,0.0,0.0,0.0,0.0,0.0,0.0,0.0,0.0,0.0,1.0,0.0,0.0,0.0,0.0,0.0,0.0,0.0,0.0,0.0,0.0,0.0,0.0,0.0,0.0,0.0,0.0,0.0,0.0,0.0,0.0,0.0,0.0,0.0,0.0,0.0,0.0,0.0,0.0,0.0,0.0,0.0,0.0,0.0,0.0,0.0,0.0,0.0,0.0,0.0,0.0,0.0,0.0,0.0,0.0,0.0,0.0,0.0,0.0,0.0,0.0,0.0,0.0,0.0,0.0,0.0,0.0,0.0,0.0,0.0,0.0,0.0,0.0,0.0,0.0,0.0,0.0,0.0,0.0,0.0
847639984774518481553,Coleman-Hartman-Brink,2026020012,2026,MIN,NSH,AWAY,20261001,line,5on5,32.0,13.0,0.0,0.0,0.0,0.0,0.0,0.0,0.0,0.0,0.0,0.0,0.0,0.0,0.0,0.0,0.0,0.0,0.0,0.0,0.0,0.0,0.0,0.0,0.0,0.0,0.0,0.0,0.0,0.0,0.0,1.0,0.0,0.0,0.0,0.0,0.0,0.0,0.0,0.0,0.0,0.0,0.0,0.0,0.0,0.0,0.0,0.0,0.0,0.0,0.0,0.0,0.0,0.0,0.0,0.0,0.0,0.0,0.0,0.0,0.0,0.0,0.0,0.0,0.0,0.0,0.0,0.0,0.0,0.0,0.0,0.0,0.0,0.0,0.0,0.0,0.0,0.0,0.0,0.0,0.0,1.0,0.0,0.0,0.0,0.0,0.0,0.0,0.0,0.0,0.0,0.0,0.0,0.0,0.0,0.0,0.0,0.0,0.0,0.0,0.0
847342284763998477446,Foligno-Mccarron-Coleman,2026020012,2026,MIN,NSH,AWAY,20261001,line,5on5,33.0,12.0,0.0,0.0,0.0,0.0,0.0,0.0,0.0,0.0,0.0,0.0,0.0,0.0,0.0,0.0,0.0,0.0,0.0,0.0,0.0,0.0,0.0,0.0,0.0,0.0,0.0,0.0,0.0,0.0,1.0,0.0,0.0,0.0,0.0,0.0,0.0,0.0,0.0,0.0,0.0,0.0,0.0,0.0,0.0,0.0,0.0,0.0,0.0,0.0,0.0,0.0,0.0,0.0,0.0,0.0,0.0,0.0,0.0,0.0,0.0,0.0,0.0,0.0,0.0,0.0,0.0,0.0,0.0,0.0,0.0,0.0,0.0,0.0,0.0,0.0,0.0,0.0,0.0,1.0,0.0,0.0,0.0,0.0,0.0,0.0,0.0,0.0,0.0,0.0,0.0,0.0,0.0,0.0,0.0,0.0,0.0,0.0,0.0,0.0,0.0
847342284752208477451,Foligno-Hartman-Foligno,2026020012,2026,MIN,NSH,AWAY,20261001,line,5on5,10.0,23.0,0.0,0.0,0.0,0.0,0.0,0.0,0.0,0.0,0.0,0.0,0.0,0.0,0.0,0.0,0.0,0.0,0.0,0.0,0.0,0.0,0.0,0.0,0.0,0.0,0.0,0.0,0.0,0.0,0.0,0.0,0.0,1.0,0.0,0.0,0.0,0.0,0.0,0.0,0.0,0.0,0.0,0.0,0.0,0.0,0.0,0.0,0.0,0.0,0.0,0.0,0.0,0.0,0.0,0.0,0.0,0.0,0.0,0.0,0.0,0.0,0.0,0.0,0.0,0.0,0.0,0.0,0.0,0.0,0.0,0.0,0.0,0.0,0.0,0.0,0.0,0.0,0.0,0.0,0.0,0.0,0.0,0.0,0.0,0.0,0.0,0.0,0.0,0.0,0.0,0.0,0.0,0.0,0.0,0.0,0.0,0.0,0.0,0.0,0.0
847342284752208478493,Foligno-Eriksson Ek-Foligno,2026020012,2026,MIN,NSH,AWAY,20261001,line,5on5,19.0,16.0,0.0,0.0,0.0,0.0,0.0,0.0,0.0,0.0,0.0,0.0,0.0,0.0,0.0,0.0,0.0,0.0,0.0,0.0,0.0,0.0,0.0,0.0,0.0,0.0,0.0,0.0,0.0,0.0,0.0,1.0,0.0,0.0,0.0,0.0,0.0,0.0,0.0,0.0,0.0,0.0,0.0,0.0,0.0,0.0,0.0,0.0,0.0,0.0,0.0,0.0,0.0,0.0,0.0,0.0,0.0,0.0,0.0,0.0,0.0,0.0,0.0,0.0,0.0,0.0,0.0,0.0,0.0,0.0,0.0,0.0,0.0,0.0,0.0,0.0,0.0,0.0,0.0,0.0,0.0,0.0,0.0,0.0,0.0,0.0,0.0,0.0,0.0,0.0,0.0,0.0,0.0,0.0,0.0,0.0,0.0,0.0,0.0,0.0,0.0
84747168476874,Maatta-Spurgeon,2026020012,2026,MIN,NSH,AWAY,20261001,pairing,5on5,58.0,9.0,0.0,0.0,0.0,0.0,0.0,0.0,0.0,0.0,0.0,0.0,0.0,0.0,0.0,0.0,0.0,0.0,0.0,0.0,0.0,0.0,0.0,0.0,0.0,0.0,0.0,0.0,0.0,0.0,0.0,0.0,0.0,0.0,0.0,0.0,0.0,0.0,0.0,0.0,0.0,0.0,0.0,0.0,0.0,0.0,0.0,0.0,0.0,0.0,0.0,0.0,0.0,1.659,0.057,0.312,0.21,0.007,0.759,0.656,0.056,0.052,0.051,1.0,1.0,2.0,4.0,0.0,1.0,0.0,0.0,0.0,1.0,0.0,1.0,2.0,0.0,0.0,0.0,4.0,0.0,1.0,2.0,0.0,0.0,0.057,0.0,0.0,0.0,0.0,0.0,3.528,2.0,1.774,0.0,0.067,0.02,0.02,0.105,0.095,0.093
847745184788648481553,Kaprizov-Hartman-Brink,2026020012,2026,MIN,NSH,AWAY,20261001,line,5on5,57.0,7.0,0.9197,0.5,0.5,0.729,0.126,0.098,0.119,0.0,0.352,0.304,0.126,0.138,0.138,0.0,1.0,0.0,1.0,0.0,0.0,0.0,0.0,0.0,0.0,1.0,0.0,1.0,0.0,0.0,1.0,0.0,0.0,0.0,0.0,1.0,0.0,0.0,0.126,0.0,0.0,0.0,0.0,1.103,1.0,1.1,0.0,0.02,0.0,0.0,0.146,0.16,0.16,0.688,0.011,0.055,0.129,0.001,0.325,0.479,0.011,0.01,0.01,0.0,1.0,0.0,1.0,0.0,0.0,0.0,0.0,0.0,0.0,1.0,0.0,1.0,0.0,0.0,1.0,1.0,0.0,0.0,1.0,0.0,0.0,0.011,0.0,0.0,0.0,0.0,0.0,0.915,1.0,0.916,0.0,0.012,0.0,0.0,0.022,0.021,0.021
84764638482094,Brodin-Hunt,2026020012,2026,MIN,NSH,AWAY,20261001,pairing,5on5,44.0,10.0,0.0,1.0,0.0,0.0,0.0,0.0,0.0,0.0,0.0,0.0,0.0,0.0,0.0,0.0,0.0,1.0,1.0,0.0,0.0,0.0,0.0,0.0,0.0,0.0,0.0,0.0,0.0,0.0,0.0,0.0,0.0,0.0,0.0,0.0,0.0,0.0,0.0,0.0,0.0,0.0,0.0,1.103,0.0,0.0,0.0,0.0,0.0,0.0,0.0,0.0,0.0,0.0,0.0,0.0,0.0,0.0,0.0,0.0,0.0,0.0,0.0,0.0,0.0,0.0,0.0,0.0,0.0,0.0,0.0,0.0,0.0,0.0,0.0,0.0,0.0,0.0,0.0,0.0,0.0,0.0,0.0,0.0,0.0,0.0,0.0,0.0,0.0,0.0,0.0,0.0,0.0,0.0,0.0,0.0,0.0,0.0,0.0,0.0,0.0
847745184788648481557,Kaprizov-Hartman-Boldy,2026020012,2026,MIN,NSH,AWAY,20261001,line,5on5,14.0,20.0,0.0,0.0,0.0,0.0,0.0,0.0,0.0,0.0,0.0,0.0,0.0,0.0,0.0,0.0,0.0,0.0,0.0,0.0,0.0,0.0,0.0,0.0,0.0,0.0,0.0,0.0,1.0,2.0,0.0,0.0,0.0,0.0,0.0,0.0,0.0,0.0,0.0,0.0,0.0,0.0,0.0,0.0,0.0,0.0,0.0,0.0,0.0,0.0,0.0,0.0,0.0,0.0,0.0,0.0,0.0,0.0,0.0,0.0,0.0,0.0,0.0,0.0,0.0,0.0,0.0,0.0,0.0,0.0,0.0,0.0,0.0,0.0,0.0,0.0,0.0,0.0,1.0,0.0,0.0,0.0,0.0,0.0,0.0,0.0,0.0,0.0,0.0,0.0,0.0,0.0,0.0,0.0,0.0,0.0,0.0,0.0,0.0,0.0,0.0
847744684788648485702,Kaprizov-Mccarron-Shabanov,2026020012,2026,MIN,NSH,AWAY,20261001,line,5on5,10.0,24.0,0.0,0.0,0.0,0.0,0.0,0.0,0.0,0.0,0.0,0.0,0.0,0.0,0.0,0.0,0.0,0.0,0.0,0.0,0.0,0.0,0.0,0.0,0.0,0.0,0.0,0.0,0.0,0.0,0.0,1.0,0.0,0.0,0.0,0.0,0.0,0.0,0.0,0.0,0.0,0.0,0.0,0.0,0.0,0.0,0.0,0.0,0.0,0.0,0.0,0.0,0.0,0.0,0.0,0.0,0.0,0.0,0.0,0.0,0.0,0.0,0.0,0.0,0.0,0.0,0.0,0.0,0.0,0.0,0.0,0.0,0.0,0.0,0.0,0.0,0.0,0.0,0.0,0.0,0.0,0.0,0.0,0.0,0.0,0.0,0.0,0.0,0.0,0.0,0.0,0.0,0.0,0.0,0.0,0.0,0.0,0.0,0.0,0.0,0.0
84768748482094,Maatta-Hunt,2026020012,2026,MIN,NSH,AWAY,20261001,pairing,5on5,37.0,11.0,1.0,1.0,1.0,1.464,0.19,0.134,0.247,0.003,0.561,0.865,0.185,0.206,0.201,2.0,0.0,0.0,2.0,1.0,1.0,1.0,0.0,0.0,0.0,0.0,1.0,1.0,0.0,0.0,0.0,0.0,0.0,0.0,1.0,1.0,0.0,0.028,0.161,0.0,0.0,1.0,0.0,2.135,2.0,2.131,0.0,0.027,0.161,0.161,0.055,0.058,0.058,0.0,0.0,0.0,0.0,0.0,0.0,0.0,0.0,0.0,0.0,0.0,0.0,0.0,0.0,0.0,0.0,0.0,0.0,0.0,0.0,0.0,0.0,0.0,0.0,0.0,0.0,0.0,0.0,0.0,0.0,0.0,0.0,0.0,0.0,0.0,0.0,0.0,0.0,0.0,0.0,0.0,0.0,0.0,0.0,0.0,0.0,0.0,0.0
847849384788648485702,Kaprizov-Eriksson Ek-Shabanov,2026020012,2026,MIN,NSH,AWAY,20261001,line,5on5,34.0,11.0,1.0,1.0,1.0,0.62,0.017,0.061,0.168,0.001,0.31,0.442,0.017,0.019,0.019,0.0,1.0,0.0,1.0,0.0,0.0,0.0,0.0,0.0,1.0,0.0,0.0,1.0,0.0,0.0,0.0,0.0,0.0,1.0,1.0,0.0,0.0,0.017,0.0,0.0,0.0,0.0,0.0,1.154,1.0,1.146,0.0,0.012,0.0,0.0,0.029,0.032,0.032,0.0,0.0,0.0,0.0,0.0,0.0,0.0,0.0,0.0,0.0,0.0,0.0,0.0,0.0,0.0,0.0,0.0,0.0,0.0,0.0,0.0,0.0,0.0,0.0,0.0,0.0,1.0,0.0,0.0,0.0,0.0,0.0,0.0,0.0,0.0,0.0,0.0,0.0,0.0,0.0,0.0,0.0,0.0,0.0,0.0,0.0,0.0,0.0
847639984784938481557,Coleman-Eriksson Ek-Boldy,2026020012,2026,MIN,NSH,AWAY,20261001,line,5on5,375.0,3.0,0.6093,0.5,0.5,4.548,0.354,0.465,0.747,0.014,2.003,2.418,0.348,0.388,0.381,3.0,3.0,1.0,7.0,0.0,0.0,0.0,0.0,0.0,4.0,2.0,3.0,6.0,1.0,2.0,1.0,2.0,0.0,1.0,4.0,2.0,0.0,0.108,0.246,0.0,0.0,0.0,0.0,7.772,6.0,6.648,1.0,0.096,0.0,0.0,0.449,0.493,0.481,4.913,0.227,0.482,0.667,0.008,2.332,2.285,0.223,0.206,0.203,4.0,2.0,1.0,7.0,0.0,1.0,0.0,0.0,0.0,3.0,2.0,4.0,6.0,0.0,0.0,6.0,5.0,1.0,5.0,6.0,0.0,0.0,0.227,0.0,0.0,0.0,0.0,0.0,6.328,6.0,5.436,1.0,0.106,0.044,0.044,0.289,0.263,0.261
847744684785088485702,Trenin-Mccarron-Shabanov,2026020012,2026,MIN,NSH,AWAY,20261001,line,5on5,12.0,22.0,1.0,1.0,1.0,0.691,0.062,0.073,0.198,0.002,0.342,0.323,0.062,0.07,0.07,0.0,1.0,0.0,1.0,0.0,0.0,0.0,0.0,0.0,0.0,1.0,0.0,1.0,0.0,0.0,0.0,1.0,0.0,0.0,1.0,0.0,0.0,0.062,0.0,0.0,0.0,0.0,0.0,1.154,1.0,1.146,0.0,0.014,0.0,0.0,0.076,0.085,0.085,0.0,0.0,0.0,0.0,0.0,0.0,0.0,0.0,0.0,0.0,0.0,0.0,0.0,0.0,0.0,0.0,0.0,0.0,0.0,0.0,0.0,0.0,0.0,0.0,0.0,0.0,0.0,0.0,1.0,0.0,0.0,0.0,0.0,0.0,0.0,0.0,0.0,0.0,0.0,0.0,0.0,0.0,0.0,0.0,0.0,0.0,0.0,0.0
847522084763998477451,Foligno-Hartman-Coleman,2026020012,2026,MIN,NSH,AWAY,20261001,line,5on5,41.0,9.0,0.0,0.0,0.0,0.0,0.0,0.0,0.0,0.0,0.0,0.0,0.0,0.0,0.0,0.0,0.0,0.0,0.0,0.0,0.0,0.0,0.0,0.0,0.0,0.0,0.0,0.0,0.0,0.0,1.0,0.0,0.0,0.0,0.0,0.0,0.0,0.0,0.0,0.0,0.0,0.0,0.0,0.0,0.0,0.0,0.0,0.0,0.0,0.0,0.0,0.0,0.0,0.0,0.0,0.0,0.0,0.0,0.0,0.0,0.0,0.0,0.0,0.0,0.0,0.0,0.0,0.0,0.0,0.0,0.0,0.0,0.0,0.0,0.0,0.0,0.0,0.0,0.0,1.0,0.0,1.0,0.0,0.0,0.0,0.0,0.0,0.0,0.0,0.0,0.0,0.0,0.0,0.0,0.0,0.0,0.0,0.0,0.0,0.0,0.0
847639984774468481557,Coleman-Mccarron-Boldy,2026020012,2026,MIN,NSH,AWAY,20261001,line,5on5,21.0,15.0,0.0,0.0,0.0,0.0,0.0,0.0,0.0,0.0,0.0,0.0,0.0,0.0,0.0,0.0,0.0,0.0,0.0,0.0,0.0,0.0,0.0,0.0,0.0,0.0,0.0,0.0,0.0,0.0,0.0,0.0,1.0,0.0,0.0,0.0,0.0,0.0,0.0,0.0,0.0,0.0,0.0,0.0,0.0,0.0,0.0,0.0,0.0,0.0,0.0,0.0,0.0,0.764,0.022,0.058,0.204,0.001,0.31,0.406,0.022,0.02,0.02,1.0,0.0,0.0,1.0,0.0,0.0,0.0,0.0,0.0,1.0,0.0,1.0,1.0,0.0,0.0,0.0,0.0,0.0,0.0,1.0,0.0,0.0,0.022,0.0,0.0,0.0,0.0,0.0,0.882,1.0,0.887,0.0,0.011,0.0,0.0,0.033,0.03,0.03
847849384788648481557,Kaprizov-Eriksson Ek-Boldy,2026020012,2026,MIN,NSH,AWAY,20261001,line,5on5,229.0,5.0,1.0,1.0,1.0,7.299,0.624,0.837,1.275,0.022,3.808,4.433,0.588,0.688,0.649,8.0,3.0,3.0,14.0,1.0,0.0,0.0,2.0,0.0,7.0,1.0,7.0,10.0,0.0,0.0,2.0,1.0,0.0,0.0,7.0,4.0,0.0,0.206,0.418,0.0,0.0,1.0,0.0,15.453,11.0,12.171,0.0,0.173,0.0,0.0,0.797,0.878,0.826,0.0,0.0,0.0,0.0,0.0,0.0,0.0,0.0,0.0,0.0,0.0,0.0,0.0,0.0,0.0,0.0,0.0,0.0,0.0,0.0,0.0,0.0,0.0,1.0,2.0,2.0,1.0,0.0,0.0,0.0,0.0,0.0,0.0,0.0,0.0,0.0,0.0,0.0,0.0,0.0,0.0,0.0,0.0,0.0,0.0,0.0,0.0,0.0
84747168476463,Brodin-Spurgeon,2026020012,2026,MIN,NSH,AWAY,20261001,pairing,5on5,59.0,8.0,0.0,0.0,0.0,0.0,0.0,0.0,0.0,0.0,0.0,0.0,0.0,0.0,0.0,0.0,0.0,0.0,0.0,0.0,0.0,0.0,0.0,0.0,0.0,0.0,0.0,0.0,0.0,0.0,1.0,0.0,0.0,1.0,0.0,0.0,0.0,0.0,0.0,0.0,0.0,0.0,0.0,0.0,0.0,0.0,0.0,0.0,0.0,0.0,0.0,0.0,0.0,0.0,0.0,0.0,0.0,0.0,0.0,0.0,0.0,0.0,0.0,0.0,0.0,0.0,0.0,0.0,0.0,0.0,0.0,0.0,0.0,0.0,0.0,0.0,0.0,0.0,0.0,1.0,0.0,0.0,0.0,0.0,0.0,0.0,0.0,0.0,0.0,0.0,0.0,0.0,0.0,0.0,0.0,0.0,0.0,0.0,0.0,0.0,0.0
847522084835258485702,Foligno-Yurov-Shabanov,2026020012,2026,MIN,NSH,AWAY,20261001,line,5on5,77.0,6.0,1.0,0.6667,1.0,1.302,0.037,0.101,0.386,0.001,0.663,0.812,0.037,0.04,0.04,2.0,0.0,0.0,2.0,0.0,0.0,0.0,1.0,0.0,0.0,1.0,2.0,2.0,0.0,0.0,0.0,0.0,0.0,0.0,2.0,0.0,0.0,0.037,0.0,0.0,0.0,0.0,0.0,2.257,2.0,2.246,0.0,0.02,0.0,0.0,0.056,0.062,0.062,0.0,0.0,0.0,0.0,0.0,0.0,0.0,0.0,0.0,0.0,0.0,0.0,1.0,1.0,0.0,0.0,0.0,0.0,0.0,0.0,0.0,0.0,0.0,0.0,0.0,0.0,0.0,0.0,0.0,0.0,0.0,0.0,0.0,0.0,0.0,0.0,0.0,0.0,0.915,0.0,0.0,0.0,0.0,0.0,0.0,0.0,0.0,0.0
847342284752208477446,Foligno-Mccarron-Foligno,2026020012,2026,MIN,NSH,AWAY,20261001,line,5on5,433.0,2.0,0.8032,0.625,0.6667,6.141,0.706,0.664,0.915,0.022,2.556,3.138,0.694,0.778,0.765,5.0,3.0,2.0,10.0,1.0,2.0,1.0,0.0,0.0,3.0,2.0,4.0,7.0,1.0,2.0,6.0,4.0,0.0,0.0,6.0,1.0,1.0,0.276,0.161,0.268,0.0,1.0,0.0,11.112,8.0,8.779,0.0,0.136,0.229,0.229,0.613,0.676,0.666,2.736,0.173,0.269,0.461,0.012,1.764,1.322,0.172,0.162,0.161,2.0,2.0,2.0,6.0,0.0,0.0,0.0,1.0,0.0,3.0,0.0,2.0,4.0,0.0,0.0,4.0,2.0,1.0,1.0,3.0,1.0,0.0,0.072,0.101,0.0,0.0,0.0,0.0,5.556,4.0,3.717,0.0,0.055,0.0,0.0,0.228,0.213,0.213
84745678482094,Hunt-Bogosian,2026020012,2026,MIN,NSH,AWAY,20261001,pairing,5on5,477.0,3.0,0.75,0.5,0.5,2.795,0.243,0.259,0.603,0.008,1.359,1.527,0.243,0.266,0.266,3.0,1.0,0.0,4.0,0.0,0.0,0.0,1.0,0.0,1.0,2.0,3.0,4.0,0.0,0.0,5.0,7.0,1.0,4.0,3.0,1.0,0.0,0.11,0.133,0.0,0.0,0.0,0.0,4.463,4.0,4.447,2.0,0.052,0.0,0.0,0.295,0.324,0.324,2.614,0.081,0.261,0.562,0.004,1.521,1.57,0.081,0.076,0.076,2.0,2.0,0.0,4.0,0.0,0.0,0.0,2.0,0.0,1.0,1.0,2.0,4.0,1.0,2.0,4.0,3.0,0.0,1.0,4.0,0.0,0.0,0.081,0.0,0.0,0.0,0.0,0.0,3.682,4.0,3.691,0.0,0.052,0.0,0.0,0.134,0.124,0.124
84745678480800,Hughes-Bogosian,2026020012,2026,MIN,NSH,AWAY,20261001,pairing,5on5,64.0,7.0,1.0,1.0,1.0,0.62,0.017,0.061,0.168,0.001,0.31,0.442,0.017,0.019,0.019,0.0,1.0,0.0,1.0,0.0,0.0,0.0,0.0,0.0,1.0,0.0,0.0,1.0,0.0,0.0,0.0,0.0,0.0,1.0,1.0,0.0,0.0,0.017,0.0,0.0,0.0,0.0,0.0,1.154,1.0,1.146,0.0,0.012,0.0,0.0,0.029,0.032,0.032,0.0,0.0,0.0,0.0,0.0,0.0,0.0,0.0,0.0,0.0,0.0,0.0,0.0,0.0,0.0,0.0,0.0,0.0,0.0,0.0,0.0,0.0,0.0,0.0,0.0,0.0,1.0,0.0,0.0,0.0,0.0,0.0,0.0,0.0,0.0,0.0,0.0,0.0,0.0,0.0,0.0,0.0,0.0,0.0,0.0,0.0,0.0,0.0
847744684788648481557,Kaprizov-Mccarron-Boldy,2026020012,2026,MIN,NSH,AWAY,20261001,line,5on5,22.0,14.0,0.0,0.0,0.0,0.0,0.0,0.0,0.0,0.0,0.0,0.0,0.0,0.0,0.0,0.0,0.0,0.0,0.0,0.0,0.0,0.0,0.0,0.0,0.0,0.0,0.0,0.0,0.0,0.0,0.0,0.0,0.0,0.0,0.0,0.0,0.0,0.0,0.0,0.0,0.0,0.0,0.0,0.0,0.0,0.0,0.0,0.0,0.0,0.0,0.0,0.0,0.0,0.777,0.172,0.096,0.083,0.002,0.253,0.395,0.172,0.156,0.156,1.0,0.0,0.0,1.0,0.0,0.0,0.0,0.0,0.0,0.0,1.0,1.0,1.0,0.0,0.0,0.0,0.0,0.0,0.0,0.0,1.0,0.0,0.0,0.172,0.0,0.0,0.0,0.0,0.882,1.0,0.887,0.0,0.021,0.0,0.0,0.192,0.174,0.174
847639984835258485702,Coleman-Yurov-Shabanov,2026020012,2026,MIN,NSH,AWAY,20261001,line,5on5,37.0,10.0,0.0,0.0,0.0,0.0,0.0,0.0,0.0,0.0,0.0,0.0,0.0,0.0,0.0,0.0,0.0,0.0,0.0,0.0,0.0,0.0,0.0,0.0,0.0,0.0,0.0,0.0,1.0,2.0,1.0,0.0,0.0,0.0,0.0,0.0,0.0,0.0,0.0,0.0,0.0,0.0,0.0,0.0,0.0,0.0,0.0,0.0,0.0,0.0,0.0,0.0,0.0,0.754,0.012,0.064,0.15,0.002,0.378,0.396,0.012,0.01,0.01,1.0,0.0,0.0,1.0,0.0,0.0,0.0,0.0,0.0,1.0,0.0,1.0,1.0,0.0,0.0,0.0,0.0,0.0,0.0,1.0,0.0,0.0,0.012,0.0,0.0,0.0,0.0,0.0,0.882,1.0,0.887,0.0,0.013,0.0,0.0,0.025,0.022,0.022
847849384785088481557,Boldy-Eriksson Ek-Trenin,2026020012,2026,MIN,NSH,AWAY,20261001,line,5on5,13.0,21.0,0.0,0.0,0.0,0.0,0.0,0.0,0.0,0.0,0.0,0.0,0.0,0.0,0.0,0.0,0.0,0.0,0.0,0.0,0.0,0.0,0.0,0.0,0.0,0.0,0.0,0.0,0.0,0.0,0.0,0.0,0.0,0.0,0.0,0.0,0.0,0.0,0.0,0.0,0.0,0.0,0.0,0.0,0.0,0.0,0.0,0.0,0.0,0.0,0.0,0.0,0.0,0.0,0.0,0.0,0.0,0.0,0.0,0.0,0.0,0.0,0.0,0.0,0.0,0.0,0.0,0.0,0.0,0.0,0.0,0.0,0.0,0.0,0.0,0.0,0.0,0.0,0.0,0.0,0.0,1.0,0.0,0.0,0.0,0.0,0.0,0.0,0.0,0.0,0.0,0.0,0.0,0.0,0.0,0.0,0.0,0.0,0.0,0.0,0.0
847886484835258485702,Kaprizov-Yurov-Shabanov,2026020012,2026,MIN,NSH,AWAY,20261001,line,5on5,354.0,4.0,0.5734,0.3,0.4,1.478,0.082,0.137,0.245,0.003,0.69,0.842,0.082,0.09,0.09,0.0,2.0,1.0,3.0,0.0,0.0,0.0,0.0,0.0,1.0,1.0,0.0,2.0,0.0,0.0,2.0,1.0,1.0,2.0,2.0,0.0,0.0,0.082,0.0,0.0,0.0,0.0,0.0,3.36,2.0,2.246,1.0,0.028,0.0,0.0,0.11,0.121,0.121,2.559,0.061,0.325,0.228,0.007,1.128,1.251,0.06,0.055,0.055,2.0,1.0,4.0,7.0,0.0,1.0,0.0,0.0,0.0,2.0,0.0,2.0,3.0,0.0,0.0,1.0,6.0,0.0,3.0,3.0,0.0,0.0,0.061,0.0,0.0,0.0,0.0,0.0,6.262,3.0,2.661,1.0,0.07,0.02,0.02,0.111,0.101,0.099
84764638480800,Hughes-Brodin,2026020012,2026,MIN,NSH,AWAY,20261001,pairing,5on5,195.0,4.0,0.6489,0.6667,0.6667,2.857,0.061,0.23,0.587,0.008,1.399,1.716,0.06,0.067,0.066,1.0,3.0,0.0,4.0,0.0,0.0,0.0,1.0,0.0,3.0,0.0,1.0,4.0,0.0,0.0,0.0,3.0,1.0,2.0,4.0,0.0,0.0,0.061,0.0,0.0,0.0,0.0,0.0,4.514,4.0,4.493,0.0,0.047,0.0,0.0,0.108,0.119,0.118,1.452,0.033,0.113,0.333,0.002,0.635,0.884,0.033,0.03,0.03,1.0,1.0,0.0,2.0,0.0,0.0,0.0,0.0,0.0,1.0,1.0,1.0,2.0,0.0,0.0,2.0,1.0,0.0,2.0,2.0,0.0,0.0,0.033,0.0,0.0,0.0,0.0,0.0,1.797,2.0,1.804,0.0,0.023,0.0,0.0,0.055,0.051,0.051
847639984774518483525,Coleman-Hartman-Yurov,2026020012,2026,MIN,NSH,AWAY,20261001,line,5on5,43.0,8.0,0.0,0.0,0.0,0.0,0.0,0.0,0.0,0.0,0.0,0.0,0.0,0.0,0.0,0.0,0.0,0.0,0.0,0.0,0.0,0.0,0.0,0.0,0.0,0.0,0.0,0.0,0.0,0.0,0.0,1.0,0.0,1.0,0.0,0.0,0.0,0.0,0.0,0.0,0.0,0.0,0.0,0.0,0.0,0.0,0.0,0.0,0.0,0.0,0.0,0.0,0.0,0.0,0.0,0.0,0.0,0.0,0.0,0.0,0.0,0.0,0.0,0.0,0.0,0.0,0.0,0.0,0.0,0.0,0.0,0.0,0.0,0.0,0.0,0.0,0.0,0.0,0.0,0.0,0.0,0.0,0.0,0.0,0.0,0.0,0.0,0.0,0.0,0.0,0.0,0.0,0.0,0.0,0.0,0.0,0.0,0.0,0.0,0.0,0.0
84808658482964,Xhekaj-Dobson,2026020002,2026,MTL,TOR,AWAY,20260929,pairing,5on5,20.0,10.0,0.0,0.0,0.0,0.0,0.0,0.0,0.0,0.0,0.0,0.0,0.0,0.0,0.0,0.0,0.0,0.0,0.0,0.0,0.0,0.0,0.0,0.0,0.0,0.0,0.0,0.0,0.0,0.0,0.0,0.0,0.0,0.0,0.0,0.0,0.0,0.0,0.0,0.0,0.0,0.0,0.0,0.0,0.0,0.0,0.0,0.0,0.0,0.0,0.0,0.0,0.0,0.0,0.0,0.0,0.0,0.0,0.0,0.0,0.0,0.0,0.0,0.0,0.0,0.0,0.0,0.0,0.0,0.0,0.0,0.0,0.0,0.0,0.0,0.0,0.0,0.0,0.0,0.0,0.0,0.0,0.0,0.0,0.0,0.0,0.0,0.0,0.0,0.0,0.0,0.0,0.0,0.0,0.0,0.0,0.0,0.0,0.0,0.0,0.0
84815938482964,Xhekaj-Struble,2026020002,2026,MTL,TOR,AWAY,20260929,pairing,5on5,506.0,3.0,0.4801,0.5455,0.5,2.294,0.241,0.189,0.4,0.007,1.126,1.037,0.235,0.252,0.246,1.0,2.0,3.0,6.0,0.0,0.0,0.0,0.0,0.0,2.0,1.0,1.0,3.0,0.0,0.0,2.0,10.0,1.0,3.0,2.0,1.0,0.0,0.042,0.199,0.0,0.0,0.0,0.0,6.22,3.0,3.025,2.0,0.04,0.0,0.0,0.281,0.293,0.286,2.304,0.261,0.259,0.433,0.006,1.034,1.007,0.261,0.24,0.24,1.0,2.0,2.0,5.0,0.0,0.0,0.0,1.0,0.0,1.0,1.0,1.0,3.0,1.0,2.0,1.0,4.0,0.0,5.0,2.0,1.0,0.0,0.074,0.187,0.0,0.0,0.0,0.0,4.542,3.0,2.749,3.0,0.052,0.0,0.0,0.313,0.288,0.288
847518484781338480018,Kreider-Evans-Suzuki,2026020002,2026,MTL,TOR,AWAY,20260929,line,5on5,10.0,25.0,0.0,0.0,0.0,0.0,0.0,0.0,0.0,0.0,0.0,0.0,0.0,0.0,0.0,0.0,0.0,0.0,0.0,0.0,0.0,0.0,0.0,0.0,0.0,0.0,0.0,0.0,0.0,0.0,0.0,0.0,0.0,1.0,0.0,0.0,0.0,0.0,0.0,0.0,0.0,0.0,0.0,0.0,0.0,0.0,0.0,0.0,0.0,0.0,0.0,0.0,0.0,0.0,0.0,0.0,0.0,0.0,0.0,0.0,0.0,0.0,0.0,0.0,0.0,0.0,0.0,0.0,0.0,0.0,0.0,0.0,0.0,0.0,0.0,0.0,0.0,0.0,0.0,0.0,0.0,0.0,0.0,0.0,0.0,0.0,0.0,0.0,0.0,0.0,0.0,0.0,0.0,0.0,0.0,0.0,0.0,0.0,0.0,0.0,0.0
847698184781338481618,Newhook-Evans-Anderson,2026020002,2026,MTL,TOR,AWAY,20260929,line,5on5,42.0,6.0,0.0,0.0,0.0,0.0,0.0,0.0,0.0,0.0,0.0,0.0,0.0,0.0,0.0,0.0,0.0,0.0,0.0,0.0,0.0,0.0,0.0,0.0,0.0,0.0,0.0,0.0,0.0,0.0,0.0,0.0,0.0,0.0,0.0,0.0,0.0,0.0,0.0,0.0,0.0,0.0,0.0,0.0,0.0,0.0,0.0,0.0,0.0,0.0,0.0,0.0,0.0,0.0,0.0,0.0,0.0,0.0,0.0,0.0,0.0,0.0,0.0,0.0,0.0,1.0,1.0,0.0,0.0,0.0,0.0,0.0,0.0,0.0,0.0,0.0,0.0,0.0,1.0,0.0,0.0,1.0,0.0,0.0,0.0,0.0,0.0,0.0,0.0,0.0,0.0,0.915,0.0,0.0,0.0,0.0,0.0,0.0,0.0,0.0,0.0
847518484800188481540,Kreider-Suzuki-Caufield,2026020002,2026,MTL,TOR,AWAY,20260929,line,5on5,628.0,1.0,0.227,0.4444,0.375,4.262,0.19,0.328,0.733,0.011,2.105,2.635,0.189,0.202,0.201,4.0,2.0,2.0,8.0,0.0,0.0,0.0,1.0,0.0,1.0,4.0,4.0,6.0,1.0,2.0,6.0,8.0,2.0,3.0,5.0,1.0,0.0,0.099,0.09,0.0,0.0,0.0,0.0,8.355,6.0,6.257,3.0,0.066,0.0,0.0,0.256,0.272,0.271,7.184,0.647,0.762,1.282,0.016,3.744,3.548,0.647,0.614,0.614,8.0,2.0,0.0,10.0,0.0,0.0,0.0,3.0,0.0,1.0,6.0,8.0,10.0,0.0,0.0,5.0,4.0,0.0,1.0,6.0,4.0,0.0,0.141,0.506,0.0,0.0,0.0,0.0,9.537,10.0,9.573,1.0,0.16,0.0,0.0,0.808,0.765,0.764
847647984800748481523,Texier-Danault-Dach,2026020002,2026,MTL,TOR,AWAY,20260929,line,5on5,562.0,3.0,0.065,0.4286,0.4,2.997,0.031,0.166,0.598,0.007,1.605,1.593,0.031,0.033,0.033,2.0,2.0,2.0,6.0,1.0,0.0,0.0,0.0,0.0,1.0,2.0,1.0,3.0,0.0,0.0,6.0,6.0,0.0,7.0,4.0,0.0,0.0,0.031,0.0,0.0,1.0,0.0,0.0,6.592,4.0,4.357,3.0,0.033,0.0,0.0,0.064,0.069,0.069,4.394,0.446,0.565,0.777,0.014,2.002,2.196,0.446,0.41,0.41,4.0,2.0,2.0,8.0,1.0,0.0,0.0,0.0,0.0,2.0,3.0,3.0,5.0,1.0,2.0,4.0,5.0,0.0,4.0,4.0,2.0,0.0,0.091,0.355,0.0,0.0,1.0,0.0,7.364,6.0,5.579,0.0,0.116,0.0,0.0,0.562,0.518,0.518
848001884815408484984,Demidov-Suzuki-Caufield,2026020002,2026,MTL,TOR,AWAY,20260929,line,5on5,24.0,10.0,0.0,0.0,0.0,0.0,0.0,0.0,0.0,0.0,0.0,0.0,0.0,0.0,0.0,0.0,0.0,0.0,0.0,0.0,0.0,0.0,0.0,0.0,0.0,0.0,0.0,0.0,0.0,0.0,0.0,0.0,0.0,1.0,0.0,0.0,0.0,0.0,0.0,0.0,0.0,0.0,0.0,0.0,0.0,0.0,1.0,0.0,0.0,0.0,0.0,0.0,0.0,0.731,0.042,0.067,0.185,0.002,0.33,0.375,0.042,0.042,0.042,1.0,0.0,0.0,1.0,1.0,0.0,0.0,0.0,0.0,0.0,0.0,0.0,0.0,0.0,0.0,0.0,0.0,0.0,0.0,1.0,0.0,0.0,0.042,0.0,0.0,1.0,0.0,0.0,1.026,1.0,1.038,0.0,0.014,0.0,0.0,0.055,0.055,0.055
847518484800748482737,Texier-Kreider-Bolduc,2026020002,2026,MTL,TOR,AWAY,20260929,line,5on5,14.0,19.0,0.0,0.5,0.0,0.0,0.0,0.0,0.0,0.0,0.0,0.0,0.0,0.0,0.0,0.0,0.0,1.0,1.0,0.0,0.0,0.0,0.0,0.0,0.0,0.0,0.0,0.0,1.0,2.0,0.0,0.0,0.0,0.0,0.0,0.0,0.0,0.0,0.0,0.0,0.0,0.0,0.0,1.103,0.0,0.0,0.0,0.0,0.0,0.0,0.0,0.0,0.0,0.74,0.061,0.061,0.133,0.003,0.328,0.413,0.061,0.056,0.056,0.0,1.0,0.0,1.0,0.0,0.0,0.0,0.0,0.0,1.0,0.0,0.0,1.0,0.0,0.0,0.0,0.0,0.0,0.0,1.0,0.0,0.0,0.061,0.0,0.0,0.0,0.0,0.0,0.915,1.0,0.916,0.0,0.012,0.0,0.0,0.073,0.068,0.068
847647984781338483515,Slafkovsk-Evans-Danault,2026020002,2026,MTL,TOR,AWAY,20260929,line,5on5,15.0,18.0,0.0,0.0,0.0,0.0,0.0,0.0,0.0,0.0,0.0,0.0,0.0,0.0,0.0,0.0,0.0,0.0,0.0,0.0,0.0,0.0,0.0,0.0,0.0,0.0,0.0,0.0,0.0,0.0,0.0,0.0,0.0,0.0,0.0,0.0,0.0,0.0,0.0,0.0,0.0,0.0,0.0,0.0,0.0,0.0,0.0,0.0,0.0,0.0,0.0,0.0,0.0,0.0,0.0,0.0,0.0,0.0,0.0,0.0,0.0,0.0,0.0,0.0,0.0,0.0,0.0,0.0,0.0,0.0,0.0,0.0,0.0,0.0,0.0,0.0,0.0,0.0,0.0,1.0,0.0,0.0,0.0,0.0,0.0,0.0,0.0,0.0,0.0,0.0,0.0,0.0,0.0,0.0,0.0,0.0,0.0,0.0,0.0,0.0,0.0
84768758478851,Matheson-Carrier,2026020002,2026,MTL,TOR,AWAY,20260929,pairing,5on5,140.0,4.0,0.9801,0.6667,0.8,3.096,0.541,0.299,0.489,0.01,1.348,1.313,0.503,0.562,0.523,3.0,1.0,0.0,4.0,1.0,1.0,1.0,0.0,0.0,1.0,1.0,2.0,3.0,0.0,0.0,0.0,0.0,0.0,1.0,2.0,1.0,1.0,0.073,0.103,0.364,0.0,0.0,1.0,4.071,4.0,4.056,1.0,0.063,0.364,0.364,0.239,0.245,0.243,0.741,0.011,0.055,0.2,0.001,0.341,0.392,0.011,0.01,0.01,1.0,0.0,1.0,2.0,0.0,0.0,0.0,0.0,0.0,1.0,0.0,1.0,1.0,1.0,2.0,0.0,1.0,0.0,1.0,1.0,0.0,0.0,0.011,0.0,0.0,0.0,0.0,0.0,1.83,1.0,0.916,1.0,0.011,0.0,0.0,0.022,0.02,0.02
847813384800188483515,Slafkovsk-Evans-Suzuki,2026020002,2026,MTL,TOR,AWAY,20260929,line,5on5,17.0,16.0,0.0,0.0,0.0,0.0,0.0,0.0,0.0,0.0,0.0,0.0,0.0,0.0,0.0,0.0,0.0,0.0,0.0,0.0,0.0,0.0,0.0,0.0,0.0,0.0,0.0,0.0,0.0,0.0,0.0,0.0,0.0,0.0,0.0,0.0,0.0,0.0,0.0,0.0,0.0,0.0,0.0,0.0,0.0,0.0,0.0,0.0,0.0,0.0,0.0,0.0,0.0,0.0,0.0,0.0,0.0,0.0,0.0,0.0,0.0,0.0,0.0,0.0,0.0,2.0,2.0,0.0,0.0,0.0,0.0,0.0,0.0,0.0,0.0,0.0,0.0,0.0,0.0,0.0,0.0,0.0,0.0,0.0,0.0,0.0,0.0,0.0,0.0,0.0,0.0,1.83,0.0,0.0,0.0,0.0,0.0,0.0,0.0,0.0,0.0
848007484815238481618,Texier-Newhook-Dach,2026020002,2026,MTL,TOR,AWAY,20260929,line,5on5,19.0,13.0,0.0,0.0,0.0,0.0,0.0,0.0,0.0,0.0,0.0,0.0,0.0,0.0,0.0,0.0,0.0,0.0,0.0,0.0,0.0,0.0,0.0,0.0,0.0,0.0,0.0,0.0,0.0,0.0,0.0,0.0,0.0,0.0,0.0,0.0,0.0,0.0,0.0,0.0,0.0,0.0,0.0,0.0,0.0,0.0,0.0,0.0,0.0,0.0,0.0,0.0,0.0,0.0,0.0,0.0,0.0,0.0,0.0,0.0,0.0,0.0,0.0,0.0,0.0,0.0,0.0,0.0,0.0,0.0,0.0,0.0,0.0,0.0,0.0,0.0,0.0,0.0,0.0,0.0,0.0,1.0,0.0,0.0,0.0,0.0,0.0,0.0,0.0,0.0,0.0,0.0,0.0,0.0,0.0,0.0,0.0,0.0,0.0,0.0,0.0
84788518482964,Xhekaj-Carrier,2026020002,2026,MTL,TOR,AWAY,20260929,pairing,5on5,15.0,11.0,0.0,0.0,0.0,0.0,0.0,0.0,0.0,0.0,0.0,0.0,0.0,0.0,0.0,0.0,0.0,0.0,0.0,0.0,0.0,0.0,0.0,0.0,0.0,0.0,0.0,0.0,0.0,0.0,0.0,0.0,0.0,0.0,0.0,0.0,0.0,0.0,0.0,0.0,0.0,0.0,0.0,0.0,0.0,0.0,0.0,0.0,0.0,0.0,0.0,0.0,0.0,0.0,0.0,0.0,0.0,0.0,0.0,0.0,0.0,0.0,0.0,0.0,0.0,0.0,0.0,0.0,0.0,0.0,0.0,0.0,0.0,0.0,0.0,0.0,0.0,0.0,0.0,0.0,0.0,0.0,0.0,0.0,0.0,0.0,0.0,0.0,0.0,0.0,0.0,0.0,0.0,0.0,0.0,0.0,0.0,0.0,0.0,0.0,0.0
84788518483457,Hutson-Carrier,2026020002,2026,MTL,TOR,AWAY,20260929,pairing,5on5,850.0,1.0,0.2839,0.48,0.4737,6.695,0.287,0.514,1.373,0.015,3.251,3.561,0.286,0.306,0.305,6.0,3.0,3.0,12.0,1.0,0.0,0.0,2.0,0.0,1.0,5.0,5.0,8.0,1.0,2.0,11.0,7.0,0.0,5.0,7.0,2.0,0.0,0.074,0.212,0.0,1.0,0.0,0.0,12.94,9.0,9.719,3.0,0.103,0.0,0.0,0.39,0.417,0.416,7.715,0.724,1.055,1.163,0.021,3.388,3.649,0.719,0.687,0.683,8.0,2.0,3.0,13.0,1.0,1.0,0.0,3.0,0.0,2.0,3.0,7.0,9.0,0.0,0.0,5.0,1.0,0.0,5.0,7.0,3.0,0.0,0.291,0.433,0.0,0.0,1.0,0.0,12.271,10.0,9.598,0.0,0.227,0.069,0.069,0.882,0.836,0.832
847698184781338481540,Anderson-Evans-Caufield,2026020002,2026,MTL,TOR,AWAY,20260929,line,5on5,16.0,17.0,1.0,1.0,1.0,0.761,0.011,0.055,0.192,0.001,0.276,0.465,0.011,0.012,0.012,1.0,0.0,0.0,1.0,0.0,0.0,0.0,1.0,0.0,0.0,0.0,1.0,1.0,0.0,0.0,0.0,0.0,0.0,0.0,1.0,0.0,0.0,0.011,0.0,0.0,0.0,0.0,0.0,1.103,1.0,1.1,0.0,0.01,0.0,0.0,0.021,0.024,0.024,0.0,0.0,0.0,0.0,0.0,0.0,0.0,0.0,0.0,0.0,0.0,0.0,0.0,0.0,0.0,0.0,0.0,0.0,0.0,0.0,0.0,0.0,0.0,0.0,0.0,0.0,0.0,0.0,0.0,0.0,0.0,0.0,0.0,0.0,0.0,0.0,0.0,0.0,0.0,0.0,0.0,0.0,0.0,0.0,0.0,0.0,0.0,0.0
84768758480865,Matheson-Dobson,2026020002,2026,MTL,TOR,AWAY,20260929,pairing,5on5,794.0,2.0,0.4879,0.4,0.2778,3.578,0.525,0.477,0.456,0.014,1.886,1.643,0.523,0.57,0.568,3.0,2.0,5.0,10.0,1.0,0.0,0.0,1.0,0.0,1.0,2.0,2.0,4.0,1.0,2.0,7.0,6.0,1.0,9.0,1.0,4.0,0.0,0.001,0.523,0.0,0.0,1.0,0.0,10.561,5.0,5.362,4.0,0.102,0.0,0.0,0.627,0.681,0.679,9.326,0.551,0.878,1.827,0.023,4.871,4.849,0.551,0.514,0.514,9.0,4.0,2.0,15.0,1.0,0.0,0.0,3.0,0.0,4.0,5.0,8.0,12.0,1.0,2.0,9.0,10.0,0.0,3.0,10.0,3.0,0.0,0.217,0.334,0.0,1.0,0.0,0.0,14.222,13.0,12.431,2.0,0.182,0.0,0.0,0.732,0.685,0.684
84829648483457,Hutson-Xhekaj,2026020002,2026,MTL,TOR,AWAY,20260929,pairing,5on5,30.0,9.0,0.0,0.0,0.0,0.0,0.0,0.0,0.0,0.0,0.0,0.0,0.0,0.0,0.0,0.0,0.0,0.0,0.0,0.0,0.0,0.0,0.0,0.0,0.0,0.0,0.0,0.0,0.0,0.0,1.0,0.0,0.0,0.0,0.0,0.0,0.0,0.0,0.0,0.0,0.0,0.0,0.0,0.0,0.0,0.0,0.0,0.0,0.0,0.0,0.0,0.0,0.0,0.0,0.0,0.0,0.0,0.0,0.0,0.0,0.0,0.0,0.0,0.0,0.0,0.0,0.0,0.0,0.0,0.0,0.0,0.0,0.0,0.0,0.0,0.0,0.0,0.0,0.0,0.0,1.0,0.0,0.0,0.0,0.0,0.0,0.0,0.0,0.0,0.0,0.0,0.0,0.0,0.0,0.0,0.0,0.0,0.0,0.0,0.0,0.0
847698184781338482737,Anderson-Evans-Bolduc,2026020002,2026,MTL,TOR,AWAY,20260929,line,5on5,430.0,4.0,0.7616,0.625,0.6154,6.025,0.77,0.619,0.884,0.02,3.072,2.634,0.762,0.824,0.815,6.0,2.0,2.0,10.0,1.0,0.0,0.0,1.0,0.0,3.0,3.0,5.0,7.0,0.0,0.0,5.0,8.0,1.0,1.0,4.0,4.0,0.0,0.106,0.664,0.0,0.0,1.0,0.0,10.604,8.0,8.384,0.0,0.13,0.0,0.0,0.9,0.963,0.953,4.164,0.241,0.548,0.579,0.011,1.819,1.801,0.237,0.227,0.223,3.0,2.0,1.0,6.0,0.0,1.0,0.0,2.0,0.0,2.0,0.0,3.0,5.0,1.0,2.0,3.0,3.0,0.0,3.0,4.0,1.0,0.0,0.149,0.093,0.0,0.0,0.0,0.0,5.71,5.0,4.801,2.0,0.12,0.069,0.069,0.293,0.276,0.272
848001884835158484984,Slafkovsk-Suzuki-Demidov,2026020002,2026,MTL,TOR,AWAY,20260929,line,5on5,18.0,14.0,0.0,0.0,0.0,0.0,0.0,0.0,0.0,0.0,0.0,0.0,0.0,0.0,0.0,0.0,0.0,0.0,0.0,0.0,0.0,0.0,0.0,0.0,0.0,0.0,0.0,0.0,0.0,0.0,0.0,0.0,0.0,0.0,0.0,0.0,0.0,0.0,0.0,0.0,0.0,0.0,0.0,0.0,0.0,0.0,0.0,0.0,0.0,0.0,0.0,0.0,0.0,0.949,0.187,0.143,0.108,0.006,0.301,0.256,0.187,0.178,0.178,1.0,0.0,0.0,1.0,0.0,1.0,0.0,0.0,0.0,0.0,0.0,1.0,1.0,0.0,0.0,0.0,0.0,0.0,0.0,0.0,1.0,0.0,0.0,0.187,0.0,0.0,0.0,0.0,0.97,1.0,0.971,0.0,0.031,0.018,0.0,0.217,0.207,0.207
847647984769818482737,Anderson-Danault-Bolduc,2026020002,2026,MTL,TOR,AWAY,20260929,line,5on5,22.0,11.0,1.0,1.0,1.0,0.643,0.015,0.055,0.197,0.001,0.275,0.458,0.015,0.016,0.016,0.0,1.0,0.0,1.0,0.0,0.0,0.0,0.0,0.0,1.0,0.0,0.0,1.0,0.0,0.0,0.0,0.0,0.0,0.0,1.0,0.0,0.0,0.015,0.0,0.0,0.0,0.0,0.0,1.103,1.0,1.1,0.0,0.011,0.0,0.0,0.025,0.027,0.027,0.0,0.0,0.0,0.0,0.0,0.0,0.0,0.0,0.0,0.0,0.0,0.0,0.0,0.0,0.0,0.0,0.0,0.0,0.0,0.0,0.0,0.0,0.0,0.0,0.0,0.0,0.0,0.0,0.0,0.0,0.0,0.0,0.0,0.0,0.0,0.0,0.0,0.0,0.0,0.0,0.0,0.0,0.0,0.0,0.0,0.0,0.0,0.0
84788518481593,Struble-Carrier,2026020002,2026,MTL,TOR,AWAY,20260929,pairing,5on5,12.0,12.0,1.0,1.0,1.0,0.768,0.004,0.075,0.21,0.002,0.284,0.425,0.004,0.004,0.004,1.0,0.0,0.0,1.0,0.0,0.0,0.0,0.0,0.0,1.0,0.0,1.0,1.0,0.0,0.0,0.0,0.0,0.0,0.0,1.0,0.0,0.0,0.004,0.0,0.0,0.0,0.0,0.0,1.032,1.0,1.03,0.0,0.016,0.0,0.0,0.02,0.021,0.021,0.0,0.0,0.0,0.0,0.0,0.0,0.0,0.0,0.0,0.0,0.0,0.0,0.0,0.0,0.0,0.0,0.0,0.0,0.0,0.0,0.0,0.0,0.0,0.0,0.0,0.0,1.0,0.0,1.0,0.0,0.0,0.0,0.0,0.0,0.0,0.0,0.0,0.0,0.0,0.0,0.0,1.0,0.0,0.0,0.0,0.0,0.0,0.0
847698184800188482737,Anderson-Suzuki-Bolduc,2026020002,2026,MTL,TOR,AWAY,20260929,line,5on5,11.0,22.0,0.0,0.0,0.0,0.0,0.0,0.0,0.0,0.0,0.0,0.0,0.0,0.0,0.0,0.0,0.0,0.0,0.0,0.0,0.0,0.0,0.0,0.0,0.0,0.0,0.0,0.0,0.0,0.0,0.0,0.0,0.0,0.0,0.0,0.0,0.0,0.0,0.0,0.0,0.0,0.0,0.0,0.0,0.0,0.0,0.0,0.0,0.0,0.0,0.0,0.0,0.0,0.0,0.0,0.0,0.0,0.0,0.0,0.0,0.0,0.0,0.0,0.0,0.0,0.0,0.0,0.0,0.0,0.0,0.0,0.0,0.0,0.0,0.0,0.0,0.0,0.0,0.0,0.0,0.0,1.0,0.0,0.0,0.0,0.0,0.0,0.0,0.0,0.0,0.0,0.0,0.0,0.0,0.0,0.0,0.0,0.0,0.0,0.0,0.0
847518484781338482737,Kreider-Evans-Bolduc,2026020002,2026,MTL,TOR,AWAY,20260929,line,5on5,50.0,5.0,0.0,0.0,0.0,0.0,0.0,0.0,0.0,0.0,0.0,0.0,0.0,0.0,0.0,0.0,0.0,0.0,0.0,0.0,0.0,0.0,0.0,0.0,0.0,0.0,0.0,0.0,0.0,0.0,0.0,0.0,0.0,1.0,0.0,0.0,0.0,0.0,0.0,0.0,0.0,0.0,0.0,0.0,0.0,0.0,1.0,0.0,0.0,0.0,0.0,0.0,0.0,0.0,0.0,0.0,0.0,0.0,0.0,0.0,0.0,0.0,0.0,0.0,0.0,0.0,0.0,0.0,0.0,0.0,0.0,0.0,0.0,0.0,0.0,0.0,0.0,0.0,0.0,1.0,0.0,1.0,0.0,0.0,0.0,0.0,0.0,0.0,0.0,0.0,0.0,0.0,0.0,0.0,1.0,0.0,0.0,0.0,0.0,0.0,0.0
847813384816188483515,Slafkovsk-Evans-Newhook,2026020002,2026,MTL,TOR,AWAY,20260929,line,5on5,11.0,23.0,0.0,0.0,0.0,0.0,0.0,0.0,0.0,0.0,0.0,0.0,0.0,0.0,0.0,0.0,0.0,0.0,0.0,0.0,0.0,0.0,0.0,0.0,0.0,0.0,0.0,0.0,0.0,0.0,0.0,0.0,0.0,0.0,0.0,0.0,0.0,0.0,0.0,0.0,0.0,0.0,0.0,0.0,0.0,0.0,0.0,0.0,0.0,0.0,0.0,0.0,0.0,0.0,0.0,0.0,0.0,0.0,0.0,0.0,0.0,0.0,0.0,0.0,0.0,0.0,0.0,0.0,0.0,0.0,0.0,0.0,0.0,0.0,0.0,0.0,0.0,0.0,0.0,1.0,0.0,0.0,0.0,0.0,0.0,0.0,0.0,0.0,0.0,0.0,0.0,0.0,0.0,0.0,0.0,0.0,0.0,0.0,0.0,0.0,0.0
84808658483457,Hutson-Dobson,2026020002,2026,MTL,TOR,AWAY,20260929,pairing,5on5,113.0,6.0,0.2184,0.4,0.4,1.31,0.064,0.13,0.249,0.005,0.71,0.842,0.064,0.068,0.067,1.0,1.0,0.0,2.0,0.0,0.0,0.0,0.0,0.0,1.0,1.0,1.0,2.0,1.0,2.0,1.0,0.0,1.0,1.0,2.0,0.0,0.0,0.064,0.0,0.0,0.0,0.0,0.0,2.064,2.0,2.061,1.0,0.026,0.0,0.0,0.09,0.095,0.093,2.725,0.229,0.309,0.288,0.01,1.077,1.088,0.221,0.219,0.211,3.0,0.0,0.0,3.0,0.0,2.0,0.0,0.0,0.0,1.0,0.0,3.0,3.0,0.0,0.0,0.0,2.0,0.0,0.0,2.0,1.0,0.0,0.043,0.187,0.0,0.0,0.0,0.0,2.91,3.0,2.914,0.0,0.069,0.043,0.043,0.256,0.245,0.237
847813384815238482737,Dach-Evans-Bolduc,2026020002,2026,MTL,TOR,AWAY,20260929,line,5on5,13.0,20.0,1.0,1.0,1.0,0.768,0.004,0.075,0.21,0.002,0.284,0.425,0.004,0.004,0.004,1.0,0.0,0.0,1.0,0.0,0.0,0.0,0.0,0.0,1.0,0.0,1.0,1.0,0.0,0.0,0.0,0.0,0.0,0.0,1.0,0.0,0.0,0.004,0.0,0.0,0.0,0.0,0.0,1.032,1.0,1.03,0.0,0.016,0.0,0.0,0.02,0.021,0.021,0.0,0.0,0.0,0.0,0.0,0.0,0.0,0.0,0.0,0.0,0.0,0.0,0.0,0.0,0.0,0.0,0.0,0.0,0.0,0.0,0.0,0.0,0.0,0.0,0.0,0.0,1.0,0.0,1.0,0.0,0.0,0.0,0.0,0.0,0.0,0.0,0.0,0.0,0.0,0.0,0.0,1.0,0.0,0.0,0.0,0.0,0.0,0.0
847647984815238484984,Dach-Danault-Demidov,2026020002,2026,MTL,TOR,AWAY,20260929,line,5on5,22.0,12.0,0.0,0.0,0.0,0.0,0.0,0.0,0.0,0.0,0.0,0.0,0.0,0.0,0.0,0.0,0.0,0.0,0.0,0.0,0.0,0.0,0.0,0.0,0.0,0.0,0.0,0.0,0.0,0.0,0.0,0.0,0.0,0.0,0.0,0.0,0.0,0.0,0.0,0.0,0.0,0.0,0.0,0.0,0.0,0.0,0.0,0.0,0.0,0.0,0.0,0.0,0.0,0.0,0.0,0.0,0.0,0.0,0.0,0.0,0.0,0.0,0.0,0.0,0.0,0.0,0.0,0.0,0.0,0.0,0.0,0.0,0.0,0.0,0.0,0.0,0.0,0.0,0.0,2.0,0.0,0.0,0.0,0.0,0.0,0.0,0.0,0.0,0.0,0.0,0.0,0.0,0.0,0.0,0.0,0.0,0.0,0.0,0.0,0.0,0.0
84768758482964,Matheson-Xhekaj,2026020002,2026,MTL,TOR,AWAY,20260929,pairing,5on5,81.0,7.0,0.0,0.0,0.0,0.0,0.0,0.0,0.0,0.0,0.0,0.0,0.0,0.0,0.0,0.0,0.0,0.0,0.0,0.0,0.0,0.0,0.0,0.0,0.0,0.0,0.0,0.0,0.0,0.0,0.0,0.0,0.0,0.0,0.0,0.0,0.0,0.0,0.0,0.0,0.0,0.0,0.0,0.0,0.0,0.0,0.0,0.0,0.0,0.0,0.0,0.0,0.0,0.585,0.048,0.071,0.144,0.002,0.404,0.331,0.048,0.048,0.048,1.0,0.0,0.0,1.0,0.0,0.0,0.0,0.0,0.0,0.0,1.0,1.0,1.0,0.0,0.0,1.0,0.0,0.0,0.0,1.0,0.0,0.0,0.048,0.0,0.0,0.0,0.0,0.0,1.026,1.0,1.038,0.0,0.014,0.0,0.0,0.062,0.062,0.062
848161884835158484984,Slafkovsk-Newhook-Demidov,2026020002,2026,MTL,TOR,AWAY,20260929,line,5on5,595.0,2.0,0.6744,0.6,0.4444,2.767,0.263,0.343,0.319,0.015,1.282,1.777,0.262,0.283,0.282,2.0,2.0,5.0,9.0,0.0,0.0,0.0,1.0,0.0,0.0,3.0,2.0,4.0,2.0,4.0,6.0,6.0,1.0,5.0,2.0,2.0,0.0,0.083,0.18,0.0,0.0,0.0,0.0,9.33,4.0,4.262,3.0,0.073,0.0,0.0,0.336,0.361,0.36,3.851,0.127,0.361,0.7,0.007,1.861,1.943,0.119,0.123,0.115,5.0,0.0,1.0,6.0,0.0,1.0,0.0,1.0,0.0,2.0,1.0,5.0,5.0,1.0,2.0,3.0,3.0,1.0,3.0,5.0,0.0,0.0,0.127,0.0,0.0,0.0,0.0,0.0,5.789,5.0,4.936,1.0,0.077,0.025,0.043,0.162,0.157,0.15
847698184800188481540,Anderson-Suzuki-Caufield,2026020002,2026,MTL,TOR,AWAY,20260929,line,5on5,12.0,21.0,1.0,1.0,1.0,0.681,0.011,0.052,0.165,0.001,0.329,0.442,0.011,0.012,0.012,1.0,0.0,0.0,1.0,0.0,0.0,0.0,0.0,0.0,0.0,1.0,1.0,1.0,0.0,0.0,0.0,0.0,0.0,0.0,1.0,0.0,0.0,0.011,0.0,0.0,0.0,0.0,0.0,1.103,1.0,1.1,0.0,0.01,0.0,0.0,0.021,0.023,0.023,0.0,0.0,0.0,0.0,0.0,0.0,0.0,0.0,0.0,0.0,0.0,0.0,0.0,0.0,0.0,0.0,0.0,0.0,0.0,0.0,0.0,0.0,0.0,0.0,0.0,0.0,0.0,0.0,0.0,0.0,0.0,0.0,0.0,0.0,0.0,0.0,0.0,0.0,0.0,0.0,0.0,0.0,0.0,0.0,0.0,0.0,0.0,0.0
847647984769818481618,Newhook-Danault-Anderson,2026020002,2026,MTL,TOR,AWAY,20260929,line,5on5,28.0,9.0,0.0,0.0,0.0,0.0,0.0,0.0,0.0,0.0,0.0,0.0,0.0,0.0,0.0,0.0,0.0,0.0,0.0,0.0,0.0,0.0,0.0,0.0,0.0,0.0,0.0,0.0,0.0,0.0,0.0,0.0,0.0,0.0,0.0,0.0,0.0,0.0,0.0,0.0,0.0,0.0,0.0,0.0,0.0,0.0,0.0,0.0,0.0,0.0,0.0,0.0,0.0,0.0,0.0,0.0,0.0,0.0,0.0,0.0,0.0,0.0,0.0,0.0,0.0,1.0,1.0,0.0,0.0,0.0,0.0,0.0,0.0,0.0,0.0,0.0,0.0,0.0,0.0,0.0,0.0,0.0,0.0,0.0,0.0,0.0,0.0,0.0,0.0,0.0,0.0,0.915,0.0,0.0,0.0,0.0,0.0,0.0,0.0,0.0,0.0
84815938483457,Hutson-Struble,2026020002,2026,MTL,TOR,AWAY,20260929,pairing,5on5,128.0,5.0,1.0,1.0,1.0,1.371,0.083,0.148,0.148,0.009,0.548,1.065,0.083,0.09,0.09,2.0,0.0,1.0,3.0,0.0,0.0,0.0,1.0,0.0,0.0,1.0,2.0,2.0,1.0,2.0,1.0,3.0,1.0,0.0,2.0,0.0,0.0,0.083,0.0,0.0,0.0,0.0,0.0,3.238,2.0,2.131,0.0,0.031,0.0,0.0,0.114,0.123,0.123,0.0,0.0,0.0,0.0,0.0,0.0,0.0,0.0,0.0,0.0,0.0,0.0,0.0,0.0,0.0,0.0,0.0,0.0,0.0,0.0,0.0,0.0,0.0,1.0,2.0,0.0,3.0,0.0,1.0,0.0,0.0,0.0,0.0,0.0,0.0,0.0,0.0,0.0,0.0,0.0,0.0,1.0,0.0,0.0,0.0,0.0,0.0,0.0
84768758483457,Matheson-Hutson,2026020002,2026,MTL,TOR,AWAY,20260929,pairing,5on5,75.0,8.0,1.0,1.0,1.0,1.494,0.017,0.065,0.201,0.002,0.643,1.072,0.017,0.019,0.019,2.0,0.0,0.0,2.0,0.0,0.0,0.0,0.0,0.0,0.0,2.0,2.0,2.0,0.0,0.0,0.0,2.0,0.0,0.0,2.0,0.0,0.0,0.017,0.0,0.0,0.0,0.0,0.0,2.206,2.0,2.201,0.0,0.012,0.0,0.0,0.029,0.032,0.032,0.0,0.0,0.0,0.0,0.0,0.0,0.0,0.0,0.0,0.0,0.0,0.0,0.0,0.0,0.0,0.0,0.0,0.0,0.0,0.0,0.0,0.0,0.0,0.0,0.0,0.0,0.0,0.0,2.0,0.0,0.0,0.0,0.0,0.0,0.0,0.0,0.0,0.0,0.0,0.0,0.0,0.0,0.0,0.0,0.0,0.0,0.0,0.0
848001884815408483515,Slafkovsk-Suzuki-Caufield,2026020002,2026,MTL,TOR,AWAY,20260929,line,5on5,34.0,7.0,0.0,0.0,0.0,0.0,0.0,0.0,0.0,0.0,0.0,0.0,0.0,0.0,0.0,0.0,0.0,0.0,0.0,0.0,0.0,0.0,0.0,0.0,0.0,0.0,0.0,0.0,0.0,0.0,0.0,0.0,0.0,0.0,0.0,0.0,0.0,0.0,0.0,0.0,0.0,0.0,0.0,0.0,0.0,0.0,0.0,0.0,0.0,0.0,0.0,0.0,0.0,0.0,0.0,0.0,0.0,0.0,0.0,0.0,0.0,0.0,0.0,0.0,0.0,0.0,0.0,0.0,0.0,0.0,0.0,0.0,0.0,0.0,0.0,0.0,0.0,0.0,0.0,1.0,0.0,0.0,0.0,0.0,0.0,0.0,0.0,0.0,0.0,0.0,0.0,0.0,0.0,0.0,0.0,0.0,0.0,0.0,0.0,0.0,0.0
848154084816188483515,Slafkovsk-Newhook-Caufield,2026020002,2026,MTL,TOR,AWAY,20260929,line,5on5,10.0,24.0,0.0,0.0,0.0,0.0,0.0,0.0,0.0,0.0,0.0,0.0,0.0,0.0,0.0,0.0,0.0,0.0,0.0,0.0,0.0,0.0,0.0,0.0,0.0,0.0,0.0,0.0,0.0,0.0,0.0,0.0,0.0,0.0,0.0,0.0,0.0,0.0,0.0,0.0,0.0,0.0,0.0,0.0,0.0,0.0,0.0,0.0,0.0,0.0,0.0,0.0,0.0,0.732,0.067,0.073,0.123,0.002,0.359,0.376,0.067,0.061,0.061,1.0,0.0,0.0,1.0,0.0,0.0,0.0,0.0,0.0,1.0,0.0,1.0,1.0,0.0,0.0,0.0,0.0,0.0,0.0,1.0,0.0,0.0,0.067,0.0,0.0,0.0,0.0,0.0,0.915,1.0,0.916,0.0,0.015,0.0,0.0,0.082,0.076,0.076
847647984769818481523,Dach-Danault-Anderson,2026020002,2026,MTL,TOR,AWAY,20260929,line,5on5,32.0,8.0,1.0,1.0,1.0,1.701,0.467,0.204,0.228,0.006,0.566,0.529,0.43,0.486,0.446,2.0,0.0,0.0,2.0,1.0,1.0,1.0,0.0,0.0,0.0,0.0,1.0,1.0,0.0,0.0,0.0,0.0,0.0,0.0,0.0,1.0,1.0,0.0,0.103,0.364,0.0,0.0,1.0,2.007,2.0,1.995,0.0,0.043,0.364,0.364,0.147,0.148,0.146,0.0,0.0,0.0,0.0,0.0,0.0,0.0,0.0,0.0,0.0,0.0,0.0,0.0,0.0,0.0,0.0,0.0,0.0,0.0,0.0,0.0,0.0,0.0,0.0,0.0,0.0,0.0,0.0,0.0,0.0,0.0,0.0,0.0,0.0,0.0,0.0,0.0,0.0,0.0,0.0,0.0,0.0,0.0,0.0,0.0,0.0,0.0,0.0
847647984835158484984,Slafkovsk-Danault-Demidov,2026020002,2026,MTL,TOR,AWAY,20260929,line,5on5,18.0,15.0,0.0,0.0,0.0,0.0,0.0,0.0,0.0,0.0,0.0,0.0,0.0,0.0,0.0,0.0,0.0,0.0,0.0,0.0,0.0,0.0,0.0,0.0,0.0,0.0,0.0,0.0,0.0,0.0,0.0,0.0,0.0,0.0,0.0,0.0,0.0,0.0,0.0,0.0,0.0,0.0,0.0,0.0,0.0,0.0,0.0,0.0,0.0,0.0,0.0,0.0,0.0,0.0,0.0,0.0,0.0,0.0,0.0,0.0,0.0,0.0,0.0,0.0,0.0,0.0,0.0,0.0,0.0,0.0,0.0,0.0,0.0,0.0,0.0,0.0,0.0,0.0,0.0,0.0,0.0,1.0,0.0,0.0,0.0,0.0,0.0,0.0,0.0,0.0,0.0,0.0,0.0,0.0,1.0,0.0,0.0,0.0,0.0,0.0,0.0
847751184800028482146,Evangelista-Hischier-Mantha,2026020009,2026,NJD,PHI,HOME,20261001,line,5on5,25.0,15.0,0.0,0.0,0.0,0.0,0.0,0.0,0.0,0.0,0.0,0.0,0.0,0.0,0.0,0.0,0.0,0.0,0.0,0.0,0.0,0.0,0.0,0.0,0.0,0.0,0.0,0.0,0.0,0.0,0.0,0.0,0.0,0.0,0.0,0.0,0.0,0.0,0.0,0.0,0.0,0.0,0.0,0.0,0.0,0.0,0.0,0.0,0.0,0.0,0.0,0.0,0.0,0.705,0.031,0.071,0.15,0.001,0.355,0.393,0.031,0.034,0.034,1.0,0.0,0.0,1.0,0.0,0.0,0.0,0.0,0.0,0.0,1.0,1.0,1.0,0.0,0.0,0.0,0.0,0.0,0.0,1.0,0.0,0.0,0.031,0.0,0.0,0.0,0.0,0.0,1.103,1.0,1.1,0.0,0.014,0.0,0.0,0.044,0.049,0.049
847841484800028482146,Evangelista-Hischier-Meier,2026020009,2026,NJD,PHI,HOME,20261001,line,5on5,520.0,3.0,0.7731,0.6471,0.6154,5.853,0.426,0.483,1.25,0.028,2.909,2.904,0.426,0.402,0.402,4.0,4.0,3.0,11.0,1.0,0.0,0.0,1.0,0.0,4.0,2.0,3.0,7.0,0.0,0.0,8.0,5.0,1.0,2.0,6.0,2.0,0.0,0.143,0.282,0.0,0.0,1.0,0.0,10.45,8.0,7.605,2.0,0.096,0.0,0.0,0.521,0.492,0.492,3.748,0.125,0.331,0.667,0.011,1.945,1.92,0.125,0.133,0.132,4.0,1.0,1.0,6.0,0.0,0.0,0.0,2.0,0.0,1.0,2.0,4.0,5.0,0.0,0.0,5.0,2.0,1.0,3.0,5.0,0.0,0.0,0.125,0.0,0.0,0.0,0.0,0.0,6.263,5.0,5.222,2.0,0.068,0.0,0.0,0.194,0.205,0.204
84783998482684,Hughes-Siegenthaler,2026020009,2026,NJD,PHI,HOME,20261001,pairing,5on5,36.0,8.0,0.0,0.0,0.0,0.0,0.0,0.0,0.0,0.0,0.0,0.0,0.0,0.0,0.0,0.0,0.0,0.0,0.0,0.0,0.0,0.0,0.0,0.0,0.0,0.0,0.0,0.0,0.0,0.0,0.0,0.0,0.0,0.0,0.0,0.0,0.0,0.0,0.0,0.0,0.0,0.0,0.0,0.0,0.0,0.0,0.0,0.0,0.0,0.0,0.0,0.0,0.0,0.693,0.008,0.064,0.209,0.001,0.387,0.331,0.008,0.009,0.009,1.0,0.0,0.0,1.0,0.0,0.0,0.0,1.0,0.0,0.0,0.0,1.0,1.0,0.0,0.0,0.0,0.0,0.0,0.0,1.0,0.0,0.0,0.008,0.0,0.0,0.0,0.0,0.0,1.103,1.0,1.1,0.0,0.012,0.0,0.0,0.021,0.022,0.022
848000284821468483695,Lombardi-Hischier-Evangelista,2026020009,2026,NJD,PHI,HOME,20261001,line,5on5,59.0,7.0,0.6523,0.75,0.75,2.225,0.334,0.185,0.429,0.002,1.038,1.013,0.331,0.307,0.305,3.0,0.0,0.0,3.0,0.0,1.0,0.0,0.0,0.0,1.0,1.0,3.0,3.0,0.0,0.0,0.0,0.0,0.0,0.0,1.0,1.0,1.0,0.012,0.1,0.223,0.0,0.0,0.0,2.745,3.0,2.749,0.0,0.036,0.223,0.223,0.148,0.136,0.136,0.69,0.178,0.096,0.085,0.003,0.246,0.392,0.16,0.195,0.176,1.0,0.0,0.0,1.0,0.0,0.0,0.0,0.0,0.0,0.0,1.0,1.0,1.0,0.0,0.0,0.0,0.0,0.0,0.0,0.0,1.0,0.0,0.0,0.178,0.0,0.0,0.0,0.0,1.103,1.0,1.1,0.0,0.02,0.0,0.0,0.198,0.217,0.196
84754558482684,Hughes-Dillon,2026020009,2026,NJD,PHI,HOME,20261001,pairing,5on5,42.0,7.0,1.0,1.0,1.0,1.796,0.266,0.274,0.226,0.006,0.599,0.63,0.252,0.244,0.232,2.0,0.0,0.0,2.0,0.0,1.0,0.0,0.0,0.0,0.0,1.0,2.0,2.0,0.0,0.0,0.0,0.0,0.0,0.0,1.0,1.0,0.0,0.069,0.197,0.0,0.0,0.0,0.0,1.83,2.0,1.833,0.0,0.061,0.069,0.069,0.257,0.237,0.229,0.0,0.0,0.0,0.0,0.0,0.0,0.0,0.0,0.0,0.0,0.0,0.0,0.0,0.0,0.0,0.0,0.0,0.0,0.0,0.0,0.0,0.0,0.0,0.0,0.0,0.0,0.0,0.0,0.0,0.0,0.0,0.0,0.0,0.0,0.0,0.0,0.0,0.0,0.0,0.0,0.0,0.0,0.0,0.0,0.0,0.0,0.0,0.0
84764628482684,Hughes-Hamilton,2026020009,2026,NJD,PHI,HOME,20261001,pairing,5on5,16.0,11.0,0.3597,0.5,0.5,0.721,0.1,0.055,0.16,0.001,0.277,0.407,0.1,0.092,0.092,1.0,0.0,0.0,1.0,0.0,0.0,0.0,0.0,0.0,1.0,0.0,1.0,1.0,0.0,0.0,0.0,0.0,0.0,0.0,0.0,1.0,0.0,0.0,0.1,0.0,0.0,0.0,0.0,0.915,1.0,0.916,0.0,0.01,0.0,0.0,0.11,0.101,0.101,0.69,0.178,0.096,0.085,0.003,0.246,0.392,0.16,0.195,0.176,1.0,0.0,0.0,1.0,0.0,0.0,0.0,0.0,0.0,0.0,1.0,1.0,1.0,0.0,0.0,0.0,0.0,0.0,0.0,0.0,1.0,0.0,0.0,0.178,0.0,0.0,0.0,0.0,1.103,1.0,1.1,0.0,0.02,0.0,0.0,0.198,0.217,0.196
847751184794078481559,Bratt-Hughes-Mantha,2026020009,2026,NJD,PHI,HOME,20261001,line,5on5,654.0,2.0,0.7888,0.8095,0.8333,7.629,0.594,0.775,1.503,0.019,3.411,3.698,0.575,0.555,0.537,10.0,0.0,7.0,17.0,1.0,1.0,0.0,2.0,0.0,3.0,3.0,9.0,9.0,0.0,0.0,3.0,0.0,2.0,6.0,8.0,2.0,0.0,0.297,0.297,0.0,1.0,0.0,0.0,16.105,10.0,9.438,3.0,0.164,0.069,0.069,0.689,0.644,0.629,1.317,0.159,0.15,0.23,0.004,0.863,0.594,0.159,0.174,0.174,2.0,0.0,2.0,4.0,0.0,0.0,0.0,1.0,0.0,1.0,0.0,2.0,2.0,1.0,2.0,8.0,10.0,1.0,5.0,1.0,1.0,0.0,0.02,0.139,0.0,0.0,0.0,0.0,4.27,2.0,2.201,2.0,0.032,0.0,0.0,0.191,0.209,0.209
84774888478399,Siegenthaler-Pesce,2026020009,2026,NJD,PHI,HOME,20261001,pairing,5on5,157.0,4.0,0.0873,0.6,0.3333,0.681,0.011,0.051,0.176,0.001,0.335,0.425,0.011,0.01,0.01,0.0,1.0,2.0,3.0,0.0,0.0,0.0,0.0,0.0,1.0,0.0,0.0,1.0,0.0,0.0,1.0,1.0,0.0,0.0,1.0,0.0,0.0,0.011,0.0,0.0,0.0,0.0,0.0,2.745,1.0,0.916,0.0,0.01,0.0,0.0,0.021,0.019,0.019,1.428,0.115,0.142,0.288,0.004,0.726,0.726,0.115,0.126,0.126,2.0,0.0,0.0,2.0,0.0,0.0,0.0,1.0,0.0,0.0,1.0,2.0,2.0,0.0,0.0,0.0,1.0,0.0,1.0,2.0,0.0,0.0,0.115,0.0,0.0,0.0,0.0,0.0,2.206,2.0,2.201,1.0,0.028,0.0,0.0,0.143,0.157,0.157
847751184784148481559,Mantha-Hughes-Meier,2026020009,2026,NJD,PHI,HOME,20261001,line,5on5,83.0,6.0,0.0,0.0,0.0,0.0,0.0,0.0,0.0,0.0,0.0,0.0,0.0,0.0,0.0,0.0,0.0,0.0,0.0,0.0,0.0,0.0,0.0,0.0,0.0,0.0,0.0,0.0,0.0,0.0,0.0,1.0,0.0,2.0,0.0,0.0,0.0,0.0,0.0,0.0,0.0,0.0,0.0,0.0,0.0,0.0,1.0,0.0,0.0,0.0,0.0,0.0,0.0,1.059,0.128,0.188,0.165,0.001,0.634,0.883,0.124,0.14,0.136,1.0,1.0,1.0,3.0,0.0,0.0,0.0,0.0,0.0,2.0,0.0,1.0,2.0,0.0,0.0,0.0,0.0,0.0,0.0,2.0,0.0,0.0,0.128,0.0,0.0,0.0,0.0,0.0,3.309,2.0,2.201,0.0,0.037,0.0,0.0,0.165,0.181,0.176
847751184794078479996,Bratt-Glass-Mantha,2026020009,2026,NJD,PHI,HOME,20261001,line,5on5,25.0,16.0,1.0,1.0,1.0,0.899,0.295,0.107,0.082,0.002,0.243,0.271,0.295,0.271,0.271,1.0,0.0,0.0,1.0,0.0,0.0,0.0,1.0,0.0,0.0,0.0,1.0,1.0,0.0,0.0,0.0,0.0,0.0,0.0,0.0,0.0,1.0,0.0,0.0,0.295,0.0,0.0,0.0,0.915,1.0,0.916,0.0,0.024,0.0,0.0,0.319,0.293,0.293,0.0,0.0,0.0,0.0,0.0,0.0,0.0,0.0,0.0,0.0,0.0,0.0,0.0,0.0,0.0,0.0,0.0,0.0,0.0,0.0,0.0,0.0,0.0,0.0,0.0,0.0,0.0,0.0,1.0,0.0,0.0,0.0,0.0,0.0,0.0,0.0,0.0,0.0,0.0,0.0,0.0,1.0,0.0,0.0,0.0,0.0,0.0,0.0
84754558476462,Dillon-Hamilton,2026020009,2026,NJD,PHI,HOME,20261001,pairing,5on5,23.0,10.0,0.0,1.0,0.0,0.0,0.0,0.0,0.0,0.0,0.0,0.0,0.0,0.0,0.0,0.0,0.0,1.0,1.0,0.0,0.0,0.0,0.0,0.0,0.0,0.0,0.0,0.0,0.0,0.0,0.0,1.0,0.0,0.0,0.0,0.0,0.0,0.0,0.0,0.0,0.0,0.0,0.0,0.97,0.0,0.0,0.0,0.0,0.0,0.0,0.0,0.0,0.0,0.0,0.0,0.0,0.0,0.0,0.0,0.0,0.0,0.0,0.0,0.0,0.0,0.0,0.0,0.0,0.0,0.0,0.0,0.0,0.0,0.0,0.0,0.0,0.0,0.0,0.0,0.0,0.0,1.0,0.0,0.0,0.0,0.0,0.0,0.0,0.0,0.0,0.0,0.0,0.0,0.0,1.0,0.0,0.0,0.0,0.0,0.0,0.0
847841484794078481559,Bratt-Hughes-Meier,2026020009,2026,NJD,PHI,HOME,20261001,line,5on5,19.0,22.0,1.0,1.0,1.0,0.746,0.104,0.081,0.085,0.002,0.393,0.335,0.104,0.096,0.096,0.0,1.0,1.0,2.0,0.0,0.0,0.0,0.0,0.0,1.0,0.0,0.0,1.0,0.0,0.0,0.0,0.0,0.0,0.0,0.0,1.0,0.0,0.0,0.104,0.0,0.0,0.0,0.0,1.83,1.0,0.916,0.0,0.016,0.0,0.0,0.121,0.111,0.111,0.0,0.0,0.0,0.0,0.0,0.0,0.0,0.0,0.0,0.0,0.0,0.0,0.0,0.0,0.0,0.0,0.0,0.0,0.0,0.0,0.0,0.0,0.0,0.0,0.0,0.0,0.0,0.0,0.0,0.0,0.0,0.0,0.0,0.0,0.0,0.0,0.0,0.0,0.0,0.0,0.0,0.0,0.0,0.0,0.0,0.0,0.0,0.0
847999684817218482110,Mercer-Glass-Gritsyuk,2026020009,2026,NJD,PHI,HOME,20261001,line,5on5,43.0,8.0,0.0,0.6667,0.0,0.0,0.0,0.0,0.0,0.0,0.0,0.0,0.0,0.0,0.0,0.0,0.0,2.0,2.0,0.0,0.0,0.0,0.0,0.0,0.0,0.0,0.0,0.0,0.0,0.0,0.0,0.0,0.0,0.0,0.0,0.0,0.0,0.0,0.0,0.0,0.0,0.0,0.0,1.83,0.0,0.0,0.0,0.0,0.0,0.0,0.0,0.0,0.0,0.789,0.007,0.075,0.122,0.007,0.47,0.319,0.007,0.008,0.008,0.0,1.0,0.0,1.0,0.0,0.0,0.0,0.0,0.0,0.0,1.0,0.0,1.0,0.0,0.0,1.0,0.0,0.0,0.0,1.0,0.0,0.0,0.007,0.0,0.0,0.0,0.0,0.0,1.103,1.0,1.1,0.0,0.016,0.0,0.0,0.023,0.025,0.025
847647484800028483695,Lombardi-Hischier-Noesen,2026020009,2026,NJD,PHI,HOME,20261001,line,5on5,22.0,20.0,0.0,1.0,0.0,0.0,0.0,0.0,0.0,0.0,0.0,0.0,0.0,0.0,0.0,0.0,0.0,1.0,1.0,0.0,0.0,0.0,0.0,0.0,0.0,0.0,0.0,0.0,0.0,0.0,0.0,1.0,0.0,0.0,0.0,0.0,0.0,0.0,0.0,0.0,0.0,0.0,0.0,0.97,0.0,0.0,0.0,0.0,0.0,0.0,0.0,0.0,0.0,0.0,0.0,0.0,0.0,0.0,0.0,0.0,0.0,0.0,0.0,0.0,0.0,0.0,0.0,0.0,0.0,0.0,0.0,0.0,0.0,0.0,0.0,0.0,0.0,0.0,0.0,0.0,0.0,1.0,0.0,0.0,0.0,0.0,0.0,0.0,0.0,0.0,0.0,0.0,0.0,0.0,1.0,0.0,0.0,0.0,0.0,0.0,0.0
847751184784148481721,Gritsyuk-Meier-Mantha,2026020009,2026,NJD,PHI,HOME,20261001,line,5on5,19.0,23.0,0.0,0.0,0.0,0.0,0.0,0.0,0.0,0.0,0.0,0.0,0.0,0.0,0.0,0.0,0.0,0.0,0.0,0.0,0.0,0.0,0.0,0.0,0.0,0.0,0.0,0.0,0.0,0.0,0.0,0.0,0.0,0.0,0.0,0.0,0.0,0.0,0.0,0.0,0.0,0.0,0.0,0.0,0.0,0.0,0.0,0.0,0.0,0.0,0.0,0.0,0.0,0.671,0.007,0.044,0.163,0.001,0.358,0.426,0.007,0.008,0.008,1.0,0.0,0.0,1.0,0.0,0.0,0.0,0.0,0.0,0.0,1.0,1.0,1.0,0.0,0.0,0.0,0.0,0.0,0.0,1.0,0.0,0.0,0.007,0.0,0.0,0.0,0.0,0.0,1.103,1.0,1.1,0.0,0.009,0.0,0.0,0.015,0.017,0.017
847647484775118479996,Mantha-Glass-Noesen,2026020009,2026,NJD,PHI,HOME,20261001,line,5on5,11.0,26.0,0.0,1.0,0.0,0.0,0.0,0.0,0.0,0.0,0.0,0.0,0.0,0.0,0.0,0.0,0.0,1.0,1.0,0.0,0.0,0.0,0.0,0.0,0.0,0.0,0.0,0.0,0.0,0.0,0.0,0.0,0.0,0.0,0.0,0.0,0.0,0.0,0.0,0.0,0.0,0.0,0.0,0.915,0.0,0.0,0.0,0.0,0.0,0.0,0.0,0.0,0.0,0.0,0.0,0.0,0.0,0.0,0.0,0.0,0.0,0.0,0.0,0.0,0.0,0.0,0.0,0.0,0.0,0.0,0.0,0.0,0.0,0.0,0.0,0.0,0.0,0.0,0.0,0.0,0.0,0.0,0.0,0.0,0.0,0.0,0.0,0.0,0.0,0.0,0.0,0.0,0.0,0.0,0.0,0.0,0.0,0.0,0.0,0.0,0.0
847940784815598483695,Bratt-Hughes-Lombardi,2026020009,2026,NJD,PHI,HOME,20261001,line,5on5,40.0,10.0,0.0,0.0,0.0,0.0,0.0,0.0,0.0,0.0,0.0,0.0,0.0,0.0,0.0,0.0,0.0,0.0,0.0,0.0,0.0,0.0,0.0,0.0,0.0,0.0,0.0,0.0,0.0,0.0,0.0,0.0,0.0,0.0,0.0,0.0,0.0,0.0,0.0,0.0,0.0,0.0,0.0,0.0,0.0,0.0,0.0,0.0,0.0,0.0,0.0,0.0,0.0,0.722,0.037,0.069,0.163,0.002,0.417,0.313,0.037,0.04,0.04,1.0,0.0,0.0,1.0,0.0,0.0,0.0,1.0,0.0,0.0,0.0,1.0,1.0,0.0,0.0,0.0,0.0,0.0,0.0,1.0,0.0,0.0,0.037,0.0,0.0,0.0,0.0,0.0,1.103,1.0,1.1,0.0,0.014,0.0,0.0,0.05,0.055,0.055
847854284817218482110,Mercer-Rodrigues-Gritsyuk,2026020009,2026,NJD,PHI,HOME,20261001,line,5on5,655.0,1.0,0.7879,0.75,0.8,8.984,0.832,0.914,1.592,0.02,4.768,3.873,0.717,0.782,0.676,8.0,4.0,6.0,18.0,0.0,0.0,0.0,5.0,0.0,5.0,2.0,8.0,12.0,0.0,0.0,12.0,4.0,1.0,5.0,7.0,5.0,0.0,0.174,0.658,0.0,0.0,0.0,0.0,16.91,12.0,11.326,1.0,0.191,0.0,0.0,1.023,0.962,0.835,2.257,0.224,0.243,0.363,0.007,1.131,1.031,0.22,0.242,0.237,3.0,0.0,3.0,6.0,0.0,0.0,0.0,0.0,0.0,1.0,2.0,3.0,3.0,1.0,2.0,7.0,5.0,0.0,6.0,2.0,1.0,0.0,0.092,0.133,0.0,0.0,0.0,0.0,6.334,3.0,3.161,5.0,0.052,0.0,0.0,0.277,0.298,0.292
847841484785428482146,Evangelista-Rodrigues-Meier,2026020009,2026,NJD,PHI,HOME,20261001,line,5on5,43.0,9.0,0.0,0.0,0.0,0.0,0.0,0.0,0.0,0.0,0.0,0.0,0.0,0.0,0.0,0.0,0.0,0.0,0.0,0.0,0.0,0.0,0.0,0.0,0.0,0.0,0.0,0.0,1.0,2.0,0.0,0.0,0.0,0.0,0.0,0.0,0.0,0.0,0.0,0.0,0.0,0.0,0.0,0.0,0.0,0.0,0.0,0.0,0.0,0.0,0.0,0.0,0.0,1.416,0.047,0.13,0.367,0.002,0.725,0.729,0.047,0.052,0.052,2.0,0.0,0.0,2.0,1.0,0.0,0.0,1.0,0.0,0.0,0.0,1.0,1.0,0.0,0.0,0.0,0.0,0.0,0.0,2.0,0.0,0.0,0.047,0.0,0.0,1.0,0.0,0.0,2.206,2.0,2.201,0.0,0.025,0.0,0.0,0.072,0.079,0.079
847647484799968483695,Lombardi-Glass-Noesen,2026020009,2026,NJD,PHI,HOME,20261001,line,5on5,269.0,4.0,0.1951,0.4286,0.4286,2.109,0.048,0.209,0.497,0.007,1.144,1.095,0.047,0.044,0.044,2.0,1.0,0.0,3.0,0.0,0.0,0.0,1.0,0.0,2.0,0.0,2.0,3.0,0.0,0.0,2.0,4.0,0.0,1.0,3.0,0.0,0.0,0.048,0.0,0.0,0.0,0.0,0.0,2.745,3.0,2.749,0.0,0.041,0.0,0.0,0.089,0.082,0.081,2.801,0.198,0.276,0.543,0.007,1.532,1.444,0.197,0.211,0.21,4.0,0.0,0.0,4.0,0.0,0.0,0.0,0.0,0.0,2.0,2.0,4.0,4.0,1.0,2.0,2.0,3.0,0.0,2.0,3.0,1.0,0.0,0.099,0.099,0.0,0.0,0.0,0.0,4.199,4.0,4.192,1.0,0.054,0.0,0.0,0.252,0.269,0.268
847999684815598483695,Glass-Hughes-Lombardi,2026020009,2026,NJD,PHI,HOME,20261001,line,5on5,26.0,14.0,1.0,1.0,1.0,0.919,0.072,0.145,0.09,0.003,0.307,0.384,0.072,0.069,0.069,1.0,0.0,0.0,1.0,0.0,0.0,0.0,0.0,0.0,0.0,1.0,1.0,1.0,0.0,0.0,0.0,0.0,0.0,0.0,1.0,0.0,0.0,0.072,0.0,0.0,0.0,0.0,0.0,0.97,1.0,0.971,0.0,0.03,0.0,0.0,0.102,0.097,0.097,0.0,0.0,0.0,0.0,0.0,0.0,0.0,0.0,0.0,0.0,0.0,0.0,0.0,0.0,0.0,0.0,0.0,0.0,0.0,0.0,0.0,0.0,0.0,0.0,0.0,0.0,0.0,0.0,0.0,0.0,0.0,0.0,0.0,0.0,0.0,0.0,0.0,0.0,0.0,0.0,0.0,0.0,0.0,0.0,0.0,0.0,0.0,0.0
84774888482684,Hughes-Pesce,2026020009,2026,NJD,PHI,HOME,20261001,pairing,5on5,846.0,2.0,0.8177,0.8571,0.7778,9.868,0.87,0.948,2.065,0.026,4.93,5.161,0.777,0.81,0.725,9.0,5.0,10.0,24.0,1.0,0.0,0.0,2.0,0.0,7.0,4.0,8.0,13.0,1.0,2.0,10.0,3.0,3.0,7.0,10.0,4.0,0.0,0.363,0.507,0.0,0.0,1.0,0.0,22.345,14.0,12.994,4.0,0.192,0.0,0.0,1.062,0.988,0.886,2.843,0.194,0.301,0.426,0.016,1.688,1.374,0.194,0.213,0.213,2.0,2.0,0.0,4.0,0.0,0.0,0.0,1.0,0.0,1.0,2.0,2.0,4.0,1.0,2.0,9.0,12.0,2.0,7.0,3.0,1.0,0.0,0.055,0.139,0.0,0.0,0.0,0.0,4.412,4.0,4.402,4.0,0.063,0.0,0.0,0.257,0.282,0.282
847751184785428479407,Bratt-Rodrigues-Mantha,2026020009,2026,NJD,PHI,HOME,20261001,line,5on5,10.0,28.0,0.0,0.0,0.0,0.0,0.0,0.0,0.0,0.0,0.0,0.0,0.0,0.0,0.0,0.0,0.0,0.0,0.0,0.0,0.0,0.0,0.0,0.0,0.0,0.0,0.0,0.0,0.0,0.0,0.0,0.0,0.0,0.0,0.0,0.0,0.0,0.0,0.0,0.0,0.0,0.0,0.0,0.0,0.0,0.0,0.0,0.0,0.0,0.0,0.0,0.0,0.0,0.0,0.0,0.0,0.0,0.0,0.0,0.0,0.0,0.0,0.0,0.0,0.0,0.0,0.0,0.0,0.0,0.0,0.0,0.0,0.0,0.0,0.0,0.0,0.0,0.0,0.0,0.0,0.0,1.0,0.0,0.0,0.0,0.0,0.0,0.0,0.0,0.0,0.0,0.0,0.0,0.0,0.0,0.0,0.0,0.0,0.0,0.0,0.0
847999684821108483695,Lombardi-Glass-Mercer,2026020009,2026,NJD,PHI,HOME,20261001,line,5on5,39.0,11.0,1.0,1.0,1.0,0.712,0.019,0.054,0.196,0.001,0.335,0.395,0.019,0.018,0.018,1.0,0.0,0.0,1.0,0.0,0.0,0.0,0.0,0.0,0.0,1.0,1.0,1.0,0.0,0.0,0.0,1.0,0.0,0.0,1.0,0.0,0.0,0.019,0.0,0.0,0.0,0.0,0.0,0.97,1.0,0.971,0.0,0.01,0.0,0.0,0.029,0.028,0.028,0.0,0.0,0.0,0.0,0.0,0.0,0.0,0.0,0.0,0.0,0.0,0.0,0.0,0.0,0.0,0.0,0.0,0.0,0.0,0.0,0.0,0.0,0.0,0.0,0.0,1.0,0.0,0.0,0.0,0.0,0.0,0.0,0.0,0.0,0.0,0.0,0.0,0.0,0.0,0.0,0.0,0.0,0.0,0.0,0.0,0.0,0.0,0.0
847940784815598482146,Bratt-Hughes-Evangelista,2026020009,2026,NJD,PHI,HOME,20261001,line,5on5,22.0,19.0,1.0,1.0,1.0,0.677,0.073,0.074,0.134,0.004,0.345,0.37,0.073,0.067,0.067,0.0,1.0,0.0,1.0,0.0,0.0,0.0,0.0,0.0,0.0,1.0,0.0,1.0,0.0,0.0,0.0,0.0,0.0,0.0,1.0,0.0,0.0,0.073,0.0,0.0,0.0,0.0,0.0,0.915,1.0,0.916,0.0,0.014,0.0,0.0,0.087,0.08,0.08,0.0,0.0,0.0,0.0,0.0,0.0,0.0,0.0,0.0,0.0,0.0,0.0,0.0,0.0,0.0,0.0,0.0,0.0,0.0,0.0,0.0,0.0,0.0,0.0,0.0,0.0,0.0,0.0,0.0,0.0,0.0,0.0,0.0,0.0,0.0,0.0,0.0,0.0,0.0,0.0,0.0,0.0,0.0,0.0,0.0,0.0,0.0,0.0
847841484815598482146,Evangelista-Hughes-Meier,2026020009,2026,NJD,PHI,HOME,20261001,line,5on5,24.0,17.0,1.0,1.0,1.0,0.767,0.006,0.051,0.152,0.002,0.348,0.441,0.006,0.006,0.006,1.0,0.0,1.0,2.0,0.0,0.0,0.0,0.0,0.0,1.0,0.0,1.0,1.0,0.0,0.0,0.0,0.0,0.0,0.0,1.0,0.0,0.0,0.006,0.0,0.0,0.0,0.0,0.0,1.885,1.0,0.971,0.0,0.01,0.0,0.0,0.016,0.015,0.015,0.0,0.0,0.0,0.0,0.0,0.0,0.0,0.0,0.0,0.0,0.0,0.0,0.0,0.0,0.0,0.0,0.0,0.0,0.0,0.0,0.0,0.0,0.0,1.0,2.0,0.0,0.0,0.0,0.0,0.0,0.0,0.0,0.0,0.0,0.0,0.0,0.0,0.0,0.0,0.0,0.0,0.0,0.0,0.0,0.0,0.0,0.0,0.0
847940784800028482146,Bratt-Hischier-Evangelista,2026020009,2026,NJD,PHI,HOME,20261001,line,5on5,11.0,27.0,0.0,0.0,0.0,0.0,0.0,0.0,0.0,0.0,0.0,0.0,0.0,0.0,0.0,0.0,0.0,0.0,0.0,0.0,0.0,0.0,0.0,0.0,0.0,0.0,0.0,0.0,0.0,0.0,0.0,0.0,1.0,0.0,0.0,0.0,0.0,0.0,0.0,0.0,0.0,0.0,0.0,0.0,0.0,0.0,0.0,0.0,0.0,0.0,0.0,0.0,0.0,0.0,0.0,0.0,0.0,0.0,0.0,0.0,0.0,0.0,0.0,0.0,0.0,1.0,1.0,0.0,0.0,0.0,0.0,0.0,0.0,0.0,0.0,0.0,0.0,0.0,0.0,0.0,0.0,0.0,0.0,0.0,0.0,0.0,0.0,0.0,0.0,0.0,0.0,1.032,0.0,0.0,0.0,0.0,0.0,0.0,0.0,0.0,0.0
848155984817218482110,Mercer-Hughes-Gritsyuk,2026020009,2026,NJD,PHI,HOME,20261001,line,5on5,101.0,5.0,1.0,1.0,1.0,1.341,0.024,0.118,0.392,0.005,0.631,0.831,0.024,0.022,0.022,0.0,2.0,3.0,5.0,0.0,0.0,0.0,0.0,0.0,1.0,1.0,0.0,2.0,0.0,0.0,0.0,0.0,0.0,0.0,2.0,0.0,0.0,0.024,0.0,0.0,0.0,0.0,0.0,4.63,2.0,1.833,0.0,0.024,0.0,0.0,0.048,0.044,0.044,0.0,0.0,0.0,0.0,0.0,0.0,0.0,0.0,0.0,0.0,0.0,0.0,0.0,0.0,0.0,0.0,0.0,0.0,0.0,0.0,0.0,0.0,0.0,0.0,0.0,0.0,1.0,0.0,1.0,0.0,0.0,0.0,0.0,0.0,0.0,0.0,0.0,0.0,0.0,0.0,0.0,0.0,0.0,0.0,0.0,0.0,0.0,0.0
84764628477488,Hamilton-Pesce,2026020009,2026,NJD,PHI,HOME,20261001,pairing,5on5,62.0,5.0,0.8654,0.5,0.5,0.799,0.045,0.058,0.165,0.002,0.317,0.414,0.045,0.043,0.043,1.0,0.0,0.0,1.0,0.0,0.0,0.0,0.0,0.0,0.0,1.0,1.0,1.0,0.0,0.0,0.0,0.0,0.0,0.0,1.0,0.0,0.0,0.045,0.0,0.0,0.0,0.0,0.0,0.97,1.0,0.971,0.0,0.012,0.0,0.0,0.057,0.054,0.054,0.671,0.007,0.044,0.163,0.001,0.358,0.426,0.007,0.008,0.008,1.0,0.0,0.0,1.0,0.0,0.0,0.0,0.0,0.0,0.0,1.0,1.0,1.0,0.0,0.0,0.0,1.0,0.0,0.0,1.0,0.0,0.0,0.007,0.0,0.0,0.0,0.0,0.0,1.103,1.0,1.1,0.0,0.009,0.0,0.0,0.015,0.017,0.017
847751184815598482146,Evangelista-Hughes-Mantha,2026020009,2026,NJD,PHI,HOME,20261001,line,5on5,21.0,21.0,0.0,0.0,0.0,0.0,0.0,0.0,0.0,0.0,0.0,0.0,0.0,0.0,0.0,0.0,0.0,0.0,0.0,0.0,0.0,0.0,0.0,0.0,0.0,0.0,0.0,0.0,0.0,0.0,0.0,0.0,0.0,0.0,0.0,0.0,0.0,0.0,0.0,0.0,0.0,0.0,0.0,0.0,0.0,0.0,0.0,0.0,0.0,0.0,0.0,0.0,0.0,0.0,0.0,0.0,0.0,0.0,0.0,0.0,0.0,0.0,0.0,0.0,0.0,1.0,1.0,0.0,0.0,0.0,0.0,0.0,0.0,0.0,0.0,0.0,0.0,0.0,0.0,0.0,0.0,0.0,0.0,0.0,0.0,0.0,0.0,0.0,0.0,0.0,0.0,1.103,0.0,0.0,0.0,0.0,0.0,0.0,0.0,0.0,0.0
84783998480990,Siegenthaler-Chisholm,2026020009,2026,NJD,PHI,HOME,20261001,pairing,5on5,34.0,9.0,1.0,1.0,1.0,0.717,0.011,0.067,0.213,0.002,0.354,0.353,0.011,0.01,0.01,1.0,0.0,0.0,1.0,0.0,0.0,0.0,1.0,0.0,0.0,0.0,1.0,1.0,0.0,0.0,0.0,1.0,0.0,0.0,1.0,0.0,0.0,0.011,0.0,0.0,0.0,0.0,0.0,0.915,1.0,0.916,0.0,0.013,0.0,0.0,0.024,0.022,0.022,0.0,0.0,0.0,0.0,0.0,0.0,0.0,0.0,0.0,0.0,0.0,0.0,0.0,0.0,0.0,0.0,0.0,0.0,0.0,0.0,0.0,0.0,0.0,0.0,0.0,0.0,0.0,0.0,0.0,0.0,0.0,0.0,0.0,0.0,0.0,0.0,0.0,0.0,0.0,0.0,0.0,0.0,0.0,0.0,0.0,0.0,0.0,0.0
847854284817218482146,Gritsyuk-Rodrigues-Evangelista,2026020009,2026,NJD,PHI,HOME,20261001,line,5on5,23.0,18.0,1.0,1.0,1.0,0.672,0.044,0.073,0.153,0.003,0.277,0.45,0.044,0.04,0.04,1.0,0.0,0.0,1.0,0.0,0.0,0.0,0.0,0.0,0.0,1.0,1.0,1.0,0.0,0.0,0.0,0.0,0.0,0.0,1.0,0.0,0.0,0.044,0.0,0.0,0.0,0.0,0.0,0.915,1.0,0.916,0.0,0.015,0.0,0.0,0.058,0.054,0.054,0.0,0.0,0.0,0.0,0.0,0.0,0.0,0.0,0.0,0.0,0.0,0.0,0.0,0.0,0.0,0.0,0.0,0.0,0.0,0.0,0.0,0.0,0.0,0.0,0.0,0.0,0.0,0.0,0.0,0.0,0.0,0.0,0.0,0.0,0.0,0.0,0.0,0.0,0.0,0.0,0.0,0.0,0.0,0.0,0.0,0.0,0.0,0.0
847940784815598481721,Bratt-Hughes-Gritsyuk,2026020009,2026,NJD,PHI,HOME,20261001,line,5on5,28.0,13.0,1.0,1.0,1.0,0.712,0.068,0.094,0.061,0.002,0.362,0.413,0.068,0.065,0.065,0.0,1.0,0.0,1.0,0.0,0.0,0.0,0.0,0.0,0.0,1.0,0.0,1.0,0.0,0.0,0.0,0.0,0.0,0.0,1.0,0.0,0.0,0.068,0.0,0.0,0.0,0.0,0.0,0.97,1.0,0.971,0.0,0.021,0.0,0.0,0.089,0.085,0.085,0.0,0.0,0.0,0.0,0.0,0.0,0.0,0.0,0.0,0.0,0.0,0.0,0.0,0.0,0.0,0.0,0.0,0.0,0.0,0.0,0.0,0.0,0.0,0.0,0.0,0.0,0.0,0.0,2.0,0.0,0.0,0.0,0.0,0.0,0.0,0.0,0.0,0.0,0.0,0.0,0.0,1.0,0.0,0.0,0.0,0.0,0.0,0.0
84809908482684,Hughes-Chisholm,2026020009,2026,NJD,PHI,HOME,20261001,pairing,5on5,60.0,6.0,1.0,1.0,1.0,0.919,0.072,0.145,0.09,0.003,0.307,0.384,0.072,0.069,0.069,1.0,0.0,1.0,2.0,0.0,0.0,0.0,0.0,0.0,0.0,1.0,1.0,1.0,0.0,0.0,0.0,0.0,0.0,0.0,1.0,0.0,0.0,0.072,0.0,0.0,0.0,0.0,0.0,1.94,1.0,0.971,0.0,0.03,0.0,0.0,0.102,0.097,0.097,0.0,0.0,0.0,0.0,0.0,0.0,0.0,0.0,0.0,0.0,0.0,0.0,0.0,0.0,0.0,0.0,0.0,0.0,0.0,0.0,0.0,0.0,0.0,0.0,0.0,0.0,0.0,0.0,0.0,0.0,0.0,0.0,0.0,0.0,0.0,0.0,0.0,0.0,0.0,0.0,0.0,0.0,0.0,0.0,0.0,0.0,0.0,0.0
847841484800028482110,Mercer-Hischier-Meier,2026020009,2026,NJD,PHI,HOME,20261001,line,5on5,12.0,24.0,1.0,1.0,1.0,0.774,0.02,0.054,0.17,0.001,0.277,0.479,0.02,0.019,0.019,0.0,1.0,0.0,1.0,0.0,0.0,0.0,0.0,0.0,0.0,1.0,0.0,1.0,0.0,0.0,0.0,0.0,0.0,0.0,1.0,0.0,0.0,0.02,0.0,0.0,0.0,0.0,0.0,0.97,1.0,0.971,0.0,0.011,0.0,0.0,0.031,0.03,0.03,0.0,0.0,0.0,0.0,0.0,0.0,0.0,0.0,0.0,0.0,0.0,0.0,0.0,0.0,0.0,0.0,0.0,0.0,0.0,0.0,0.0,0.0,0.0,0.0,0.0,0.0,0.0,0.0,0.0,0.0,0.0,0.0,0.0,0.0,0.0,0.0,0.0,0.0,0.0,0.0,0.0,0.0,0.0,0.0,0.0,0.0,0.0,0.0
847841484785428481721,Gritsyuk-Rodrigues-Meier,2026020009,2026,NJD,PHI,HOME,20261001,line,5on5,33.0,12.0,0.0,0.0,0.0,0.0,0.0,0.0,0.0,0.0,0.0,0.0,0.0,0.0,0.0,0.0,0.0,0.0,0.0,0.0,0.0,0.0,0.0,0.0,0.0,0.0,0.0,0.0,0.0,0.0,0.0,0.0,0.0,0.0,0.0,0.0,0.0,0.0,0.0,0.0,0.0,0.0,0.0,0.0,0.0,0.0,0.0,0.0,0.0,0.0,0.0,0.0,0.0,0.0,0.0,0.0,0.0,0.0,0.0,0.0,0.0,0.0,0.0,0.0,0.0,0.0,0.0,0.0,0.0,0.0,0.0,0.0,0.0,0.0,0.0,0.0,0.0,0.0,0.0,1.0,0.0,0.0,0.0,0.0,0.0,0.0,0.0,0.0,0.0,0.0,0.0,0.0,0.0,0.0,0.0,0.0,0.0,0.0,0.0,0.0,0.0
84764628478399,Siegenthaler-Hamilton,2026020009,2026,NJD,PHI,HOME,20261001,pairing,5on5,885.0,1.0,0.7878,0.65,0.7037,14.602,1.296,1.331,2.702,0.043,7.078,6.55,1.265,1.216,1.186,13.0,6.0,7.0,26.0,1.0,1.0,0.0,5.0,0.0,6.0,6.0,12.0,18.0,0.0,0.0,9.0,8.0,2.0,5.0,14.0,3.0,2.0,0.345,0.434,0.517,1.0,0.0,0.0,24.725,19.0,18.124,2.0,0.277,0.223,0.223,1.35,1.272,1.24,6.02,0.349,0.558,1.111,0.014,3.236,2.733,0.345,0.374,0.37,7.0,1.0,6.0,14.0,1.0,0.0,0.0,2.0,0.0,3.0,2.0,6.0,7.0,2.0,4.0,13.0,4.0,0.0,8.0,6.0,2.0,0.0,0.117,0.232,0.0,1.0,0.0,0.0,14.661,8.0,8.384,5.0,0.117,0.0,0.0,0.465,0.498,0.493
847647484784148479996,Noesen-Glass-Meier,2026020009,2026,NJD,PHI,HOME,20261001,line,5on5,12.0,25.0,0.0,0.0,0.0,0.0,0.0,0.0,0.0,0.0,0.0,0.0,0.0,0.0,0.0,0.0,0.0,0.0,0.0,0.0,0.0,0.0,0.0,0.0,0.0,0.0,0.0,0.0,0.0,0.0,0.0,1.0,0.0,0.0,0.0,0.0,0.0,0.0,0.0,0.0,0.0,0.0,0.0,0.0,0.0,0.0,0.0,0.0,0.0,0.0,0.0,0.0,0.0,0.797,0.006,0.057,0.138,0.001,0.382,0.416,0.006,0.006,0.006,0.0,1.0,0.0,1.0,0.0,0.0,0.0,1.0,0.0,0.0,0.0,0.0,1.0,0.0,0.0,0.0,0.0,0.0,0.0,1.0,0.0,0.0,0.006,0.0,0.0,0.0,0.0,0.0,1.032,1.0,1.03,0.0,0.012,0.0,0.0,0.018,0.019,0.019
84754558480990,Dillon-Chisholm,2026020009,2026,NJD,PHI,HOME,20261001,pairing,5on5,762.0,3.0,0.4932,0.5,0.5,4.916,0.288,0.489,0.99,0.017,2.59,2.626,0.288,0.27,0.269,4.0,3.0,4.0,11.0,0.0,0.0,0.0,2.0,0.0,3.0,2.0,4.0,7.0,0.0,0.0,6.0,3.0,0.0,4.0,5.0,2.0,0.0,0.084,0.204,0.0,0.0,0.0,0.0,10.285,7.0,6.579,1.0,0.1,0.0,0.0,0.388,0.363,0.362,4.626,0.296,0.525,0.873,0.011,2.416,2.878,0.29,0.318,0.312,6.0,1.0,4.0,11.0,0.0,0.0,0.0,1.0,0.0,3.0,3.0,6.0,7.0,1.0,2.0,2.0,5.0,0.0,5.0,7.0,0.0,0.0,0.296,0.0,0.0,0.0,0.0,0.0,11.707,7.0,7.423,2.0,0.104,0.0,0.0,0.4,0.429,0.422
847653984795258482145,Colton-Bourque-Marchessault,2026020012,2026,NSH,MIN,HOME,20261001,line,5on5,458.0,1.0,0.3679,0.5833,0.5,3.088,0.103,0.461,0.499,0.008,1.43,1.498,0.103,0.096,0.095,1.0,3.0,3.0,7.0,0.0,1.0,0.0,0.0,0.0,2.0,1.0,1.0,4.0,1.0,2.0,2.0,6.0,0.0,2.0,4.0,0.0,0.0,0.103,0.0,0.0,0.0,0.0,0.0,6.328,4.0,3.662,0.0,0.098,0.02,0.02,0.182,0.167,0.166,2.932,0.177,0.268,0.572,0.012,1.398,1.573,0.177,0.196,0.196,1.0,3.0,1.0,5.0,0.0,0.0,0.0,1.0,0.0,2.0,1.0,1.0,4.0,0.0,0.0,2.0,8.0,0.0,1.0,4.0,0.0,0.0,0.177,0.0,0.0,0.0,0.0,0.0,5.668,4.0,4.493,1.0,0.055,0.0,0.0,0.232,0.256,0.256
84799808482715,Hague-Ufko,2026020012,2026,NSH,MIN,HOME,20261001,pairing,5on5,75.0,5.0,0.5538,0.5,0.5,0.765,0.036,0.066,0.164,0.006,0.432,0.296,0.036,0.032,0.032,1.0,0.0,0.0,1.0,0.0,0.0,0.0,0.0,0.0,1.0,0.0,1.0,1.0,0.0,0.0,1.0,1.0,0.0,0.0,1.0,0.0,0.0,0.036,0.0,0.0,0.0,0.0,0.0,0.882,1.0,0.887,0.0,0.013,0.0,0.0,0.049,0.044,0.044,0.448,0.029,0.055,0.086,0.003,0.328,0.499,0.029,0.032,0.032,1.0,0.0,0.0,1.0,0.0,0.0,0.0,1.0,0.0,0.0,0.0,1.0,1.0,0.0,0.0,0.0,0.0,0.0,0.0,1.0,0.0,0.0,0.029,0.0,0.0,0.0,0.0,0.0,1.154,1.0,1.146,0.0,0.011,0.0,0.0,0.04,0.045,0.045
847456484751588482145,Bourque-O'Reilly-Stamkos,2026020012,2026,NSH,MIN,HOME,20261001,line,5on5,41.0,15.0,0.0,0.0,0.0,0.0,0.0,0.0,0.0,0.0,0.0,0.0,0.0,0.0,0.0,0.0,0.0,0.0,0.0,0.0,0.0,0.0,0.0,0.0,0.0,0.0,0.0,0.0,0.0,0.0,0.0,0.0,0.0,0.0,0.0,0.0,0.0,0.0,0.0,0.0,0.0,0.0,0.0,0.0,0.0,0.0,0.0,0.0,0.0,0.0,0.0,0.0,0.0,0.0,0.0,0.0,0.0,0.0,0.0,0.0,0.0,0.0,0.0,0.0,0.0,0.0,0.0,0.0,0.0,0.0,0.0,0.0,0.0,0.0,0.0,0.0,0.0,0.0,0.0,1.0,0.0,1.0,0.0,0.0,0.0,0.0,0.0,0.0,0.0,0.0,0.0,0.0,0.0,0.0,0.0,0.0,0.0,0.0,0.0,0.0,0.0
847456484795258482145,Colton-Bourque-Stamkos,2026020012,2026,NSH,MIN,HOME,20261001,line,5on5,27.0,19.0,0.0,0.0,0.0,0.0,0.0,0.0,0.0,0.0,0.0,0.0,0.0,0.0,0.0,0.0,0.0,0.0,0.0,0.0,0.0,0.0,0.0,0.0,0.0,0.0,0.0,0.0,0.0,0.0,0.0,0.0,0.0,1.0,0.0,0.0,0.0,0.0,0.0,0.0,0.0,0.0,0.0,0.0,0.0,0.0,1.0,0.0,0.0,0.0,0.0,0.0,0.0,0.0,0.0,0.0,0.0,0.0,0.0,0.0,0.0,0.0,0.0,0.0,0.0,0.0,0.0,0.0,0.0,0.0,0.0,0.0,0.0,0.0,0.0,0.0,0.0,0.0,0.0,0.0,0.0,0.0,0.0,0.0,0.0,0.0,0.0,0.0,0.0,0.0,0.0,0.0,0.0,0.0,0.0,0.0,0.0,0.0,0.0,0.0,0.0
847653984795258484241,Colton-Wood-Marchessault,2026020012,2026,NSH,MIN,HOME,20261001,line,5on5,18.0,23.0,0.0,0.0,0.0,0.0,0.0,0.0,0.0,0.0,0.0,0.0,0.0,0.0,0.0,0.0,0.0,0.0,0.0,0.0,0.0,0.0,0.0,0.0,0.0,0.0,0.0,0.0,0.0,0.0,0.0,0.0,0.0,0.0,0.0,0.0,0.0,0.0,0.0,0.0,0.0,0.0,0.0,0.0,0.0,0.0,0.0,0.0,0.0,0.0,0.0,0.0,0.0,0.748,0.009,0.065,0.127,0.001,0.339,0.459,0.009,0.01,0.01,0.0,1.0,0.0,1.0,0.0,0.0,0.0,0.0,0.0,1.0,0.0,0.0,1.0,0.0,0.0,0.0,0.0,0.0,0.0,1.0,0.0,0.0,0.009,0.0,0.0,0.0,0.0,0.0,1.154,1.0,1.146,0.0,0.014,0.0,0.0,0.022,0.025,0.025
847653984770218482145,Kerfoot-Bourque-Marchessault,2026020012,2026,NSH,MIN,HOME,20261001,line,5on5,53.0,11.0,0.0,0.0,0.0,0.0,0.0,0.0,0.0,0.0,0.0,0.0,0.0,0.0,0.0,0.0,0.0,0.0,0.0,0.0,0.0,0.0,0.0,0.0,0.0,0.0,0.0,0.0,0.0,0.0,0.0,0.0,1.0,0.0,0.0,0.0,0.0,0.0,0.0,0.0,0.0,0.0,0.0,0.0,0.0,0.0,0.0,0.0,0.0,0.0,0.0,0.0,0.0,0.0,0.0,0.0,0.0,0.0,0.0,0.0,0.0,0.0,0.0,0.0,0.0,1.0,1.0,0.0,0.0,0.0,0.0,0.0,0.0,0.0,0.0,0.0,0.0,0.0,0.0,0.0,0.0,0.0,0.0,0.0,0.0,0.0,0.0,0.0,0.0,0.0,0.0,1.154,0.0,0.0,0.0,0.0,0.0,0.0,0.0,0.0,0.0
847456484768878482145,Forsberg-Bourque-Stamkos,2026020012,2026,NSH,MIN,HOME,20261001,line,5on5,43.0,13.0,0.0,1.0,0.0,0.0,0.0,0.0,0.0,0.0,0.0,0.0,0.0,0.0,0.0,0.0,0.0,1.0,1.0,0.0,0.0,0.0,0.0,0.0,0.0,0.0,0.0,0.0,0.0,0.0,0.0,0.0,0.0,0.0,0.0,0.0,0.0,0.0,0.0,0.0,0.0,0.0,0.0,0.882,0.0,0.0,0.0,0.0,0.0,0.0,0.0,0.0,0.0,0.0,0.0,0.0,0.0,0.0,0.0,0.0,0.0,0.0,0.0,0.0,0.0,0.0,0.0,0.0,0.0,0.0,0.0,0.0,0.0,0.0,0.0,0.0,0.0,0.0,0.0,1.0,0.0,1.0,0.0,0.0,0.0,0.0,0.0,0.0,0.0,0.0,0.0,0.0,0.0,0.0,0.0,0.0,0.0,0.0,0.0,0.0,0.0
847653984768878482145,Forsberg-Bourque-Marchessault,2026020012,2026,NSH,MIN,HOME,20261001,line,5on5,65.0,9.0,0.1184,0.3333,0.5,0.765,0.036,0.066,0.164,0.006,0.432,0.296,0.036,0.032,0.032,1.0,0.0,0.0,1.0,0.0,0.0,0.0,0.0,0.0,1.0,0.0,1.0,1.0,0.0,0.0,1.0,1.0,0.0,1.0,1.0,0.0,0.0,0.036,0.0,0.0,0.0,0.0,0.0,0.882,1.0,0.887,0.0,0.013,0.0,0.0,0.049,0.044,0.044,0.827,0.268,0.078,0.077,0.002,0.311,0.263,0.268,0.299,0.299,0.0,1.0,1.0,2.0,0.0,0.0,0.0,0.0,0.0,0.0,1.0,0.0,1.0,0.0,0.0,0.0,0.0,0.0,0.0,0.0,0.0,1.0,0.0,0.0,0.268,0.0,0.0,0.0,2.308,1.0,1.146,0.0,0.017,0.0,0.0,0.285,0.318,0.318
84746008482482,Josi-Wilsby,2026020012,2026,NSH,MIN,HOME,20261001,pairing,5on5,26.0,11.0,0.0,0.0,0.0,0.0,0.0,0.0,0.0,0.0,0.0,0.0,0.0,0.0,0.0,0.0,0.0,0.0,0.0,0.0,0.0,0.0,0.0,0.0,0.0,0.0,0.0,0.0,0.0,0.0,0.0,0.0,0.0,1.0,0.0,0.0,0.0,0.0,0.0,0.0,0.0,0.0,0.0,0.0,0.0,0.0,0.0,0.0,0.0,0.0,0.0,0.0,0.0,0.0,0.0,0.0,0.0,0.0,0.0,0.0,0.0,0.0,0.0,0.0,0.0,0.0,0.0,0.0,0.0,0.0,0.0,0.0,0.0,0.0,0.0,0.0,0.0,0.0,0.0,0.0,0.0,0.0,0.0,0.0,0.0,0.0,0.0,0.0,0.0,0.0,0.0,0.0,0.0,0.0,0.0,0.0,0.0,0.0,0.0,0.0,0.0
847515884765398481726,Edstrom-O'Reilly-Marchessault,2026020012,2026,NSH,MIN,HOME,20261001,line,5on5,16.0,24.0,0.0,0.0,0.0,0.0,0.0,0.0,0.0,0.0,0.0,0.0,0.0,0.0,0.0,0.0,0.0,0.0,0.0,0.0,0.0,0.0,0.0,0.0,0.0,0.0,0.0,0.0,0.0,0.0,0.0,0.0,0.0,0.0,0.0,0.0,0.0,0.0,0.0,0.0,0.0,0.0,0.0,0.0,0.0,0.0,0.0,0.0,0.0,0.0,0.0,0.0,0.0,0.0,0.0,0.0,0.0,0.0,0.0,0.0,0.0,0.0,0.0,0.0,0.0,0.0,0.0,0.0,0.0,0.0,0.0,0.0,0.0,0.0,0.0,0.0,0.0,0.0,0.0,1.0,0.0,0.0,0.0,0.0,0.0,0.0,0.0,0.0,0.0,0.0,0.0,0.0,0.0,0.0,0.0,0.0,0.0,0.0,0.0,0.0,0.0
848083584817268483513,Schaefer-Drury-Edstrom,2026020012,2026,NSH,MIN,HOME,20261001,line,5on5,450.0,2.0,0.3267,0.2857,0.3636,2.866,0.214,0.3,0.386,0.006,1.586,1.508,0.213,0.199,0.198,2.0,2.0,0.0,4.0,0.0,0.0,0.0,1.0,0.0,2.0,1.0,2.0,4.0,1.0,2.0,5.0,4.0,0.0,0.0,3.0,1.0,0.0,0.113,0.101,0.0,0.0,0.0,0.0,3.704,4.0,3.717,0.0,0.064,0.0,0.0,0.278,0.258,0.258,5.08,0.441,0.586,0.9,0.013,2.428,2.631,0.428,0.483,0.469,2.0,5.0,3.0,10.0,0.0,0.0,0.0,1.0,0.0,4.0,2.0,2.0,7.0,2.0,4.0,5.0,5.0,1.0,1.0,4.0,3.0,0.0,0.104,0.338,0.0,0.0,0.0,0.0,11.01,7.0,7.678,1.0,0.122,0.0,0.0,0.564,0.617,0.596
847688784815358484241,Hoglander-Wood-Forsberg,2026020012,2026,NSH,MIN,HOME,20261001,line,5on5,288.0,3.0,0.5072,0.75,0.6667,2.865,0.14,0.246,0.587,0.003,1.201,1.822,0.139,0.127,0.125,0.0,4.0,2.0,6.0,0.0,1.0,0.0,0.0,0.0,1.0,2.0,0.0,4.0,0.0,0.0,1.0,1.0,1.0,3.0,3.0,1.0,0.0,0.055,0.085,0.0,0.0,0.0,0.0,5.38,4.0,3.548,1.0,0.049,0.012,0.012,0.177,0.16,0.158,1.385,0.136,0.152,0.221,0.005,0.672,0.813,0.136,0.152,0.152,1.0,1.0,0.0,2.0,0.0,0.0,0.0,0.0,0.0,1.0,1.0,1.0,2.0,0.0,0.0,3.0,1.0,0.0,2.0,1.0,1.0,0.0,0.031,0.105,0.0,0.0,0.0,0.0,2.308,2.0,2.292,0.0,0.031,0.0,0.0,0.167,0.186,0.186
84768698482715,Skjei-Ufko,2026020012,2026,NSH,MIN,HOME,20261001,pairing,5on5,42.0,9.0,1.0,0.5,1.0,0.895,0.077,0.097,0.089,0.001,0.255,0.482,0.077,0.069,0.069,1.0,0.0,0.0,1.0,0.0,0.0,0.0,0.0,0.0,0.0,1.0,1.0,1.0,0.0,0.0,0.0,0.0,0.0,0.0,1.0,0.0,0.0,0.077,0.0,0.0,0.0,0.0,0.0,0.882,1.0,0.887,0.0,0.022,0.0,0.0,0.098,0.089,0.089,0.0,0.0,0.0,0.0,0.0,0.0,0.0,0.0,0.0,0.0,0.0,0.0,1.0,1.0,0.0,0.0,0.0,0.0,0.0,0.0,0.0,0.0,0.0,0.0,0.0,0.0,0.0,0.0,0.0,0.0,0.0,0.0,0.0,0.0,0.0,0.0,0.0,0.0,1.103,0.0,0.0,0.0,0.0,0.0,0.0,0.0,0.0,0.0
84746008479980,Josi-Hague,2026020012,2026,NSH,MIN,HOME,20261001,pairing,5on5,62.0,6.0,0.0,0.0,0.0,0.0,0.0,0.0,0.0,0.0,0.0,0.0,0.0,0.0,0.0,0.0,0.0,0.0,0.0,0.0,0.0,0.0,0.0,0.0,0.0,0.0,0.0,0.0,0.0,0.0,1.0,1.0,0.0,0.0,0.0,0.0,0.0,0.0,0.0,0.0,0.0,0.0,0.0,0.0,0.0,0.0,0.0,0.0,0.0,0.0,0.0,0.0,0.0,3.253,0.256,0.327,0.571,0.008,1.809,2.029,0.234,0.283,0.258,4.0,1.0,0.0,5.0,1.0,0.0,0.0,0.0,0.0,4.0,0.0,3.0,4.0,0.0,0.0,0.0,1.0,0.0,0.0,4.0,1.0,0.0,0.155,0.102,0.0,0.0,1.0,0.0,5.566,5.0,5.548,0.0,0.066,0.0,0.0,0.322,0.355,0.325
84746008482715,Josi-Ufko,2026020012,2026,NSH,MIN,HOME,20261001,pairing,5on5,596.0,3.0,0.4447,0.5333,0.5,4.573,0.165,0.361,0.749,0.008,2.52,2.196,0.165,0.156,0.155,2.0,4.0,2.0,8.0,0.0,0.0,0.0,0.0,0.0,6.0,0.0,2.0,6.0,0.0,0.0,5.0,7.0,1.0,6.0,5.0,1.0,0.0,0.064,0.101,0.0,0.0,0.0,0.0,7.386,6.0,5.604,2.0,0.077,0.0,0.0,0.242,0.227,0.227,4.332,0.206,0.4,0.892,0.01,2.01,2.481,0.2,0.226,0.22,4.0,2.0,1.0,7.0,0.0,0.0,0.0,1.0,0.0,3.0,2.0,4.0,6.0,1.0,2.0,6.0,6.0,1.0,2.0,5.0,1.0,0.0,0.093,0.114,0.0,0.0,0.0,0.0,7.823,6.0,6.693,1.0,0.081,0.0,0.0,0.287,0.315,0.304
847702184795258482145,Kerfoot-Bourque-Colton,2026020012,2026,NSH,MIN,HOME,20261001,line,5on5,42.0,14.0,0.0,0.0,0.0,0.0,0.0,0.0,0.0,0.0,0.0,0.0,0.0,0.0,0.0,0.0,0.0,0.0,0.0,0.0,0.0,0.0,0.0,0.0,0.0,0.0,0.0,0.0,0.0,0.0,0.0,1.0,0.0,0.0,0.0,0.0,0.0,0.0,0.0,0.0,0.0,0.0,0.0,0.0,0.0,0.0,0.0,0.0,0.0,0.0,0.0,0.0,0.0,0.0,0.0,0.0,0.0,0.0,0.0,0.0,0.0,0.0,0.0,0.0,0.0,0.0,0.0,0.0,0.0,0.0,0.0,0.0,0.0,0.0,0.0,0.0,0.0,0.0,1.0,0.0,0.0,0.0,0.0,0.0,0.0,0.0,0.0,0.0,0.0,0.0,0.0,0.0,0.0,0.0,0.0,0.0,0.0,0.0,0.0,0.0,0.0
847456484751588481535,Hoglander-O'Reilly-Stamkos,2026020012,2026,NSH,MIN,HOME,20261001,line,5on5,49.0,12.0,0.0,0.0,0.0,0.0,0.0,0.0,0.0,0.0,0.0,0.0,0.0,0.0,0.0,0.0,0.0,0.0,0.0,0.0,0.0,0.0,0.0,0.0,0.0,0.0,0.0,0.0,0.0,0.0,0.0,0.0,0.0,0.0,0.0,0.0,0.0,0.0,0.0,0.0,0.0,0.0,0.0,0.0,0.0,0.0,0.0,0.0,0.0,0.0,0.0,0.0,0.0,0.0,0.0,0.0,0.0,0.0,0.0,0.0,0.0,0.0,0.0,0.0,0.0,0.0,0.0,0.0,0.0,0.0,0.0,0.0,0.0,0.0,0.0,0.0,0.0,0.0,2.0,0.0,0.0,0.0,0.0,0.0,0.0,0.0,0.0,0.0,0.0,0.0,0.0,0.0,0.0,0.0,0.0,0.0,0.0,0.0,0.0,0.0,0.0
847688784808358481726,Forsberg-Drury-Edstrom,2026020012,2026,NSH,MIN,HOME,20261001,line,5on5,39.0,16.0,1.0,1.0,1.0,0.754,0.012,0.064,0.15,0.002,0.378,0.396,0.012,0.01,0.01,1.0,0.0,0.0,1.0,0.0,0.0,0.0,0.0,0.0,1.0,0.0,1.0,1.0,0.0,0.0,0.0,0.0,0.0,0.0,1.0,0.0,0.0,0.012,0.0,0.0,0.0,0.0,0.0,0.882,1.0,0.887,0.0,0.013,0.0,0.0,0.025,0.022,0.022,0.0,0.0,0.0,0.0,0.0,0.0,0.0,0.0,0.0,0.0,0.0,0.0,0.0,0.0,0.0,0.0,0.0,0.0,0.0,0.0,0.0,0.0,0.0,1.0,2.0,1.0,0.0,0.0,0.0,0.0,0.0,0.0,0.0,0.0,0.0,0.0,0.0,0.0,0.0,0.0,0.0,0.0,0.0,0.0,0.0,0.0,0.0,0.0
847515884768878481535,Hoglander-O'Reilly-Forsberg,2026020012,2026,NSH,MIN,HOME,20261001,line,5on5,34.0,17.0,0.0,1.0,0.0,0.0,0.0,0.0,0.0,0.0,0.0,0.0,0.0,0.0,0.0,0.0,0.0,1.0,1.0,0.0,0.0,0.0,0.0,0.0,0.0,0.0,0.0,0.0,0.0,0.0,0.0,0.0,0.0,0.0,0.0,0.0,0.0,0.0,0.0,0.0,0.0,0.0,0.0,0.882,0.0,0.0,0.0,0.0,0.0,0.0,0.0,0.0,0.0,0.0,0.0,0.0,0.0,0.0,0.0,0.0,0.0,0.0,0.0,0.0,0.0,0.0,0.0,0.0,0.0,0.0,0.0,0.0,0.0,0.0,0.0,0.0,0.0,0.0,0.0,0.0,0.0,1.0,0.0,0.0,0.0,0.0,0.0,0.0,0.0,0.0,0.0,0.0,0.0,0.0,1.0,0.0,0.0,0.0,0.0,0.0,0.0
847456484751588477021,Kerfoot-O'Reilly-Stamkos,2026020012,2026,NSH,MIN,HOME,20261001,line,5on5,152.0,5.0,1.0,1.0,1.0,3.211,0.135,0.317,0.389,0.006,1.665,1.489,0.132,0.123,0.12,3.0,1.0,0.0,4.0,0.0,1.0,0.0,0.0,0.0,2.0,1.0,3.0,4.0,0.0,0.0,2.0,3.0,1.0,2.0,4.0,0.0,0.0,0.135,0.0,0.0,0.0,0.0,0.0,3.616,4.0,3.633,0.0,0.069,0.044,0.044,0.16,0.145,0.143,0.0,0.0,0.0,0.0,0.0,0.0,0.0,0.0,0.0,0.0,0.0,0.0,0.0,0.0,0.0,0.0,0.0,0.0,0.0,0.0,0.0,0.0,0.0,1.0,2.0,1.0,0.0,0.0,1.0,0.0,0.0,0.0,0.0,0.0,0.0,0.0,0.0,0.0,0.0,0.0,0.0,0.0,0.0,0.0,0.0,0.0,0.0,0.0
847952584815358482145,Hoglander-Bourque-Colton,2026020012,2026,NSH,MIN,HOME,20261001,line,5on5,22.0,21.0,1.0,1.0,1.0,0.705,0.005,0.053,0.168,0.001,0.429,0.345,0.005,0.005,0.005,1.0,0.0,0.0,1.0,0.0,0.0,0.0,1.0,0.0,0.0,0.0,1.0,1.0,0.0,0.0,1.0,0.0,0.0,0.0,1.0,0.0,0.0,0.005,0.0,0.0,0.0,0.0,0.0,0.915,1.0,0.916,0.0,0.01,0.0,0.0,0.015,0.014,0.014,0.0,0.0,0.0,0.0,0.0,0.0,0.0,0.0,0.0,0.0,0.0,0.0,0.0,0.0,0.0,0.0,0.0,0.0,0.0,0.0,0.0,0.0,0.0,0.0,0.0,0.0,0.0,0.0,0.0,0.0,0.0,0.0,0.0,0.0,0.0,0.0,0.0,0.0,0.0,0.0,0.0,0.0,0.0,0.0,0.0,0.0,0.0,0.0
84746008480246,Josi-Perbix,2026020012,2026,NSH,MIN,HOME,20261001,pairing,5on5,47.0,8.0,0.0,0.0,0.0,0.0,0.0,0.0,0.0,0.0,0.0,0.0,0.0,0.0,0.0,0.0,0.0,0.0,0.0,0.0,0.0,0.0,0.0,0.0,0.0,0.0,0.0,0.0,0.0,0.0,0.0,0.0,0.0,0.0,0.0,0.0,0.0,0.0,0.0,0.0,0.0,0.0,0.0,0.0,0.0,0.0,0.0,0.0,0.0,0.0,0.0,0.0,0.0,0.0,0.0,0.0,0.0,0.0,0.0,0.0,0.0,0.0,0.0,0.0,0.0,0.0,0.0,0.0,0.0,0.0,0.0,0.0,0.0,0.0,0.0,0.0,0.0,0.0,0.0,1.0,0.0,0.0,0.0,0.0,0.0,0.0,0.0,0.0,0.0,0.0,0.0,0.0,0.0,0.0,0.0,0.0,0.0,0.0,0.0,0.0,0.0
848172684821458483513,Schaefer-Bourque-Edstrom,2026020012,2026,NSH,MIN,HOME,20261001,line,5on5,22.0,22.0,0.0,0.0,0.0,0.0,0.0,0.0,0.0,0.0,0.0,0.0,0.0,0.0,0.0,0.0,0.0,0.0,0.0,0.0,0.0,0.0,0.0,0.0,0.0,0.0,0.0,0.0,0.0,0.0,0.0,0.0,0.0,0.0,0.0,0.0,0.0,0.0,0.0,0.0,0.0,0.0,0.0,0.0,0.0,0.0,0.0,0.0,0.0,0.0,0.0,0.0,0.0,0.448,0.029,0.055,0.086,0.003,0.328,0.499,0.029,0.032,0.032,1.0,0.0,0.0,1.0,0.0,0.0,0.0,1.0,0.0,0.0,0.0,1.0,1.0,0.0,0.0,0.0,0.0,0.0,0.0,1.0,0.0,0.0,0.029,0.0,0.0,0.0,0.0,0.0,1.154,1.0,1.146,0.0,0.011,0.0,0.0,0.04,0.045,0.045
847653984768878484241,Forsberg-Wood-Marchessault,2026020012,2026,NSH,MIN,HOME,20261001,line,5on5,32.0,18.0,0.0,0.3333,0.0,0.0,0.0,0.0,0.0,0.0,0.0,0.0,0.0,0.0,0.0,0.0,0.0,1.0,1.0,0.0,0.0,0.0,0.0,0.0,0.0,0.0,0.0,0.0,0.0,0.0,0.0,0.0,0.0,0.0,0.0,0.0,0.0,0.0,0.0,0.0,0.0,0.0,0.0,0.97,0.0,0.0,0.0,0.0,0.0,0.0,0.0,0.0,0.0,1.464,0.19,0.134,0.247,0.003,0.561,0.865,0.185,0.206,0.201,2.0,0.0,0.0,2.0,1.0,1.0,1.0,0.0,0.0,0.0,0.0,1.0,1.0,0.0,0.0,0.0,0.0,0.0,0.0,1.0,1.0,0.0,0.028,0.161,0.0,0.0,1.0,0.0,2.135,2.0,2.131,0.0,0.027,0.161,0.161,0.055,0.058,0.058
84802468482715,Perbix-Ufko,2026020012,2026,NSH,MIN,HOME,20261001,pairing,5on5,38.0,10.0,0.0,0.3333,0.0,0.0,0.0,0.0,0.0,0.0,0.0,0.0,0.0,0.0,0.0,0.0,0.0,1.0,1.0,0.0,0.0,0.0,0.0,0.0,0.0,0.0,0.0,0.0,0.0,0.0,0.0,0.0,0.0,0.0,0.0,0.0,0.0,0.0,0.0,0.0,0.0,0.0,0.0,0.97,0.0,0.0,0.0,0.0,0.0,0.0,0.0,0.0,0.0,1.464,0.19,0.134,0.247,0.003,0.561,0.865,0.185,0.206,0.201,2.0,0.0,0.0,2.0,1.0,1.0,1.0,0.0,0.0,0.0,0.0,1.0,1.0,0.0,0.0,0.0,0.0,0.0,0.0,1.0,1.0,0.0,0.028,0.161,0.0,0.0,1.0,0.0,2.135,2.0,2.131,0.0,0.027,0.161,0.161,0.055,0.058,0.058
847456484751588483513,Schaefer-O'Reilly-Stamkos,2026020012,2026,NSH,MIN,HOME,20261001,line,5on5,60.0,10.0,0.0,0.0,0.0,0.0,0.0,0.0,0.0,0.0,0.0,0.0,0.0,0.0,0.0,0.0,0.0,0.0,0.0,0.0,0.0,0.0,0.0,0.0,0.0,0.0,0.0,0.0,0.0,0.0,1.0,1.0,0.0,0.0,0.0,0.0,0.0,0.0,0.0,0.0,0.0,0.0,0.0,0.0,0.0,0.0,0.0,0.0,0.0,0.0,0.0,0.0,0.0,3.253,0.256,0.327,0.571,0.008,1.809,2.029,0.234,0.283,0.258,4.0,1.0,0.0,5.0,1.0,0.0,0.0,0.0,0.0,4.0,0.0,3.0,4.0,0.0,0.0,0.0,1.0,0.0,0.0,4.0,1.0,0.0,0.155,0.102,0.0,0.0,1.0,0.0,5.566,5.0,5.548,0.0,0.066,0.0,0.0,0.322,0.355,0.325
84802468482482,Wilsby-Perbix,2026020012,2026,NSH,MIN,HOME,20261001,pairing,5on5,61.0,7.0,1.0,1.0,1.0,0.754,0.012,0.064,0.15,0.002,0.378,0.396,0.012,0.01,0.01,1.0,0.0,0.0,1.0,0.0,0.0,0.0,0.0,0.0,1.0,0.0,1.0,1.0,0.0,0.0,0.0,0.0,0.0,0.0,1.0,0.0,0.0,0.012,0.0,0.0,0.0,0.0,0.0,0.882,1.0,0.887,0.0,0.013,0.0,0.0,0.025,0.022,0.022,0.0,0.0,0.0,0.0,0.0,0.0,0.0,0.0,0.0,0.0,0.0,0.0,0.0,0.0,0.0,0.0,0.0,0.0,0.0,0.0,0.0,0.0,0.0,1.0,2.0,1.0,0.0,0.0,0.0,0.0,0.0,0.0,0.0,0.0,0.0,0.0,0.0,0.0,0.0,0.0,0.0,0.0,0.0,0.0,0.0,0.0,0.0,0.0
847456484768878484241,Forsberg-Wood-Stamkos,2026020012,2026,NSH,MIN,HOME,20261001,line,5on5,13.0,25.0,0.0,0.0,0.0,0.0,0.0,0.0,0.0,0.0,0.0,0.0,0.0,0.0,0.0,0.0,0.0,0.0,0.0,0.0,0.0,0.0,0.0,0.0,0.0,0.0,0.0,0.0,0.0,0.0,0.0,0.0,0.0,0.0,0.0,0.0,0.0,0.0,0.0,0.0,0.0,0.0,0.0,0.0,0.0,0.0,0.0,0.0,0.0,0.0,0.0,0.0,0.0,0.681,0.012,0.052,0.195,0.001,0.353,0.388,0.012,0.013,0.013,1.0,0.0,0.0,1.0,0.0,0.0,0.0,1.0,0.0,0.0,0.0,1.0,1.0,0.0,0.0,0.0,0.0,0.0,0.0,1.0,0.0,0.0,0.012,0.0,0.0,0.0,0.0,0.0,1.154,1.0,1.146,0.0,0.01,0.0,0.0,0.022,0.024,0.024
847653984808358483513,Schaefer-Drury-Marchessault,2026020012,2026,NSH,MIN,HOME,20261001,line,5on5,82.0,7.0,0.0,0.0,0.0,0.0,0.0,0.0,0.0,0.0,0.0,0.0,0.0,0.0,0.0,0.0,0.0,0.0,0.0,0.0,0.0,0.0,0.0,0.0,0.0,0.0,0.0,0.0,0.0,0.0,0.0,1.0,0.0,0.0,0.0,0.0,0.0,0.0,0.0,0.0,0.0,0.0,0.0,0.0,0.0,0.0,0.0,0.0,0.0,0.0,0.0,0.0,0.0,1.24,0.042,0.11,0.36,0.002,0.62,0.866,0.042,0.047,0.047,1.0,1.0,1.0,3.0,0.0,0.0,0.0,0.0,0.0,1.0,1.0,1.0,2.0,0.0,0.0,0.0,0.0,0.0,1.0,2.0,0.0,0.0,0.042,0.0,0.0,0.0,0.0,0.0,3.289,2.0,2.246,0.0,0.021,0.0,0.0,0.063,0.07,0.07
84799808482482,Wilsby-Hague,2026020012,2026,NSH,MIN,HOME,20261001,pairing,5on5,741.0,1.0,0.294,0.5,0.5333,5.479,0.222,0.507,1.149,0.008,2.722,3.392,0.22,0.203,0.201,2.0,6.0,2.0,10.0,0.0,1.0,0.0,2.0,0.0,2.0,3.0,2.0,8.0,1.0,2.0,4.0,4.0,0.0,4.0,7.0,1.0,0.0,0.136,0.085,0.0,0.0,0.0,0.0,9.007,8.0,7.24,1.0,0.101,0.012,0.012,0.311,0.284,0.282,5.239,0.533,0.492,0.863,0.019,2.471,2.622,0.533,0.592,0.592,2.0,5.0,3.0,10.0,0.0,0.0,0.0,1.0,0.0,4.0,2.0,2.0,7.0,0.0,0.0,6.0,7.0,0.0,7.0,5.0,1.0,1.0,0.16,0.105,0.268,0.0,0.0,0.0,11.336,7.0,7.885,2.0,0.104,0.0,0.0,0.637,0.707,0.707
847456484751588479525,Colton-O'Reilly-Stamkos,2026020012,2026,NSH,MIN,HOME,20261001,line,5on5,80.0,8.0,1.0,1.0,1.0,0.899,0.004,0.013,0.018,0.0,0.369,0.596,0.004,0.003,0.003,1.0,0.0,0.0,1.0,0.0,0.0,0.0,0.0,0.0,1.0,0.0,1.0,1.0,0.0,0.0,1.0,3.0,0.0,1.0,1.0,0.0,0.0,0.004,0.0,0.0,0.0,0.0,0.0,0.882,1.0,0.887,0.0,0.003,0.0,0.0,0.007,0.006,0.006,0.0,0.0,0.0,0.0,0.0,0.0,0.0,0.0,0.0,0.0,0.0,0.0,0.0,0.0,0.0,0.0,0.0,0.0,0.0,0.0,0.0,0.0,0.0,0.0,0.0,1.0,0.0,0.0,0.0,0.0,0.0,0.0,0.0,0.0,0.0,0.0,0.0,0.0,0.0,0.0,0.0,0.0,0.0,0.0,0.0,0.0,0.0,0.0
847702184815358484241,Hoglander-Wood-Kerfoot,2026020012,2026,NSH,MIN,HOME,20261001,line,5on5,146.0,6.0,0.0789,0.25,0.2,0.806,0.015,0.068,0.189,0.001,0.413,0.314,0.015,0.014,0.014,0.0,1.0,1.0,2.0,0.0,0.0,0.0,0.0,0.0,1.0,0.0,0.0,1.0,0.0,0.0,1.0,0.0,0.0,3.0,1.0,0.0,0.0,0.015,0.0,0.0,0.0,0.0,0.0,1.83,1.0,0.916,1.0,0.016,0.0,0.0,0.031,0.028,0.028,3.13,0.175,0.326,0.536,0.01,1.446,1.508,0.169,0.192,0.185,2.0,2.0,2.0,6.0,0.0,0.0,0.0,0.0,0.0,3.0,1.0,2.0,4.0,0.0,0.0,2.0,0.0,0.0,1.0,3.0,1.0,0.0,0.061,0.114,0.0,0.0,0.0,0.0,6.618,4.0,4.402,0.0,0.069,0.0,0.0,0.244,0.268,0.256
84768698480246,Skjei-Perbix,2026020012,2026,NSH,MIN,HOME,20261001,pairing,5on5,666.0,2.0,0.3314,0.5,0.4167,4.257,0.174,0.55,0.452,0.011,1.906,1.907,0.171,0.158,0.155,4.0,1.0,4.0,9.0,0.0,2.0,0.0,0.0,0.0,2.0,1.0,4.0,5.0,1.0,2.0,6.0,8.0,2.0,4.0,5.0,0.0,0.0,0.174,0.0,0.0,0.0,0.0,0.0,8.026,5.0,4.436,0.0,0.12,0.063,0.063,0.231,0.209,0.205,4.859,0.351,0.509,1.057,0.009,2.429,2.645,0.351,0.386,0.386,1.0,6.0,2.0,9.0,0.0,0.0,0.0,1.0,0.0,2.0,4.0,1.0,7.0,2.0,4.0,5.0,3.0,1.0,2.0,6.0,1.0,0.0,0.225,0.126,0.0,0.0,0.0,0.0,9.989,7.0,7.769,0.0,0.101,0.0,0.0,0.452,0.497,0.497
847456484751588476887,Forsberg-O'Reilly-Stamkos,2026020012,2026,NSH,MIN,HOME,20261001,line,5on5,238.0,4.0,0.0,0.0,0.0,0.0,0.0,0.0,0.0,0.0,0.0,0.0,0.0,0.0,0.0,0.0,0.0,0.0,0.0,0.0,0.0,0.0,0.0,0.0,0.0,0.0,0.0,0.0,0.0,0.0,6.0,0.0,0.0,2.0,0.0,0.0,0.0,0.0,0.0,0.0,0.0,0.0,0.0,0.0,0.0,0.0,0.0,0.0,0.0,0.0,0.0,0.0,0.0,3.848,0.215,0.459,0.711,0.01,1.747,1.858,0.208,0.236,0.227,4.0,1.0,0.0,5.0,0.0,1.0,0.0,1.0,0.0,1.0,2.0,4.0,5.0,0.0,0.0,1.0,1.0,0.0,1.0,5.0,0.0,0.0,0.215,0.0,0.0,0.0,0.0,0.0,5.515,5.0,5.502,0.0,0.094,0.067,0.067,0.241,0.264,0.254
84746008476869,Josi-Skjei,2026020012,2026,NSH,MIN,HOME,20261001,pairing,5on5,199.0,4.0,0.0,0.0,0.0,0.0,0.0,0.0,0.0,0.0,0.0,0.0,0.0,0.0,0.0,0.0,0.0,0.0,0.0,0.0,0.0,0.0,0.0,0.0,0.0,0.0,0.0,0.0,0.0,0.0,4.0,2.0,0.0,0.0,0.0,0.0,0.0,0.0,0.0,0.0,0.0,0.0,0.0,0.0,0.0,0.0,0.0,0.0,0.0,0.0,0.0,0.0,0.0,5.442,0.385,0.695,0.887,0.018,2.404,2.611,0.365,0.422,0.399,5.0,2.0,2.0,9.0,0.0,1.0,0.0,1.0,0.0,4.0,1.0,5.0,7.0,0.0,0.0,1.0,1.0,0.0,0.0,5.0,2.0,0.0,0.173,0.212,0.0,0.0,0.0,0.0,9.927,7.0,7.703,0.0,0.146,0.067,0.067,0.464,0.509,0.478
847456484751588481726,Edstrom-O'Reilly-Stamkos,2026020012,2026,NSH,MIN,HOME,20261001,line,5on5,26.0,20.0,1.0,1.0,1.0,0.764,0.022,0.058,0.204,0.001,0.31,0.406,0.022,0.02,0.02,1.0,0.0,0.0,1.0,0.0,0.0,0.0,0.0,0.0,1.0,0.0,1.0,1.0,0.0,0.0,0.0,0.0,0.0,0.0,1.0,0.0,0.0,0.022,0.0,0.0,0.0,0.0,0.0,0.882,1.0,0.887,0.0,0.011,0.0,0.0,0.033,0.03,0.03,0.0,0.0,0.0,0.0,0.0,0.0,0.0,0.0,0.0,0.0,0.0,0.0,0.0,0.0,0.0,0.0,0.0,0.0,0.0,0.0,0.0,0.0,0.0,0.0,0.0,0.0,0.0,1.0,0.0,0.0,0.0,0.0,0.0,0.0,0.0,0.0,0.0,0.0,0.0,0.0,0.0,0.0,0.0,0.0,0.0,0.0,0.0,0.0
847517084774078484221,Duclair-Ritchie-Schenn,2026020008,2026,NYI,TOR,AWAY,20260930,line,5on5,85.0,8.0,0.0,0.0,0.0,0.0,0.0,0.0,0.0,0.0,0.0,0.0,0.0,0.0,0.0,0.0,0.0,0.0,0.0,0.0,0.0,0.0,0.0,0.0,0.0,0.0,0.0,0.0,0.0,0.0,0.0,1.0,0.0,1.0,0.0,0.0,0.0,0.0,0.0,0.0,0.0,0.0,0.0,0.0,0.0,0.0,1.0,0.0,0.0,0.0,0.0,0.0,0.0,1.536,0.036,0.152,0.3,0.002,0.752,0.758,0.036,0.037,0.037,1.0,1.0,1.0,3.0,0.0,0.0,0.0,0.0,0.0,1.0,1.0,1.0,2.0,0.0,0.0,1.0,1.0,0.0,0.0,2.0,0.0,0.0,0.036,0.0,0.0,0.0,0.0,0.0,3.222,2.0,2.101,0.0,0.033,0.0,0.0,0.069,0.07,0.07
84769178477950,Pelech-Deangelo,2026020008,2026,NYI,TOR,AWAY,20260930,pairing,5on5,200.0,5.0,1.0,1.0,1.0,2.623,0.297,0.478,0.432,0.005,0.908,0.88,0.297,0.293,0.293,2.0,1.0,1.0,4.0,0.0,0.0,0.0,0.0,0.0,1.0,2.0,2.0,3.0,0.0,0.0,3.0,2.0,0.0,1.0,1.0,2.0,0.0,0.038,0.259,0.0,0.0,0.0,0.0,3.744,3.0,2.863,1.0,0.101,0.0,0.0,0.399,0.394,0.394,0.0,0.0,0.0,0.0,0.0,0.0,0.0,0.0,0.0,0.0,0.0,0.0,0.0,0.0,0.0,0.0,0.0,0.0,0.0,0.0,0.0,0.0,0.0,2.0,4.0,1.0,0.0,0.0,0.0,0.0,0.0,0.0,0.0,0.0,0.0,0.0,0.0,0.0,0.0,0.0,0.0,0.0,0.0,0.0,0.0,0.0,0.0,0.0
84779508485366,Schaefer-Deangelo,2026020008,2026,NYI,TOR,AWAY,20260930,pairing,5on5,196.0,6.0,0.6647,0.8333,0.8333,3.476,0.111,0.317,0.857,0.005,1.895,1.815,0.109,0.113,0.111,1.0,4.0,0.0,5.0,0.0,0.0,0.0,1.0,0.0,3.0,1.0,1.0,5.0,1.0,2.0,2.0,2.0,0.0,0.0,5.0,0.0,0.0,0.111,0.0,0.0,0.0,0.0,0.0,4.932,5.0,4.888,0.0,0.063,0.0,0.0,0.174,0.176,0.173,0.757,0.056,0.139,0.106,0.002,0.373,0.325,0.056,0.056,0.056,0.0,1.0,0.0,1.0,0.0,0.0,0.0,0.0,0.0,1.0,0.0,0.0,1.0,0.0,0.0,2.0,0.0,0.0,0.0,1.0,0.0,0.0,0.056,0.0,0.0,0.0,0.0,0.0,1.074,1.0,1.05,0.0,0.028,0.0,0.0,0.083,0.084,0.084
848247684842218485388,Heineman-Ritchie-Eklund,2026020008,2026,NYI,TOR,AWAY,20260930,line,5on5,21.0,13.0,1.0,1.0,1.0,0.7,0.006,0.05,0.164,0.001,0.316,0.463,0.006,0.007,0.007,1.0,0.0,0.0,1.0,0.0,0.0,0.0,0.0,0.0,0.0,1.0,1.0,1.0,0.0,0.0,0.0,0.0,0.0,0.0,1.0,0.0,0.0,0.006,0.0,0.0,0.0,0.0,0.0,1.032,1.0,1.03,0.0,0.009,0.0,0.0,0.016,0.017,0.017,0.0,0.0,0.0,0.0,0.0,0.0,0.0,0.0,0.0,0.0,0.0,0.0,0.0,0.0,0.0,0.0,0.0,0.0,0.0,0.0,0.0,0.0,0.0,0.0,0.0,0.0,0.0,0.0,0.0,0.0,0.0,0.0,0.0,0.0,0.0,0.0,0.0,0.0,0.0,0.0,0.0,0.0,0.0,0.0,0.0,0.0,0.0,0.0
84779508479378,Stanley-Deangelo,2026020008,2026,NYI,TOR,AWAY,20260930,pairing,5on5,326.0,3.0,0.2105,0.4286,0.4545,3.842,0.084,0.239,0.628,0.007,1.807,2.235,0.084,0.083,0.083,4.0,1.0,1.0,6.0,0.0,0.0,0.0,0.0,0.0,2.0,3.0,4.0,5.0,0.0,0.0,0.0,2.0,1.0,2.0,5.0,0.0,0.0,0.084,0.0,0.0,0.0,0.0,0.0,5.79,5.0,4.792,1.0,0.048,0.0,0.0,0.132,0.131,0.131,4.206,0.315,0.53,0.611,0.01,2.475,2.059,0.301,0.311,0.297,4.0,2.0,2.0,8.0,1.0,1.0,0.0,1.0,0.0,3.0,0.0,3.0,5.0,0.0,0.0,4.0,3.0,0.0,2.0,4.0,2.0,0.0,0.141,0.174,0.0,0.0,1.0,0.0,8.336,6.0,6.132,0.0,0.117,0.037,0.037,0.395,0.392,0.377
848160184842218485388,Holmstrom-Ritchie-Eklund,2026020008,2026,NYI,TOR,AWAY,20260930,line,5on5,45.0,11.0,1.0,1.0,1.0,0.921,0.168,0.145,0.202,0.001,0.243,0.241,0.168,0.165,0.165,1.0,0.0,0.0,1.0,0.0,0.0,0.0,0.0,0.0,0.0,1.0,1.0,1.0,0.0,0.0,0.0,0.0,0.0,0.0,0.0,1.0,0.0,0.0,0.168,0.0,0.0,0.0,0.0,0.936,1.0,0.954,0.0,0.032,0.0,0.0,0.199,0.197,0.197,0.0,0.0,0.0,0.0,0.0,0.0,0.0,0.0,0.0,0.0,0.0,0.0,0.0,0.0,0.0,0.0,0.0,0.0,0.0,0.0,0.0,0.0,0.0,0.0,0.0,0.0,0.0,0.0,0.0,0.0,0.0,0.0,0.0,0.0,0.0,0.0,0.0,0.0,0.0,0.0,0.0,0.0,0.0,0.0,0.0,0.0,0.0,0.0
84769178477506,Pelech-Pulock,2026020008,2026,NYI,TOR,AWAY,20260930,pairing,5on5,39.0,11.0,1.0,0.5,1.0,0.572,0.029,0.077,0.185,0.001,0.407,0.3,0.029,0.03,0.03,0.0,1.0,0.0,1.0,0.0,0.0,0.0,0.0,0.0,1.0,0.0,0.0,1.0,0.0,0.0,1.0,1.0,0.0,0.0,1.0,0.0,0.0,0.029,0.0,0.0,0.0,0.0,0.0,0.975,1.0,0.964,0.0,0.015,0.0,0.0,0.045,0.045,0.045,0.0,0.0,0.0,0.0,0.0,0.0,0.0,0.0,0.0,0.0,0.0,0.0,1.0,1.0,0.0,0.0,0.0,0.0,0.0,0.0,0.0,0.0,0.0,0.0,0.0,0.0,1.0,0.0,0.0,0.0,0.0,0.0,0.0,0.0,0.0,0.0,0.0,0.0,1.074,0.0,0.0,0.0,0.0,0.0,0.0,0.0,0.0,0.0
84775068485366,Schaefer-Pulock,2026020008,2026,NYI,TOR,AWAY,20260930,pairing,5on5,56.0,9.0,1.0,1.0,1.0,0.895,0.005,0.006,0.017,0.007,0.323,0.642,0.005,0.005,0.005,1.0,0.0,0.0,1.0,0.0,0.0,0.0,0.0,0.0,0.0,1.0,1.0,1.0,0.0,0.0,0.0,0.0,1.0,0.0,1.0,0.0,0.0,0.005,0.0,0.0,0.0,0.0,0.0,0.936,1.0,0.954,0.0,0.001,0.0,0.0,0.006,0.006,0.006,0.0,0.0,0.0,0.0,0.0,0.0,0.0,0.0,0.0,0.0,0.0,0.0,0.0,0.0,0.0,0.0,0.0,0.0,0.0,0.0,0.0,0.0,0.0,0.0,0.0,0.0,0.0,0.0,1.0,0.0,0.0,0.0,0.0,0.0,0.0,0.0,0.0,0.0,0.0,0.0,0.0,0.0,0.0,0.0,0.0,0.0,0.0,0.0
84793788481014,Romanov-Stanley,2026020008,2026,NYI,TOR,AWAY,20260930,pairing,5on5,178.0,7.0,1.0,1.0,1.0,2.3,0.288,0.265,0.389,0.006,1.181,0.87,0.277,0.285,0.274,3.0,0.0,0.0,3.0,0.0,1.0,0.0,1.0,0.0,1.0,0.0,3.0,3.0,1.0,2.0,0.0,0.0,0.0,0.0,1.0,2.0,0.0,0.078,0.21,0.0,0.0,0.0,0.0,2.808,3.0,2.863,0.0,0.054,0.094,0.094,0.248,0.245,0.243,0.0,0.0,0.0,0.0,0.0,0.0,0.0,0.0,0.0,0.0,0.0,0.0,0.0,0.0,0.0,0.0,0.0,0.0,0.0,0.0,0.0,0.0,0.0,0.0,0.0,0.0,0.0,0.0,1.0,0.0,0.0,0.0,0.0,0.0,0.0,0.0,0.0,0.0,0.0,0.0,0.0,1.0,0.0,0.0,0.0,0.0,0.0,0.0
847641984824768484221,Heineman-Pageau-Ritchie,2026020008,2026,NYI,TOR,AWAY,20260930,line,5on5,21.0,14.0,1.0,1.0,1.0,0.572,0.029,0.077,0.185,0.001,0.407,0.3,0.029,0.03,0.03,0.0,1.0,0.0,1.0,0.0,0.0,0.0,0.0,0.0,1.0,0.0,0.0,1.0,0.0,0.0,1.0,1.0,0.0,0.0,1.0,0.0,0.0,0.029,0.0,0.0,0.0,0.0,0.0,0.975,1.0,0.964,0.0,0.015,0.0,0.0,0.045,0.045,0.045,0.0,0.0,0.0,0.0,0.0,0.0,0.0,0.0,0.0,0.0,0.0,0.0,0.0,0.0,0.0,0.0,0.0,0.0,0.0,0.0,0.0,0.0,0.0,0.0,0.0,0.0,1.0,0.0,0.0,0.0,0.0,0.0,0.0,0.0,0.0,0.0,0.0,0.0,0.0,0.0,0.0,0.0,0.0,0.0,0.0,0.0,0.0,0.0
847515184775008481601,Palmieri-Horvat-Holmstrom,2026020008,2026,NYI,TOR,AWAY,20260930,line,5on5,436.0,1.0,0.5806,0.6818,0.6842,9.209,0.371,0.785,1.818,0.017,4.871,5.138,0.367,0.374,0.371,6.0,7.0,2.0,15.0,0.0,1.0,0.0,1.0,0.0,7.0,4.0,6.0,13.0,0.0,0.0,1.0,3.0,0.0,2.0,11.0,2.0,0.0,0.151,0.22,0.0,0.0,0.0,0.0,14.85,13.0,12.771,1.0,0.161,0.091,0.091,0.44,0.441,0.436,4.522,0.268,0.599,0.815,0.008,2.362,1.947,0.268,0.272,0.271,5.0,1.0,1.0,7.0,0.0,1.0,0.0,3.0,0.0,1.0,1.0,5.0,6.0,0.0,0.0,7.0,4.0,0.0,4.0,5.0,1.0,0.0,0.145,0.123,0.0,0.0,0.0,0.0,7.414,6.0,6.302,1.0,0.135,0.018,0.018,0.385,0.39,0.389
84769178479378,Pelech-Stanley,2026020008,2026,NYI,TOR,AWAY,20260930,pairing,5on5,27.0,13.0,0.0,0.0,0.0,0.0,0.0,0.0,0.0,0.0,0.0,0.0,0.0,0.0,0.0,0.0,0.0,0.0,0.0,0.0,0.0,0.0,0.0,0.0,0.0,0.0,0.0,0.0,0.0,0.0,0.0,0.0,0.0,0.0,0.0,0.0,0.0,0.0,0.0,0.0,0.0,0.0,0.0,0.0,0.0,0.0,0.0,0.0,0.0,0.0,0.0,0.0,0.0,0.757,0.017,0.051,0.147,0.003,0.298,0.485,0.017,0.017,0.017,1.0,0.0,0.0,1.0,0.0,0.0,0.0,0.0,0.0,1.0,0.0,1.0,1.0,0.0,0.0,0.0,1.0,0.0,0.0,1.0,0.0,0.0,0.017,0.0,0.0,0.0,0.0,0.0,1.074,1.0,1.05,0.0,0.011,0.0,0.0,0.028,0.028,0.028
847740784824768484221,Heineman-Ritchie-Duclair,2026020008,2026,NYI,TOR,AWAY,20260930,line,5on5,12.0,19.0,0.0,0.0,0.0,0.0,0.0,0.0,0.0,0.0,0.0,0.0,0.0,0.0,0.0,0.0,0.0,0.0,0.0,0.0,0.0,0.0,0.0,0.0,0.0,0.0,0.0,0.0,1.0,2.0,0.0,0.0,0.0,0.0,0.0,0.0,0.0,0.0,0.0,0.0,0.0,0.0,0.0,0.0,0.0,0.0,0.0,0.0,0.0,0.0,0.0,0.0,0.0,0.0,0.0,0.0,0.0,0.0,0.0,0.0,0.0,0.0,0.0,0.0,0.0,0.0,0.0,0.0,0.0,0.0,0.0,0.0,0.0,0.0,0.0,0.0,0.0,0.0,0.0,0.0,0.0,0.0,0.0,0.0,0.0,0.0,0.0,0.0,0.0,0.0,0.0,0.0,0.0,0.0,0.0,0.0,0.0,0.0,0.0,0.0,0.0
847740784817118484221,Duclair-Ritchie-Maccelli,2026020008,2026,NYI,TOR,AWAY,20260930,line,5on5,149.0,6.0,1.0,0.6667,1.0,1.58,0.122,0.184,0.278,0.005,0.682,0.729,0.122,0.12,0.12,1.0,1.0,2.0,4.0,0.0,0.0,0.0,0.0,0.0,0.0,2.0,1.0,2.0,0.0,0.0,0.0,0.0,0.0,0.0,1.0,1.0,0.0,0.03,0.091,0.0,0.0,0.0,0.0,3.744,2.0,1.909,0.0,0.036,0.0,0.0,0.158,0.156,0.156,0.0,0.0,0.0,0.0,0.0,0.0,0.0,0.0,0.0,0.0,0.0,0.0,2.0,2.0,0.0,0.0,0.0,0.0,0.0,0.0,0.0,0.0,0.0,0.0,0.0,0.0,0.0,0.0,1.0,0.0,0.0,0.0,0.0,0.0,0.0,0.0,0.0,0.0,2.148,0.0,0.0,1.0,0.0,0.0,0.0,0.0,0.0,0.0
84793788485366,Schaefer-Stanley,2026020008,2026,NYI,TOR,AWAY,20260930,pairing,5on5,240.0,4.0,0.4847,0.8571,0.75,1.737,0.127,0.169,0.386,0.005,1.139,1.174,0.127,0.125,0.125,1.0,2.0,3.0,6.0,0.0,0.0,0.0,0.0,0.0,3.0,0.0,1.0,3.0,0.0,0.0,0.0,0.0,0.0,1.0,2.0,1.0,0.0,0.021,0.107,0.0,0.0,0.0,0.0,5.616,3.0,2.863,0.0,0.033,0.0,0.0,0.16,0.158,0.158,0.793,0.135,0.085,0.092,0.002,0.326,0.359,0.135,0.137,0.137,0.0,1.0,0.0,1.0,0.0,0.0,0.0,0.0,0.0,0.0,1.0,0.0,1.0,0.0,0.0,0.0,4.0,0.0,0.0,0.0,1.0,0.0,0.0,0.135,0.0,0.0,0.0,0.0,1.074,1.0,1.05,0.0,0.019,0.0,0.0,0.154,0.156,0.156
847515184775008482476,Heineman-Horvat-Palmieri,2026020008,2026,NYI,TOR,AWAY,20260930,line,5on5,159.0,5.0,0.3423,0.5,0.3333,0.917,0.038,0.207,0.142,0.001,0.337,0.275,0.038,0.038,0.038,0.0,1.0,1.0,2.0,0.0,0.0,0.0,0.0,0.0,1.0,0.0,0.0,1.0,0.0,0.0,1.0,4.0,0.0,1.0,1.0,0.0,0.0,0.038,0.0,0.0,0.0,0.0,0.0,1.872,1.0,0.954,1.0,0.045,0.0,0.0,0.083,0.082,0.082,1.514,0.073,0.19,0.253,0.004,0.671,0.81,0.073,0.074,0.074,1.0,1.0,0.0,2.0,0.0,0.0,0.0,0.0,0.0,2.0,0.0,1.0,2.0,1.0,2.0,1.0,1.0,0.0,0.0,2.0,0.0,0.0,0.073,0.0,0.0,0.0,0.0,0.0,2.148,2.0,2.101,0.0,0.038,0.0,0.0,0.111,0.112,0.112
847629284764198482476,Palat-Pageau-Heineman,2026020008,2026,NYI,TOR,AWAY,20260930,line,5on5,37.0,12.0,0.0,0.0,0.0,0.0,0.0,0.0,0.0,0.0,0.0,0.0,0.0,0.0,0.0,0.0,0.0,0.0,0.0,0.0,0.0,0.0,0.0,0.0,0.0,0.0,0.0,0.0,0.0,0.0,1.0,0.0,0.0,0.0,0.0,0.0,0.0,0.0,0.0,0.0,0.0,0.0,0.0,0.0,0.0,0.0,0.0,0.0,0.0,0.0,0.0,0.0,0.0,0.0,0.0,0.0,0.0,0.0,0.0,0.0,0.0,0.0,0.0,0.0,0.0,0.0,0.0,0.0,0.0,0.0,0.0,0.0,0.0,0.0,0.0,0.0,0.0,0.0,1.0,0.0,0.0,0.0,0.0,0.0,0.0,0.0,0.0,0.0,0.0,0.0,0.0,0.0,0.0,0.0,0.0,0.0,0.0,0.0,0.0,0.0,0.0
847517084752318481711,Maccelli-Cizikas-Schenn,2026020008,2026,NYI,TOR,AWAY,20260930,line,5on5,21.0,15.0,1.0,1.0,1.0,0.672,0.038,0.066,0.183,0.001,0.286,0.427,0.038,0.039,0.039,1.0,0.0,0.0,1.0,0.0,0.0,0.0,1.0,0.0,0.0,0.0,1.0,1.0,0.0,0.0,0.0,0.0,0.0,0.0,1.0,0.0,0.0,0.038,0.0,0.0,0.0,0.0,0.0,1.032,1.0,1.03,0.0,0.013,0.0,0.0,0.05,0.053,0.053,0.0,0.0,0.0,0.0,0.0,0.0,0.0,0.0,0.0,0.0,0.0,0.0,0.0,0.0,0.0,0.0,0.0,0.0,0.0,0.0,0.0,0.0,0.0,0.0,0.0,0.0,0.0,0.0,0.0,0.0,0.0,0.0,0.0,0.0,0.0,0.0,0.0,0.0,0.0,0.0,0.0,0.0,0.0,0.0,0.0,0.0,0.0,0.0
84775068481014,Romanov-Pulock,2026020008,2026,NYI,TOR,AWAY,20260930,pairing,5on5,581.0,2.0,0.5314,0.2222,0.25,2.125,0.296,0.193,0.398,0.005,0.991,1.118,0.276,0.292,0.273,2.0,1.0,1.0,4.0,0.0,0.0,0.0,0.0,0.0,2.0,1.0,2.0,3.0,1.0,2.0,0.0,2.0,0.0,2.0,1.0,2.0,0.0,0.013,0.283,0.0,0.0,0.0,0.0,3.744,3.0,2.863,2.0,0.038,0.0,0.0,0.334,0.329,0.308,6.367,0.261,0.687,1.303,0.009,3.129,3.61,0.26,0.264,0.263,7.0,2.0,5.0,14.0,0.0,1.0,0.0,2.0,0.0,3.0,3.0,7.0,9.0,0.0,0.0,7.0,4.0,1.0,2.0,9.0,0.0,0.0,0.261,0.0,0.0,0.0,0.0,0.0,14.788,9.0,9.429,1.0,0.145,0.018,0.018,0.388,0.392,0.39
847517084817118484221,Maccelli-Ritchie-Schenn,2026020008,2026,NYI,TOR,AWAY,20260930,line,5on5,280.0,3.0,0.5714,0.8,0.75,2.244,0.036,0.107,0.31,0.009,1.032,1.506,0.036,0.037,0.037,2.0,1.0,1.0,4.0,0.0,0.0,0.0,0.0,0.0,1.0,2.0,2.0,3.0,1.0,2.0,2.0,3.0,1.0,1.0,3.0,0.0,0.0,0.036,0.0,0.0,0.0,0.0,0.0,3.84,3.0,2.939,0.0,0.021,0.0,0.0,0.057,0.058,0.058,0.725,0.027,0.065,0.099,0.001,0.388,0.42,0.027,0.027,0.027,1.0,0.0,0.0,1.0,0.0,0.0,0.0,0.0,0.0,0.0,1.0,1.0,1.0,1.0,2.0,4.0,2.0,0.0,3.0,1.0,0.0,0.0,0.027,0.0,0.0,0.0,0.0,0.0,1.074,1.0,1.05,1.0,0.014,0.0,0.0,0.04,0.041,0.041
847523184762928477407,Palat-Cizikas-Duclair,2026020008,2026,NYI,TOR,AWAY,20260930,line,5on5,280.0,4.0,0.8329,0.7,0.6667,2.969,0.334,0.271,0.476,0.007,1.419,1.492,0.315,0.33,0.31,3.0,1.0,3.0,7.0,0.0,0.0,0.0,0.0,0.0,2.0,2.0,3.0,4.0,0.0,0.0,1.0,2.0,1.0,0.0,2.0,2.0,0.0,0.052,0.283,0.0,0.0,0.0,0.0,6.648,4.0,3.817,0.0,0.055,0.0,0.0,0.39,0.384,0.363,1.365,0.067,0.135,0.389,0.002,0.593,0.814,0.067,0.067,0.067,2.0,0.0,1.0,3.0,0.0,0.0,0.0,0.0,0.0,1.0,1.0,2.0,2.0,1.0,2.0,2.0,1.0,1.0,2.0,2.0,0.0,0.0,0.067,0.0,0.0,0.0,0.0,0.0,3.174,2.0,2.089,0.0,0.026,0.0,0.0,0.093,0.093,0.093
84779508481014,Romanov-Deangelo,2026020008,2026,NYI,TOR,AWAY,20260930,pairing,5on5,53.0,10.0,0.3422,0.5,0.5,0.683,0.064,0.064,0.171,0.001,0.285,0.416,0.064,0.063,0.063,1.0,0.0,0.0,1.0,0.0,0.0,0.0,1.0,0.0,0.0,0.0,1.0,1.0,0.0,0.0,0.0,0.0,0.0,0.0,1.0,0.0,0.0,0.064,0.0,0.0,0.0,0.0,0.0,0.936,1.0,0.954,0.0,0.012,0.0,0.0,0.076,0.075,0.075,0.688,0.123,0.096,0.095,0.002,0.338,0.346,0.123,0.125,0.125,1.0,0.0,0.0,1.0,0.0,0.0,0.0,0.0,0.0,0.0,1.0,1.0,1.0,0.0,0.0,0.0,0.0,0.0,0.0,0.0,1.0,0.0,0.0,0.123,0.0,0.0,0.0,0.0,1.074,1.0,1.05,0.0,0.02,0.0,0.0,0.143,0.145,0.145
84775068479378,Stanley-Pulock,2026020008,2026,NYI,TOR,AWAY,20260930,pairing,5on5,28.0,12.0,0.0,0.0,0.0,0.0,0.0,0.0,0.0,0.0,0.0,0.0,0.0,0.0,0.0,0.0,0.0,0.0,0.0,0.0,0.0,0.0,0.0,0.0,0.0,0.0,0.0,0.0,0.0,0.0,1.0,0.0,0.0,0.0,0.0,0.0,0.0,0.0,0.0,0.0,0.0,0.0,0.0,0.0,0.0,0.0,0.0,0.0,0.0,0.0,0.0,0.0,0.0,0.0,0.0,0.0,0.0,0.0,0.0,0.0,0.0,0.0,0.0,0.0,0.0,0.0,0.0,0.0,0.0,0.0,0.0,0.0,0.0,0.0,0.0,0.0,0.0,0.0,1.0,0.0,0.0,1.0,0.0,0.0,0.0,0.0,0.0,0.0,0.0,0.0,0.0,0.0,0.0,0.0,1.0,0.0,0.0,0.0,0.0,0.0,0.0
84769178485366,Schaefer-Pelech,2026020008,2026,NYI,TOR,AWAY,20260930,pairing,5on5,596.0,1.0,0.6078,0.7647,0.6667,5.653,0.313,0.56,1.11,0.014,3.027,2.976,0.312,0.318,0.316,3.0,5.0,5.0,13.0,0.0,1.0,0.0,1.0,0.0,2.0,4.0,3.0,8.0,1.0,2.0,4.0,9.0,1.0,1.0,6.0,2.0,0.0,0.093,0.22,0.0,0.0,0.0,0.0,12.84,8.0,8.015,0.0,0.117,0.091,0.091,0.339,0.342,0.34,3.144,0.202,0.344,0.492,0.007,1.483,1.472,0.202,0.205,0.205,4.0,0.0,0.0,4.0,0.0,0.0,0.0,2.0,0.0,0.0,2.0,4.0,4.0,2.0,4.0,7.0,5.0,1.0,5.0,4.0,0.0,0.0,0.202,0.0,0.0,0.0,0.0,0.0,4.296,4.0,4.201,2.0,0.077,0.0,0.0,0.279,0.282,0.282
847740784775008481711,Duclair-Horvat-Maccelli,2026020008,2026,NYI,TOR,AWAY,20260930,line,5on5,18.0,17.0,0.0,0.0,0.0,0.0,0.0,0.0,0.0,0.0,0.0,0.0,0.0,0.0,0.0,0.0,0.0,0.0,0.0,0.0,0.0,0.0,0.0,0.0,0.0,0.0,0.0,0.0,0.0,0.0,0.0,0.0,0.0,0.0,0.0,0.0,0.0,0.0,0.0,0.0,0.0,0.0,0.0,0.0,0.0,0.0,0.0,0.0,0.0,0.0,0.0,0.0,0.0,0.793,0.135,0.085,0.092,0.002,0.326,0.359,0.135,0.137,0.137,0.0,1.0,0.0,1.0,0.0,0.0,0.0,0.0,0.0,0.0,1.0,0.0,1.0,0.0,0.0,0.0,0.0,0.0,0.0,0.0,1.0,0.0,0.0,0.135,0.0,0.0,0.0,0.0,1.074,1.0,1.05,0.0,0.019,0.0,0.0,0.154,0.156,0.156
847629284764198485388,Palat-Pageau-Eklund,2026020008,2026,NYI,TOR,AWAY,20260930,line,5on5,13.0,18.0,1.0,1.0,1.0,0.721,0.078,0.102,0.071,0.003,0.414,0.332,0.078,0.077,0.077,1.0,0.0,0.0,1.0,0.0,0.0,0.0,0.0,0.0,1.0,0.0,1.0,1.0,0.0,0.0,0.0,0.0,0.0,0.0,1.0,0.0,0.0,0.078,0.0,0.0,0.0,0.0,0.0,0.936,1.0,0.954,0.0,0.02,0.0,0.0,0.098,0.097,0.097,0.0,0.0,0.0,0.0,0.0,0.0,0.0,0.0,0.0,0.0,0.0,0.0,0.0,0.0,0.0,0.0,0.0,0.0,0.0,0.0,0.0,0.0,0.0,0.0,0.0,0.0,0.0,0.0,1.0,0.0,0.0,0.0,0.0,0.0,0.0,0.0,0.0,0.0,0.0,0.0,0.0,1.0,0.0,0.0,0.0,0.0,0.0,0.0
847517084752318476292,Palat-Cizikas-Schenn,2026020008,2026,NYI,TOR,AWAY,20260930,line,5on5,83.0,9.0,0.4444,0.25,0.5,0.683,0.064,0.064,0.171,0.001,0.285,0.416,0.064,0.063,0.063,1.0,0.0,0.0,1.0,0.0,0.0,0.0,1.0,0.0,0.0,0.0,1.0,1.0,0.0,0.0,1.0,2.0,0.0,0.0,1.0,0.0,0.0,0.064,0.0,0.0,0.0,0.0,0.0,0.936,1.0,0.954,0.0,0.012,0.0,0.0,0.076,0.075,0.075,0.789,0.08,0.123,0.075,0.002,0.293,0.427,0.08,0.081,0.081,1.0,0.0,2.0,3.0,0.0,0.0,0.0,0.0,0.0,0.0,1.0,1.0,1.0,1.0,2.0,1.0,1.0,1.0,0.0,1.0,0.0,0.0,0.08,0.0,0.0,0.0,0.0,0.0,3.222,1.0,1.05,0.0,0.028,0.0,0.0,0.108,0.109,0.109
847641984824768485388,Heineman-Pageau-Eklund,2026020008,2026,NYI,TOR,AWAY,20260930,line,5on5,290.0,2.0,0.3829,0.375,0.2857,1.002,0.175,0.148,0.117,0.005,0.776,0.78,0.175,0.173,0.173,1.0,1.0,1.0,3.0,0.0,0.0,0.0,1.0,0.0,1.0,0.0,1.0,2.0,0.0,0.0,1.0,2.0,1.0,0.0,1.0,1.0,0.0,0.069,0.107,0.0,0.0,0.0,0.0,2.808,2.0,1.909,0.0,0.03,0.0,0.0,0.205,0.203,0.203,3.292,0.282,0.379,0.431,0.008,1.971,1.93,0.268,0.277,0.263,4.0,1.0,0.0,5.0,1.0,1.0,0.0,1.0,0.0,2.0,0.0,3.0,4.0,0.0,0.0,4.0,5.0,0.0,0.0,3.0,2.0,0.0,0.108,0.174,0.0,0.0,1.0,0.0,5.114,5.0,5.082,0.0,0.081,0.037,0.037,0.327,0.322,0.307
84810148485366,Schaefer-Romanov,2026020008,2026,NYI,TOR,AWAY,20260930,pairing,5on5,83.0,8.0,1.0,1.0,1.0,1.292,0.075,0.125,0.229,0.004,0.67,0.897,0.075,0.074,0.074,2.0,0.0,0.0,2.0,0.0,0.0,0.0,1.0,0.0,0.0,1.0,2.0,2.0,0.0,0.0,0.0,0.0,0.0,0.0,2.0,0.0,0.0,0.075,0.0,0.0,0.0,0.0,0.0,1.968,2.0,1.985,0.0,0.025,0.0,0.0,0.1,0.1,0.1,0.0,0.0,0.0,0.0,0.0,0.0,0.0,0.0,0.0,0.0,0.0,0.0,0.0,0.0,0.0,0.0,0.0,0.0,0.0,0.0,0.0,0.0,0.0,0.0,0.0,0.0,0.0,0.0,0.0,0.0,0.0,0.0,0.0,0.0,0.0,0.0,0.0,0.0,0.0,0.0,0.0,0.0,0.0,0.0,0.0,0.0,0.0,0.0
847523184762928481711,Palat-Cizikas-Maccelli,2026020008,2026,NYI,TOR,AWAY,20260930,line,5on5,58.0,10.0,0.1,0.5,0.5,0.817,0.008,0.065,0.17,0.002,0.425,0.33,0.008,0.008,0.008,0.0,1.0,0.0,1.0,0.0,0.0,0.0,0.0,0.0,0.0,1.0,0.0,1.0,0.0,0.0,1.0,0.0,0.0,0.0,1.0,0.0,0.0,0.008,0.0,0.0,0.0,0.0,0.0,0.936,1.0,0.954,0.0,0.014,0.0,0.0,0.022,0.022,0.022,0.797,0.072,0.083,0.081,0.003,0.403,0.358,0.072,0.073,0.073,1.0,0.0,0.0,1.0,0.0,0.0,0.0,0.0,0.0,0.0,1.0,1.0,1.0,0.0,0.0,0.0,0.0,0.0,0.0,1.0,0.0,0.0,0.072,0.0,0.0,0.0,0.0,0.0,1.074,1.0,1.05,0.0,0.018,0.0,0.0,0.09,0.091,0.091
847740784816018484221,Duclair-Ritchie-Holmstrom,2026020008,2026,NYI,TOR,AWAY,20260930,line,5on5,18.0,16.0,0.0,0.0,0.0,0.0,0.0,0.0,0.0,0.0,0.0,0.0,0.0,0.0,0.0,0.0,0.0,0.0,0.0,0.0,0.0,0.0,0.0,0.0,0.0,0.0,0.0,0.0,0.0,0.0,0.0,0.0,0.0,1.0,0.0,0.0,0.0,0.0,0.0,0.0,0.0,0.0,0.0,0.0,0.0,0.0,1.0,0.0,0.0,0.0,0.0,0.0,0.0,0.0,0.0,0.0,0.0,0.0,0.0,0.0,0.0,0.0,0.0,0.0,0.0,0.0,0.0,0.0,0.0,0.0,0.0,0.0,0.0,0.0,0.0,0.0,0.0,0.0,0.0,0.0,0.0,0.0,0.0,0.0,0.0,0.0,0.0,0.0,0.0,0.0,0.0,0.0,0.0,0.0,0.0,0.0,0.0,0.0,0.0,0.0,0.0
847641984816018485388,Holmstrom-Pageau-Eklund,2026020008,2026,NYI,TOR,AWAY,20260930,line,5on5,122.0,7.0,0.1585,0.4,0.3333,0.611,0.013,0.057,0.194,0.002,0.376,0.358,0.013,0.013,0.013,0.0,1.0,1.0,2.0,0.0,0.0,0.0,0.0,0.0,1.0,0.0,0.0,1.0,1.0,2.0,1.0,0.0,0.0,1.0,1.0,0.0,0.0,0.013,0.0,0.0,0.0,0.0,0.0,1.872,1.0,0.954,0.0,0.011,0.0,0.0,0.024,0.024,0.024,1.378,0.069,0.122,0.309,0.002,0.663,0.834,0.069,0.07,0.07,1.0,1.0,1.0,3.0,0.0,0.0,0.0,1.0,0.0,1.0,0.0,1.0,2.0,0.0,0.0,1.0,2.0,0.0,1.0,2.0,0.0,0.0,0.069,0.0,0.0,0.0,0.0,0.0,3.126,2.0,2.089,1.0,0.025,0.0,0.0,0.094,0.095,0.095
84779698479323,Pettersson-Fox,2026020003,2026,NYR,BOS,AWAY,20260929,pairing,5on5,94.0,5.0,0.0,0.0,0.0,0.0,0.0,0.0,0.0,0.0,0.0,0.0,0.0,0.0,0.0,0.0,0.0,0.0,0.0,0.0,0.0,0.0,0.0,0.0,0.0,0.0,0.0,0.0,0.0,0.0,1.0,1.0,1.0,0.0,0.0,0.0,0.0,0.0,0.0,0.0,0.0,0.0,0.0,0.0,0.0,0.0,0.0,0.0,0.0,0.0,0.0,0.0,0.0,1.524,0.17,0.158,0.224,0.004,0.773,0.672,0.17,0.162,0.162,0.0,2.0,0.0,2.0,0.0,0.0,0.0,0.0,0.0,0.0,2.0,0.0,2.0,1.0,2.0,1.0,1.0,0.0,0.0,1.0,1.0,0.0,0.076,0.093,0.0,0.0,0.0,0.0,1.94,2.0,1.942,0.0,0.031,0.0,0.0,0.201,0.192,0.192
84779698479323,Pettersson-Fox,2026020010,2026,NYR,TBL,HOME,20261001,pairing,5on5,68.0,6.0,0.8871,0.5,0.5,0.762,0.055,0.066,0.089,0.004,0.392,0.394,0.055,0.057,0.057,1.0,0.0,0.0,1.0,0.0,0.0,0.0,0.0,0.0,0.0,1.0,1.0,1.0,0.0,0.0,0.0,1.0,0.0,0.0,1.0,0.0,0.0,0.055,0.0,0.0,0.0,0.0,0.0,1.132,1.0,1.05,0.0,0.014,0.0,0.0,0.069,0.071,0.071,0.623,0.007,0.069,0.045,0.001,0.372,0.506,0.007,0.007,0.007,0.0,1.0,0.0,1.0,0.0,0.0,0.0,0.0,0.0,0.0,1.0,0.0,1.0,0.0,0.0,0.0,1.0,0.0,1.0,1.0,0.0,0.0,0.007,0.0,0.0,0.0,0.0,0.0,0.895,1.0,0.954,1.0,0.016,0.0,0.0,0.023,0.022,0.022
847645984774168482109,Lafrenire-Zibanejad-Bjorkstrand,2026020003,2026,NYR,BOS,AWAY,20260929,line,5on5,27.0,13.0,0.0,0.0,0.0,0.0,0.0,0.0,0.0,0.0,0.0,0.0,0.0,0.0,0.0,0.0,0.0,0.0,0.0,0.0,0.0,0.0,0.0,0.0,0.0,0.0,0.0,0.0,0.0,0.0,0.0,0.0,0.0,0.0,0.0,0.0,0.0,0.0,0.0,0.0,0.0,0.0,0.0,0.0,0.0,0.0,0.0,0.0,0.0,0.0,0.0,0.0,0.0,0.0,0.0,0.0,0.0,0.0,0.0,0.0,0.0,0.0,0.0,0.0,0.0,0.0,0.0,0.0,0.0,0.0,0.0,0.0,0.0,0.0,0.0,0.0,0.0,0.0,0.0,1.0,0.0,0.0,0.0,0.0,0.0,0.0,0.0,0.0,0.0,0.0,0.0,0.0,0.0,0.0,0.0,0.0,0.0,0.0,0.0,0.0,0.0
847645984774168482109,Lafrenire-Zibanejad-Bjorkstrand,2026020010,2026,NYR,TBL,HOME,20261001,line,5on5,55.0,6.0,0.0,0.0,0.0,0.0,0.0,0.0,0.0,0.0,0.0,0.0,0.0,0.0,0.0,0.0,0.0,0.0,0.0,0.0,0.0,0.0,0.0,0.0,0.0,0.0,0.0,0.0,0.0,0.0,0.0,0.0,0.0,1.0,0.0,0.0,0.0,0.0,0.0,0.0,0.0,0.0,0.0,0.0,0.0,0.0,1.0,0.0,0.0,0.0,0.0,0.0,0.0,0.0,0.0,0.0,0.0,0.0,0.0,0.0,0.0,0.0,0.0,0.0,0.0,1.0,1.0,0.0,0.0,0.0,0.0,0.0,0.0,0.0,0.0,0.0,0.0,0.0,0.0,0.0,0.0,0.0,0.0,0.0,0.0,0.0,0.0,0.0,0.0,0.0,0.0,0.895,0.0,0.0,0.0,0.0,0.0,0.0,0.0,0.0,0.0
847646884774168482460,Rempe-Miller-Bjorkstrand,2026020003,2026,NYR,BOS,AWAY,20260929,line,5on5,16.0,17.0,0.0,1.0,0.0,0.0,0.0,0.0,0.0,0.0,0.0,0.0,0.0,0.0,0.0,0.0,0.0,1.0,1.0,0.0,0.0,0.0,0.0,0.0,0.0,0.0,0.0,0.0,0.0,0.0,0.0,0.0,0.0,0.0,0.0,0.0,0.0,0.0,0.0,0.0,0.0,0.0,0.0,1.032,0.0,0.0,0.0,0.0,0.0,0.0,0.0,0.0,0.0,0.0,0.0,0.0,0.0,0.0,0.0,0.0,0.0,0.0,0.0,0.0,0.0,0.0,0.0,0.0,0.0,0.0,0.0,0.0,0.0,0.0,0.0,0.0,0.0,0.0,0.0,0.0,0.0,0.0,0.0,0.0,0.0,0.0,0.0,0.0,0.0,0.0,0.0,0.0,0.0,0.0,0.0,0.0,0.0,0.0,0.0,0.0,0.0
84793238485957,Fox-Smits,2026020010,2026,NYR,TBL,HOME,20261001,pairing,5on5,198.0,4.0,0.3774,0.4444,0.25,0.634,0.12,0.085,0.06,0.002,0.389,0.345,0.12,0.124,0.124,1.0,0.0,3.0,4.0,1.0,0.0,0.0,0.0,0.0,0.0,0.0,0.0,0.0,0.0,0.0,1.0,0.0,0.0,2.0,0.0,1.0,0.0,0.0,0.12,0.0,0.0,1.0,0.0,4.528,1.0,1.05,1.0,0.018,0.0,0.0,0.138,0.142,0.142,1.979,0.198,0.284,0.195,0.007,0.954,1.361,0.187,0.196,0.185,3.0,0.0,2.0,5.0,0.0,1.0,0.0,0.0,0.0,2.0,0.0,3.0,3.0,0.0,0.0,0.0,1.0,0.0,1.0,1.0,2.0,0.0,0.016,0.182,0.0,0.0,0.0,0.0,4.639,3.0,2.863,0.0,0.06,0.016,0.016,0.242,0.239,0.226
848178984836908484210,Kartye-Laba-Perreault,2026020003,2026,NYR,BOS,AWAY,20260929,line,5on5,4.0,25.0,0.0,0.0,0.0,0.0,0.0,0.0,0.0,0.0,0.0,0.0,0.0,0.0,0.0,0.0,0.0,0.0,0.0,0.0,0.0,0.0,0.0,0.0,0.0,0.0,0.0,0.0,0.0,0.0,0.0,0.0,0.0,0.0,0.0,0.0,0.0,0.0,0.0,0.0,0.0,0.0,0.0,0.0,0.0,0.0,0.0,0.0,0.0,0.0,0.0,0.0,0.0,0.781,0.153,0.075,0.091,0.003,0.339,0.339,0.153,0.155,0.155,1.0,0.0,0.0,1.0,1.0,0.0,0.0,0.0,0.0,0.0,0.0,0.0,0.0,0.0,0.0,0.0,0.0,0.0,0.0,0.0,1.0,0.0,0.0,0.153,0.0,0.0,1.0,0.0,1.074,1.0,1.05,0.0,0.016,0.0,0.0,0.169,0.171,0.171
847646884774168480813,Veleno-Miller-Bjorkstrand,2026020010,2026,NYR,TBL,HOME,20261001,line,5on5,18.0,12.0,0.0,1.0,0.0,0.0,0.0,0.0,0.0,0.0,0.0,0.0,0.0,0.0,0.0,0.0,0.0,1.0,1.0,0.0,0.0,0.0,0.0,0.0,0.0,0.0,0.0,0.0,0.0,0.0,0.0,0.0,0.0,0.0,0.0,0.0,0.0,0.0,0.0,0.0,0.0,0.0,0.0,1.132,0.0,0.0,0.0,0.0,0.0,0.0,0.0,0.0,0.0,0.0,0.0,0.0,0.0,0.0,0.0,0.0,0.0,0.0,0.0,0.0,0.0,0.0,0.0,0.0,0.0,0.0,0.0,0.0,0.0,0.0,0.0,0.0,0.0,0.0,0.0,0.0,0.0,1.0,0.0,0.0,0.0,0.0,0.0,0.0,0.0,0.0,0.0,0.0,0.0,0.0,0.0,0.0,0.0,0.0,0.0,0.0,0.0
847645984817898482877,Kartye-Zibanejad-Chmelar,2026020010,2026,NYR,TBL,HOME,20261001,line,5on5,17.0,13.0,0.0,0.0,0.0,0.0,0.0,0.0,0.0,0.0,0.0,0.0,0.0,0.0,0.0,0.0,0.0,0.0,0.0,0.0,0.0,0.0,0.0,0.0,0.0,0.0,0.0,0.0,0.0,0.0,1.0,0.0,0.0,0.0,0.0,0.0,0.0,0.0,0.0,0.0,0.0,0.0,0.0,0.0,0.0,0.0,0.0,0.0,0.0,0.0,0.0,0.0,0.0,0.759,0.01,0.074,0.141,0.002,0.315,0.459,0.01,0.009,0.009,0.0,1.0,0.0,1.0,0.0,0.0,0.0,0.0,0.0,1.0,0.0,0.0,1.0,0.0,0.0,0.0,1.0,0.0,1.0,1.0,0.0,0.0,0.01,0.0,0.0,0.0,0.0,0.0,0.895,1.0,0.954,0.0,0.016,0.0,0.0,0.026,0.025,0.025
848081384821578483690,Cuylle-Veleno-Laba,2026020003,2026,NYR,BOS,AWAY,20260929,line,5on5,30.0,10.0,0.0,0.0,0.0,0.0,0.0,0.0,0.0,0.0,0.0,0.0,0.0,0.0,0.0,0.0,0.0,0.0,0.0,0.0,0.0,0.0,0.0,0.0,0.0,0.0,0.0,0.0,0.0,0.0,1.0,0.0,0.0,0.0,0.0,0.0,0.0,0.0,0.0,0.0,0.0,0.0,0.0,0.0,0.0,0.0,0.0,0.0,0.0,0.0,0.0,0.0,0.0,2.237,0.101,0.197,0.428,0.011,1.252,1.011,0.097,0.096,0.092,1.0,2.0,0.0,3.0,0.0,0.0,0.0,0.0,0.0,1.0,2.0,1.0,3.0,0.0,0.0,1.0,0.0,0.0,0.0,3.0,0.0,0.0,0.101,0.0,0.0,0.0,0.0,0.0,2.91,3.0,2.914,0.0,0.043,0.0,0.0,0.144,0.137,0.131
847646884774168481604,Dorofeyev-Miller-Bjorkstrand,2026020003,2026,NYR,BOS,AWAY,20260929,line,5on5,678.0,2.0,0.6862,0.6667,0.7,11.387,0.984,1.357,1.816,0.027,4.913,4.902,0.962,1.033,1.01,11.0,3.0,2.0,16.0,0.0,2.0,0.0,4.0,0.0,4.0,4.0,11.0,14.0,0.0,0.0,6.0,2.0,1.0,5.0,9.0,5.0,0.0,0.421,0.563,0.0,0.0,0.0,0.0,16.512,14.0,14.427,2.0,0.29,0.116,0.116,1.159,1.216,1.193,4.483,0.45,0.498,0.644,0.012,1.933,2.463,0.433,0.43,0.413,5.0,1.0,2.0,8.0,0.0,0.0,0.0,1.0,0.0,1.0,4.0,5.0,6.0,0.0,0.0,6.0,11.0,0.0,2.0,3.0,3.0,0.0,0.094,0.356,0.0,0.0,0.0,0.0,7.76,6.0,5.827,1.0,0.105,0.0,0.0,0.555,0.53,0.511
847646884774168481604,Dorofeyev-Miller-Bjorkstrand,2026020010,2026,NYR,TBL,HOME,20261001,line,5on5,535.0,1.0,0.4963,0.45,0.5,5.625,0.465,0.527,1.003,0.021,2.614,2.37,0.449,0.475,0.458,5.0,2.0,2.0,9.0,1.0,1.0,0.0,0.0,0.0,3.0,2.0,4.0,6.0,2.0,4.0,9.0,1.0,0.0,4.0,6.0,0.0,1.0,0.262,0.0,0.203,0.0,0.0,1.0,9.748,7.0,7.273,4.0,0.115,0.056,0.056,0.524,0.535,0.513,4.8,0.472,0.606,0.809,0.019,2.479,2.616,0.452,0.47,0.451,2.0,5.0,4.0,11.0,0.0,1.0,0.0,0.0,0.0,5.0,1.0,2.0,7.0,0.0,0.0,3.0,7.0,0.0,2.0,6.0,1.0,0.0,0.277,0.195,0.0,0.0,0.0,0.0,10.452,7.0,6.72,1.0,0.124,0.007,0.007,0.59,0.588,0.562
847645984821098484210,Lafrenire-Zibanejad-Perreault,2026020003,2026,NYR,BOS,AWAY,20260929,line,5on5,780.0,1.0,0.4196,0.4118,0.3636,2.62,0.261,0.317,0.45,0.012,1.681,1.279,0.235,0.274,0.246,4.0,0.0,3.0,7.0,0.0,0.0,0.0,0.0,0.0,4.0,0.0,4.0,4.0,0.0,0.0,8.0,7.0,1.0,4.0,3.0,1.0,0.0,0.15,0.111,0.0,0.0,0.0,0.0,7.224,4.0,4.122,0.0,0.067,0.0,0.0,0.328,0.344,0.308,4.945,0.361,0.542,0.825,0.016,2.626,2.63,0.359,0.345,0.343,5.0,2.0,3.0,10.0,0.0,1.0,0.0,1.0,0.0,3.0,2.0,5.0,7.0,0.0,0.0,5.0,6.0,1.0,1.0,7.0,0.0,0.0,0.361,0.0,0.0,0.0,0.0,0.0,9.7,7.0,6.798,0.0,0.11,0.055,0.055,0.416,0.397,0.397
847645984821098484210,Lafrenire-Zibanejad-Perreault,2026020010,2026,NYR,TBL,HOME,20261001,line,5on5,528.0,2.0,0.5861,0.5714,0.5625,6.629,0.616,0.697,1.183,0.017,3.261,3.226,0.598,0.623,0.604,7.0,2.0,3.0,12.0,1.0,1.0,0.0,2.0,0.0,5.0,0.0,6.0,8.0,0.0,0.0,6.0,2.0,0.0,4.0,5.0,4.0,0.0,0.117,0.499,0.0,0.0,1.0,0.0,12.646,9.0,9.215,0.0,0.149,0.035,0.035,0.731,0.738,0.719,4.685,0.435,0.587,0.556,0.012,2.28,3.13,0.424,0.428,0.417,4.0,3.0,2.0,9.0,0.0,1.0,0.0,0.0,0.0,4.0,2.0,4.0,7.0,2.0,4.0,0.0,7.0,0.0,3.0,3.0,4.0,0.0,0.059,0.376,0.0,0.0,0.0,0.0,8.301,7.0,6.68,2.0,0.125,0.016,0.016,0.543,0.535,0.521
847741684816048483690,Dorofeyev-Laba-Bjorkstrand,2026020003,2026,NYR,BOS,AWAY,20260929,line,5on5,31.0,9.0,0.0,0.0,0.0,0.0,0.0,0.0,0.0,0.0,0.0,0.0,0.0,0.0,0.0,0.0,0.0,0.0,0.0,0.0,0.0,0.0,0.0,0.0,0.0,0.0,0.0,0.0,0.0,0.0,0.0,0.0,0.0,0.0,0.0,0.0,0.0,0.0,0.0,0.0,0.0,0.0,0.0,0.0,0.0,0.0,0.0,0.0,0.0,0.0,0.0,0.0,0.0,1.517,0.18,0.13,0.227,0.003,0.56,0.9,0.18,0.172,0.172,1.0,1.0,0.0,2.0,0.0,0.0,0.0,1.0,0.0,0.0,1.0,1.0,2.0,0.0,0.0,0.0,1.0,0.0,0.0,1.0,1.0,0.0,0.044,0.136,0.0,0.0,0.0,0.0,1.94,2.0,1.942,0.0,0.027,0.0,0.0,0.207,0.198,0.198
84779698478882,Pettersson-Gavrikov,2026020003,2026,NYR,BOS,AWAY,20260929,pairing,5on5,74.0,8.0,0.0,0.0,0.0,0.0,0.0,0.0,0.0,0.0,0.0,0.0,0.0,0.0,0.0,0.0,0.0,0.0,0.0,0.0,0.0,0.0,0.0,0.0,0.0,0.0,0.0,0.0,0.0,0.0,0.0,0.0,0.0,0.0,0.0,0.0,0.0,0.0,0.0,0.0,0.0,0.0,0.0,0.0,0.0,0.0,0.0,0.0,0.0,0.0,0.0,0.0,0.0,1.378,0.054,0.107,0.345,0.001,0.544,0.949,0.053,0.051,0.051,1.0,1.0,0.0,2.0,0.0,0.0,0.0,0.0,0.0,2.0,0.0,1.0,2.0,0.0,0.0,0.0,0.0,1.0,0.0,2.0,0.0,0.0,0.054,0.0,0.0,0.0,0.0,0.0,1.94,2.0,1.942,0.0,0.02,0.0,0.0,0.074,0.071,0.07
84788828485957,Gavrikov-Smits,2026020010,2026,NYR,TBL,HOME,20261001,pairing,5on5,42.0,8.0,0.0,0.0,0.0,0.0,0.0,0.0,0.0,0.0,0.0,0.0,0.0,0.0,0.0,0.0,0.0,0.0,0.0,0.0,0.0,0.0,0.0,0.0,0.0,0.0,0.0,0.0,0.0,0.0,0.0,0.0,0.0,0.0,0.0,0.0,0.0,0.0,0.0,0.0,0.0,0.0,0.0,0.0,0.0,0.0,0.0,0.0,0.0,0.0,0.0,0.0,0.0,0.0,0.0,0.0,0.0,0.0,0.0,0.0,0.0,0.0,0.0,0.0,0.0,1.0,1.0,0.0,0.0,0.0,0.0,0.0,0.0,0.0,0.0,0.0,0.0,0.0,0.0,0.0,0.0,0.0,0.0,0.0,0.0,0.0,0.0,0.0,0.0,0.0,0.0,0.936,0.0,0.0,0.0,0.0,0.0,0.0,0.0,0.0,0.0
848081384817898482877,Kartye-Veleno-Chmelar,2026020010,2026,NYR,TBL,HOME,20261001,line,5on5,284.0,4.0,0.5686,0.3,0.2857,1.595,0.286,0.159,0.221,0.004,0.732,0.598,0.286,0.296,0.296,2.0,0.0,1.0,3.0,0.0,0.0,0.0,1.0,0.0,0.0,1.0,2.0,2.0,1.0,2.0,3.0,9.0,0.0,0.0,0.0,2.0,0.0,0.0,0.286,0.0,0.0,0.0,0.0,3.396,2.0,2.101,0.0,0.035,0.0,0.0,0.321,0.333,0.333,4.641,0.217,0.989,0.851,0.009,1.625,1.309,0.2,0.21,0.193,5.0,0.0,2.0,7.0,0.0,4.0,0.0,1.0,0.0,0.0,0.0,5.0,5.0,1.0,2.0,1.0,6.0,0.0,1.0,4.0,1.0,0.0,0.134,0.083,0.0,0.0,0.0,0.0,6.306,5.0,4.772,1.0,0.227,0.194,0.194,0.249,0.241,0.221
848000984808138482157,Cuylle-Veleno-Tolvanen,2026020003,2026,NYR,BOS,AWAY,20260929,line,5on5,28.0,12.0,0.0,1.0,0.0,0.0,0.0,0.0,0.0,0.0,0.0,0.0,0.0,0.0,0.0,0.0,0.0,1.0,1.0,0.0,0.0,0.0,0.0,0.0,0.0,0.0,0.0,0.0,0.0,0.0,0.0,0.0,0.0,0.0,0.0,0.0,0.0,0.0,0.0,0.0,0.0,0.0,0.0,1.032,0.0,0.0,0.0,0.0,0.0,0.0,0.0,0.0,0.0,0.0,0.0,0.0,0.0,0.0,0.0,0.0,0.0,0.0,0.0,0.0,0.0,0.0,0.0,0.0,0.0,0.0,0.0,0.0,0.0,0.0,0.0,0.0,0.0,0.0,0.0,0.0,0.0,1.0,0.0,0.0,0.0,0.0,0.0,0.0,0.0,0.0,0.0,0.0,0.0,0.0,1.0,0.0,0.0,0.0,0.0,0.0,0.0
84788828479323,Gavrikov-Fox,2026020003,2026,NYR,BOS,AWAY,20260929,pairing,5on5,849.0,2.0,0.5706,0.56,0.5789,8.224,0.691,0.847,1.334,0.024,4.197,3.906,0.681,0.725,0.714,9.0,2.0,3.0,14.0,0.0,0.0,0.0,4.0,0.0,3.0,4.0,9.0,11.0,1.0,2.0,9.0,5.0,1.0,5.0,9.0,2.0,0.0,0.41,0.282,0.0,0.0,0.0,0.0,14.448,11.0,11.335,4.0,0.176,0.0,0.0,0.867,0.91,0.896,5.768,0.52,0.609,0.964,0.02,3.053,2.834,0.508,0.501,0.489,6.0,2.0,3.0,11.0,1.0,0.0,0.0,0.0,0.0,4.0,3.0,5.0,7.0,0.0,0.0,9.0,10.0,0.0,2.0,5.0,3.0,0.0,0.216,0.304,0.0,0.0,1.0,0.0,10.726,8.0,7.837,0.0,0.127,0.0,0.0,0.648,0.623,0.607
84788828479323,Gavrikov-Fox,2026020010,2026,NYR,TBL,HOME,20261001,pairing,5on5,613.0,2.0,0.5908,0.7,0.6471,8.44,0.774,0.746,1.547,0.027,4.084,3.821,0.74,0.793,0.758,7.0,4.0,3.0,14.0,0.0,1.0,0.0,2.0,0.0,5.0,3.0,7.0,11.0,3.0,6.0,10.0,4.0,0.0,3.0,8.0,3.0,0.0,0.373,0.401,0.0,0.0,0.0,0.0,15.234,11.0,11.474,1.0,0.157,0.035,0.035,0.896,0.918,0.878,4.096,0.536,0.539,0.608,0.011,2.011,2.294,0.524,0.53,0.518,3.0,3.0,0.0,6.0,1.0,1.0,1.0,0.0,0.0,4.0,0.0,2.0,5.0,0.0,0.0,3.0,7.0,1.0,3.0,3.0,3.0,0.0,0.135,0.401,0.0,1.0,0.0,0.0,5.653,6.0,5.746,2.0,0.113,0.041,0.041,0.608,0.601,0.589
848160484821578483690,Cuylle-Laba-Dorofeyev,2026020010,2026,NYR,TBL,HOME,20261001,line,5on5,15.0,16.0,0.0,0.0,0.0,0.0,0.0,0.0,0.0,0.0,0.0,0.0,0.0,0.0,0.0,0.0,0.0,0.0,0.0,0.0,0.0,0.0,0.0,0.0,0.0,0.0,0.0,0.0,0.0,0.0,0.0,0.0,0.0,0.0,0.0,0.0,0.0,0.0,0.0,0.0,0.0,0.0,0.0,0.0,0.0,0.0,0.0,0.0,0.0,0.0,0.0,0.0,0.0,1.367,0.16,0.163,0.239,0.003,0.57,0.866,0.155,0.155,0.151,1.0,1.0,0.0,2.0,1.0,1.0,1.0,0.0,0.0,0.0,0.0,0.0,1.0,0.0,0.0,0.0,0.0,0.0,0.0,1.0,1.0,0.0,0.041,0.119,0.0,1.0,0.0,0.0,1.831,2.0,1.909,0.0,0.033,0.041,0.041,0.152,0.147,0.145
847646884774168480009,Bjorkstrand-Miller-Tolvanen,2026020003,2026,NYR,BOS,AWAY,20260929,line,5on5,24.0,14.0,0.0,0.0,0.0,0.0,0.0,0.0,0.0,0.0,0.0,0.0,0.0,0.0,0.0,0.0,0.0,0.0,0.0,0.0,0.0,0.0,0.0,0.0,0.0,0.0,0.0,0.0,0.0,0.0,1.0,0.0,0.0,1.0,0.0,0.0,0.0,0.0,0.0,0.0,0.0,0.0,0.0,0.0,0.0,0.0,1.0,0.0,0.0,0.0,0.0,0.0,0.0,0.0,0.0,0.0,0.0,0.0,0.0,0.0,0.0,0.0,0.0,0.0,0.0,0.0,0.0,0.0,0.0,0.0,0.0,0.0,0.0,0.0,0.0,0.0,0.0,0.0,0.0,0.0,0.0,0.0,0.0,0.0,0.0,0.0,0.0,0.0,0.0,0.0,0.0,0.0,0.0,0.0,0.0,0.0,0.0,0.0,0.0,0.0,0.0
847646884816048484210,Perreault-Miller-Dorofeyev,2026020003,2026,NYR,BOS,AWAY,20260929,line,5on5,10.0,22.0,0.0,0.0,0.0,0.0,0.0,0.0,0.0,0.0,0.0,0.0,0.0,0.0,0.0,0.0,0.0,0.0,0.0,0.0,0.0,0.0,0.0,0.0,0.0,0.0,0.0,0.0,0.0,0.0,0.0,1.0,0.0,0.0,0.0,0.0,0.0,0.0,0.0,0.0,0.0,0.0,0.0,0.0,0.0,0.0,0.0,0.0,0.0,0.0,0.0,0.0,0.0,0.0,0.0,0.0,0.0,0.0,0.0,0.0,0.0,0.0,0.0,0.0,0.0,0.0,0.0,0.0,0.0,0.0,0.0,0.0,0.0,0.0,0.0,0.0,0.0,0.0,0.0,0.0,0.0,0.0,0.0,0.0,0.0,0.0,0.0,0.0,0.0,0.0,0.0,0.0,0.0,0.0,0.0,0.0,0.0,0.0,0.0,0.0,0.0
84820738485957,Schneider-Smits,2026020003,2026,NYR,BOS,AWAY,20260929,pairing,5on5,836.0,3.0,0.3899,0.3333,0.2667,3.217,0.416,0.457,0.437,0.012,1.436,1.241,0.405,0.437,0.425,3.0,1.0,3.0,7.0,0.0,0.0,0.0,1.0,0.0,2.0,1.0,3.0,4.0,0.0,0.0,6.0,9.0,0.0,5.0,1.0,3.0,0.0,0.038,0.379,0.0,0.0,0.0,0.0,7.224,4.0,4.122,1.0,0.098,0.0,0.0,0.514,0.539,0.525,7.792,0.651,0.817,1.532,0.019,3.674,4.306,0.649,0.632,0.631,7.0,4.0,3.0,14.0,1.0,1.0,0.0,3.0,0.0,2.0,4.0,6.0,10.0,0.0,0.0,6.0,11.0,1.0,1.0,8.0,3.0,0.0,0.275,0.376,0.0,0.0,1.0,0.0,13.846,11.0,10.841,1.0,0.164,0.055,0.055,0.76,0.74,0.739
84820738485957,Schneider-Smits,2026020010,2026,NYR,TBL,HOME,20261001,pairing,5on5,567.0,3.0,0.5267,0.381,0.4118,5.678,0.474,0.575,1.044,0.016,2.629,2.262,0.474,0.485,0.485,7.0,0.0,1.0,8.0,2.0,1.0,0.0,2.0,0.0,2.0,0.0,5.0,5.0,2.0,4.0,5.0,6.0,0.0,4.0,5.0,1.0,1.0,0.118,0.153,0.203,1.0,0.0,1.0,8.674,7.0,7.194,3.0,0.126,0.056,0.056,0.544,0.555,0.554,7.856,0.426,1.358,1.496,0.017,3.28,3.422,0.408,0.416,0.399,6.0,4.0,3.0,13.0,0.0,5.0,0.0,1.0,0.0,2.0,2.0,6.0,10.0,1.0,2.0,4.0,9.0,1.0,2.0,8.0,2.0,0.0,0.248,0.178,0.0,0.0,0.0,0.0,11.957,10.0,9.563,1.0,0.3,0.201,0.201,0.525,0.514,0.492
847646884808138481789,Kartye-Miller-Veleno,2026020003,2026,NYR,BOS,AWAY,20260929,line,5on5,44.0,6.0,0.0,0.0,0.0,0.0,0.0,0.0,0.0,0.0,0.0,0.0,0.0,0.0,0.0,0.0,0.0,0.0,0.0,0.0,0.0,0.0,0.0,0.0,0.0,0.0,0.0,0.0,0.0,0.0,0.0,1.0,0.0,0.0,0.0,0.0,0.0,0.0,0.0,0.0,0.0,0.0,0.0,0.0,0.0,0.0,0.0,0.0,0.0,0.0,0.0,0.0,0.0,0.688,0.083,0.071,0.107,0.003,0.35,0.385,0.083,0.079,0.079,0.0,1.0,0.0,1.0,0.0,0.0,0.0,0.0,0.0,0.0,1.0,0.0,1.0,0.0,0.0,0.0,1.0,0.0,0.0,0.0,1.0,0.0,0.0,0.083,0.0,0.0,0.0,0.0,0.97,1.0,0.971,0.0,0.015,0.0,0.0,0.098,0.094,0.094
847646884808138481789,Kartye-Miller-Veleno,2026020010,2026,NYR,TBL,HOME,20261001,line,5on5,16.0,14.0,0.0,1.0,0.0,0.0,0.0,0.0,0.0,0.0,0.0,0.0,0.0,0.0,0.0,0.0,0.0,1.0,1.0,0.0,0.0,0.0,0.0,0.0,0.0,0.0,0.0,0.0,0.0,0.0,0.0,0.0,0.0,0.0,0.0,0.0,0.0,0.0,0.0,0.0,0.0,0.0,0.0,1.132,0.0,0.0,0.0,0.0,0.0,0.0,0.0,0.0,0.0,0.0,0.0,0.0,0.0,0.0,0.0,0.0,0.0,0.0,0.0,0.0,0.0,0.0,0.0,0.0,0.0,0.0,0.0,0.0,0.0,0.0,0.0,0.0,0.0,0.0,0.0,0.0,0.0,0.0,0.0,0.0,0.0,0.0,0.0,0.0,0.0,0.0,0.0,0.0,0.0,0.0,0.0,0.0,0.0,0.0,0.0,0.0,0.0
848081384817898482460,Kartye-Veleno-Rempe,2026020003,2026,NYR,BOS,AWAY,20260929,line,5on5,521.0,4.0,0.1856,0.4,0.2222,1.663,0.098,0.292,0.375,0.003,0.6,0.632,0.079,0.103,0.083,2.0,0.0,4.0,6.0,0.0,1.0,0.0,1.0,0.0,0.0,0.0,2.0,2.0,0.0,0.0,2.0,11.0,1.0,0.0,2.0,0.0,0.0,0.098,0.0,0.0,0.0,0.0,0.0,6.192,2.0,2.061,0.0,0.065,0.033,0.033,0.13,0.137,0.109,4.916,0.43,0.535,0.894,0.009,2.071,3.061,0.43,0.413,0.412,4.0,3.0,2.0,9.0,0.0,0.0,0.0,0.0,0.0,4.0,3.0,4.0,7.0,0.0,0.0,5.0,6.0,1.0,1.0,5.0,2.0,0.0,0.168,0.263,0.0,0.0,0.0,0.0,8.892,7.0,6.877,1.0,0.108,0.0,0.0,0.538,0.518,0.518
847645984808138482109,Lafrenire-Veleno-Zibanejad,2026020003,2026,NYR,BOS,AWAY,20260929,line,5on5,17.0,16.0,0.0,0.0,0.0,0.0,0.0,0.0,0.0,0.0,0.0,0.0,0.0,0.0,0.0,0.0,0.0,0.0,0.0,0.0,0.0,0.0,0.0,0.0,0.0,0.0,0.0,0.0,0.0,0.0,0.0,0.0,0.0,0.0,0.0,0.0,0.0,0.0,0.0,0.0,0.0,0.0,0.0,0.0,0.0,0.0,0.0,0.0,0.0,0.0,0.0,0.0,0.0,0.0,0.0,0.0,0.0,0.0,0.0,0.0,0.0,0.0,0.0,0.0,0.0,1.0,1.0,0.0,0.0,0.0,0.0,0.0,0.0,0.0,0.0,0.0,0.0,0.0,1.0,0.0,0.0,0.0,0.0,0.0,0.0,0.0,0.0,0.0,0.0,0.0,0.0,0.97,0.0,0.0,0.0,0.0,0.0,0.0,0.0,0.0,0.0
847645984808138482109,Lafrenire-Veleno-Zibanejad,2026020010,2026,NYR,TBL,HOME,20261001,line,5on5,46.0,7.0,0.0,0.0,0.0,0.0,0.0,0.0,0.0,0.0,0.0,0.0,0.0,0.0,0.0,0.0,0.0,0.0,0.0,0.0,0.0,0.0,0.0,0.0,0.0,0.0,0.0,0.0,0.0,0.0,3.0,1.0,1.0,0.0,0.0,0.0,0.0,0.0,0.0,0.0,0.0,0.0,0.0,0.0,0.0,0.0,0.0,0.0,0.0,0.0,0.0,0.0,0.0,0.0,0.0,0.0,0.0,0.0,0.0,0.0,0.0,0.0,0.0,0.0,0.0,0.0,0.0,0.0,0.0,0.0,0.0,0.0,0.0,0.0,0.0,0.0,0.0,0.0,1.0,0.0,0.0,0.0,0.0,0.0,0.0,0.0,0.0,0.0,0.0,0.0,0.0,0.0,0.0,0.0,0.0,0.0,0.0,0.0,0.0,0.0,0.0
848000984808138481789,Kartye-Veleno-Tolvanen,2026020003,2026,NYR,BOS,AWAY,20260929,line,5on5,44.0,7.0,0.0,0.0,0.0,0.0,0.0,0.0,0.0,0.0,0.0,0.0,0.0,0.0,0.0,0.0,0.0,0.0,0.0,0.0,0.0,0.0,0.0,0.0,0.0,0.0,0.0,0.0,0.0,0.0,1.0,1.0,0.0,0.0,0.0,0.0,0.0,0.0,0.0,0.0,0.0,0.0,0.0,0.0,0.0,0.0,0.0,0.0,0.0,0.0,0.0,0.0,0.0,0.666,0.014,0.057,0.188,0.001,0.276,0.463,0.014,0.014,0.014,0.0,1.0,0.0,1.0,0.0,0.0,0.0,1.0,0.0,0.0,0.0,0.0,1.0,0.0,0.0,1.0,0.0,0.0,0.0,1.0,0.0,0.0,0.014,0.0,0.0,0.0,0.0,0.0,0.97,1.0,0.971,0.0,0.011,0.0,0.0,0.025,0.024,0.024
848081384821578482460,Cuylle-Veleno-Rempe,2026020003,2026,NYR,BOS,AWAY,20260929,line,5on5,28.0,11.0,0.0,0.0,0.0,0.0,0.0,0.0,0.0,0.0,0.0,0.0,0.0,0.0,0.0,0.0,0.0,0.0,0.0,0.0,0.0,0.0,0.0,0.0,0.0,0.0,0.0,0.0,0.0,0.0,0.0,1.0,0.0,0.0,0.0,0.0,0.0,0.0,0.0,0.0,0.0,0.0,0.0,0.0,0.0,0.0,0.0,0.0,0.0,0.0,0.0,0.0,0.0,0.0,0.0,0.0,0.0,0.0,0.0,0.0,0.0,0.0,0.0,0.0,0.0,0.0,0.0,0.0,0.0,0.0,0.0,0.0,0.0,0.0,0.0,0.0,0.0,0.0,0.0,0.0,0.0,0.0,0.0,0.0,0.0,0.0,0.0,0.0,0.0,0.0,0.0,0.0,0.0,0.0,0.0,0.0,0.0,0.0,0.0,0.0,0.0
84788828482073,Gavrikov-Schneider,2026020003,2026,NYR,BOS,AWAY,20260929,pairing,5on5,91.0,6.0,0.7111,0.75,0.75,2.855,0.192,0.48,0.385,0.004,0.937,1.001,0.181,0.202,0.19,3.0,0.0,0.0,3.0,0.0,2.0,0.0,1.0,0.0,0.0,0.0,3.0,3.0,0.0,0.0,0.0,2.0,1.0,0.0,2.0,1.0,0.0,0.111,0.081,0.0,0.0,0.0,0.0,3.096,3.0,3.091,0.0,0.109,0.116,0.116,0.185,0.195,0.185,0.549,0.078,0.069,0.058,0.002,0.26,0.532,0.078,0.075,0.075,0.0,1.0,0.0,1.0,0.0,0.0,0.0,0.0,0.0,0.0,1.0,0.0,1.0,0.0,0.0,0.0,2.0,1.0,0.0,1.0,0.0,0.0,0.078,0.0,0.0,0.0,0.0,0.0,0.97,1.0,0.971,0.0,0.015,0.0,0.0,0.093,0.089,0.089
84788828482073,Gavrikov-Schneider,2026020010,2026,NYR,TBL,HOME,20261001,pairing,5on5,179.0,5.0,0.0,0.1429,0.0,0.0,0.0,0.0,0.0,0.0,0.0,0.0,0.0,0.0,0.0,0.0,0.0,1.0,1.0,0.0,0.0,0.0,0.0,0.0,0.0,0.0,0.0,0.0,0.0,0.0,2.0,3.0,0.0,0.0,0.0,0.0,0.0,0.0,0.0,0.0,0.0,0.0,0.0,1.026,0.0,0.0,0.0,0.0,0.0,0.0,0.0,0.0,0.0,0.677,0.117,0.107,0.058,0.002,0.293,0.423,0.117,0.117,0.117,0.0,1.0,5.0,6.0,0.0,0.0,0.0,1.0,0.0,0.0,0.0,0.0,1.0,0.0,0.0,1.0,1.0,0.0,0.0,0.0,1.0,0.0,0.0,0.117,0.0,0.0,0.0,0.0,5.532,1.0,0.964,0.0,0.024,0.0,0.0,0.141,0.141,0.141
847645984774168481604,Dorofeyev-Zibanejad-Bjorkstrand,2026020003,2026,NYR,BOS,AWAY,20260929,line,5on5,23.0,15.0,0.0,0.0,0.0,0.0,0.0,0.0,0.0,0.0,0.0,0.0,0.0,0.0,0.0,0.0,0.0,0.0,0.0,0.0,0.0,0.0,0.0,0.0,0.0,0.0,0.0,0.0,0.0,0.0,0.0,1.0,0.0,0.0,0.0,0.0,0.0,0.0,0.0,0.0,0.0,0.0,0.0,0.0,0.0,0.0,0.0,0.0,0.0,0.0,0.0,0.0,0.0,0.0,0.0,0.0,0.0,0.0,0.0,0.0,0.0,0.0,0.0,0.0,0.0,0.0,0.0,0.0,0.0,0.0,0.0,0.0,0.0,0.0,0.0,0.0,0.0,0.0,0.0,1.0,0.0,0.0,0.0,0.0,0.0,0.0,0.0,0.0,0.0,0.0,0.0,0.0,0.0,0.0,0.0,0.0,0.0,0.0,0.0,0.0,0.0
847645984774168481604,Dorofeyev-Zibanejad-Bjorkstrand,2026020010,2026,NYR,TBL,HOME,20261001,line,5on5,15.0,17.0,0.0,0.0,0.0,0.0,0.0,0.0,0.0,0.0,0.0,0.0,0.0,0.0,0.0,0.0,0.0,0.0,0.0,0.0,0.0,0.0,0.0,0.0,0.0,0.0,0.0,0.0,0.0,0.0,0.0,0.0,0.0,0.0,0.0,0.0,0.0,0.0,0.0,0.0,0.0,0.0,0.0,0.0,0.0,0.0,0.0,0.0,0.0,0.0,0.0,0.0,0.0,0.0,0.0,0.0,0.0,0.0,0.0,0.0,0.0,0.0,0.0,0.0,0.0,0.0,0.0,0.0,0.0,0.0,0.0,0.0,0.0,0.0,0.0,0.0,0.0,0.0,0.0,1.0,0.0,2.0,0.0,0.0,0.0,0.0,0.0,0.0,0.0,0.0,0.0,0.0,0.0,0.0,1.0,0.0,0.0,0.0,0.0,0.0,0.0
84788828480434,Gavrikov-Durzi,2026020003,2026,NYR,BOS,AWAY,20260929,pairing,5on5,106.0,4.0,0.5444,0.8333,0.6667,1.663,0.098,0.292,0.375,0.003,0.6,0.632,0.079,0.103,0.083,2.0,0.0,3.0,5.0,0.0,1.0,0.0,1.0,0.0,0.0,0.0,2.0,2.0,0.0,0.0,0.0,1.0,0.0,1.0,2.0,0.0,0.0,0.098,0.0,0.0,0.0,0.0,0.0,5.16,2.0,2.061,0.0,0.065,0.033,0.033,0.13,0.137,0.109,0.709,0.082,0.07,0.192,0.001,0.264,0.39,0.082,0.078,0.078,0.0,1.0,0.0,1.0,0.0,0.0,0.0,0.0,0.0,0.0,1.0,0.0,1.0,0.0,0.0,1.0,0.0,0.0,1.0,0.0,1.0,0.0,0.0,0.082,0.0,0.0,0.0,0.0,0.97,1.0,0.971,0.0,0.014,0.0,0.0,0.096,0.091,0.091
84788828480434,Gavrikov-Durzi,2026020010,2026,NYR,TBL,HOME,20261001,pairing,5on5,24.0,9.0,0.0,0.0,0.0,0.0,0.0,0.0,0.0,0.0,0.0,0.0,0.0,0.0,0.0,0.0,0.0,0.0,0.0,0.0,0.0,0.0,0.0,0.0,0.0,0.0,0.0,0.0,0.0,0.0,0.0,0.0,0.0,1.0,0.0,0.0,0.0,0.0,0.0,0.0,0.0,0.0,0.0,0.0,0.0,0.0,1.0,0.0,0.0,0.0,0.0,0.0,0.0,0.0,0.0,0.0,0.0,0.0,0.0,0.0,0.0,0.0,0.0,0.0,0.0,0.0,0.0,0.0,0.0,0.0,0.0,0.0,0.0,0.0,0.0,0.0,0.0,0.0,0.0,0.0,0.0,0.0,0.0,0.0,0.0,0.0,0.0,0.0,0.0,0.0,0.0,0.0,0.0,0.0,0.0,0.0,0.0,0.0,0.0,0.0,0.0
84779698480434,Pettersson-Durzi,2026020003,2026,NYR,BOS,AWAY,20260929,pairing,5on5,1062.0,1.0,0.3565,0.4375,0.4,5.72,0.513,0.534,1.162,0.012,2.891,2.889,0.497,0.538,0.522,5.0,3.0,6.0,14.0,0.0,0.0,0.0,1.0,0.0,5.0,2.0,5.0,8.0,0.0,0.0,7.0,15.0,1.0,7.0,6.0,1.0,1.0,0.19,0.111,0.211,0.0,0.0,0.0,14.448,8.0,8.244,0.0,0.11,0.0,0.0,0.623,0.654,0.632,9.219,0.926,1.033,1.334,0.03,4.082,4.595,0.908,0.889,0.872,7.0,5.0,6.0,18.0,0.0,1.0,0.0,2.0,0.0,4.0,5.0,7.0,12.0,0.0,0.0,6.0,7.0,1.0,5.0,7.0,5.0,0.0,0.247,0.68,0.0,0.0,0.0,0.0,17.946,12.0,11.813,4.0,0.218,0.031,0.031,1.113,1.069,1.05
84779698480434,Pettersson-Durzi,2026020010,2026,NYR,TBL,HOME,20261001,pairing,5on5,708.0,1.0,0.5231,0.4737,0.5,4.003,0.373,0.565,0.721,0.012,1.653,1.677,0.362,0.378,0.367,2.0,3.0,4.0,9.0,0.0,1.0,0.0,0.0,0.0,3.0,1.0,2.0,5.0,2.0,4.0,6.0,6.0,3.0,5.0,3.0,1.0,1.0,0.06,0.102,0.211,0.0,0.0,0.0,9.69,5.0,5.172,3.0,0.124,0.051,0.051,0.446,0.452,0.441,3.612,0.34,0.438,0.595,0.013,1.62,1.994,0.327,0.342,0.33,1.0,4.0,5.0,10.0,0.0,0.0,0.0,0.0,0.0,4.0,1.0,1.0,5.0,1.0,2.0,3.0,9.0,0.0,6.0,3.0,2.0,0.0,0.125,0.215,0.0,0.0,0.0,0.0,9.429,5.0,4.848,2.0,0.092,0.0,0.0,0.432,0.434,0.419
848178984828778483690,Kartye-Laba-Chmelar,2026020010,2026,NYR,TBL,HOME,20261001,line,5on5,13.0,18.0,0.0,0.0,0.0,0.0,0.0,0.0,0.0,0.0,0.0,0.0,0.0,0.0,0.0,0.0,0.0,0.0,0.0,0.0,0.0,0.0,0.0,0.0,0.0,0.0,0.0,0.0,0.0,0.0,0.0,0.0,0.0,0.0,0.0,0.0,0.0,0.0,0.0,0.0,0.0,0.0,0.0,0.0,0.0,0.0,0.0,0.0,0.0,0.0,0.0,0.0,0.0,0.0,0.0,0.0,0.0,0.0,0.0,0.0,0.0,0.0,0.0,0.0,0.0,1.0,1.0,0.0,0.0,0.0,0.0,0.0,0.0,0.0,0.0,0.0,0.0,0.0,0.0,0.0,0.0,0.0,0.0,0.0,0.0,0.0,0.0,0.0,0.0,0.0,0.0,0.895,0.0,0.0,0.0,0.0,0.0,0.0,0.0,0.0,0.0
84779698485957,Pettersson-Smits,2026020003,2026,NYR,BOS,AWAY,20260929,pairing,5on5,57.0,9.0,1.0,0.5,1.0,0.779,0.021,0.059,0.138,0.001,0.339,0.443,0.021,0.022,0.022,0.0,1.0,0.0,1.0,0.0,0.0,0.0,0.0,0.0,1.0,0.0,0.0,1.0,0.0,0.0,0.0,0.0,0.0,0.0,1.0,0.0,0.0,0.021,0.0,0.0,0.0,0.0,0.0,1.032,1.0,1.03,0.0,0.013,0.0,0.0,0.034,0.036,0.036,0.0,0.0,0.0,0.0,0.0,0.0,0.0,0.0,0.0,0.0,0.0,0.0,1.0,1.0,0.0,0.0,0.0,0.0,0.0,0.0,0.0,0.0,0.0,0.0,0.0,0.0,2.0,0.0,1.0,0.0,0.0,0.0,0.0,0.0,0.0,0.0,0.0,0.0,0.97,0.0,0.0,0.0,0.0,0.0,0.0,0.0,0.0,0.0
84779698485957,Pettersson-Smits,2026020010,2026,NYR,TBL,HOME,20261001,pairing,5on5,46.0,7.0,1.0,0.5,1.0,0.735,0.101,0.107,0.109,0.001,0.285,0.397,0.101,0.104,0.104,1.0,0.0,0.0,1.0,0.0,0.0,0.0,0.0,0.0,1.0,0.0,1.0,1.0,0.0,0.0,0.0,0.0,0.0,0.0,0.0,1.0,0.0,0.0,0.101,0.0,0.0,0.0,0.0,1.132,1.0,1.05,0.0,0.023,0.0,0.0,0.124,0.128,0.128,0.0,0.0,0.0,0.0,0.0,0.0,0.0,0.0,0.0,0.0,0.0,0.0,1.0,1.0,0.0,0.0,0.0,0.0,0.0,0.0,0.0,0.0,0.0,1.0,2.0,0.0,1.0,0.0,1.0,0.0,0.0,0.0,0.0,0.0,0.0,0.0,0.0,0.0,0.936,0.0,0.0,1.0,0.0,0.0,0.0,0.0,0.0,0.0
847645984800098482157,Cuylle-Zibanejad-Tolvanen,2026020003,2026,NYR,BOS,AWAY,20260929,line,5on5,13.0,20.0,0.0,0.0,0.0,0.0,0.0,0.0,0.0,0.0,0.0,0.0,0.0,0.0,0.0,0.0,0.0,0.0,0.0,0.0,0.0,0.0,0.0,0.0,0.0,0.0,0.0,0.0,0.0,0.0,0.0,0.0,0.0,1.0,0.0,0.0,0.0,0.0,0.0,0.0,0.0,0.0,0.0,0.0,0.0,0.0,0.0,0.0,0.0,0.0,0.0,0.0,0.0,0.0,0.0,0.0,0.0,0.0,0.0,0.0,0.0,0.0,0.0,0.0,0.0,0.0,0.0,0.0,0.0,0.0,0.0,0.0,0.0,0.0,0.0,0.0,0.0,0.0,0.0,0.0,0.0,0.0,0.0,0.0,0.0,0.0,0.0,0.0,0.0,0.0,0.0,0.0,0.0,0.0,0.0,0.0,0.0,0.0,0.0,0.0,0.0
847645984800098484210,Perreault-Zibanejad-Tolvanen,2026020003,2026,NYR,BOS,AWAY,20260929,line,5on5,32.0,8.0,0.0,0.0,0.0,0.0,0.0,0.0,0.0,0.0,0.0,0.0,0.0,0.0,0.0,0.0,0.0,0.0,0.0,0.0,0.0,0.0,0.0,0.0,0.0,0.0,0.0,0.0,0.0,0.0,0.0,0.0,1.0,0.0,0.0,0.0,0.0,0.0,0.0,0.0,0.0,0.0,0.0,0.0,0.0,0.0,0.0,0.0,0.0,0.0,0.0,0.0,0.0,0.614,0.043,0.076,0.162,0.001,0.324,0.394,0.043,0.041,0.041,0.0,1.0,0.0,1.0,0.0,0.0,0.0,1.0,0.0,0.0,0.0,0.0,1.0,0.0,0.0,0.0,0.0,1.0,0.0,1.0,0.0,0.0,0.043,0.0,0.0,0.0,0.0,0.0,0.97,1.0,0.971,0.0,0.015,0.0,0.0,0.058,0.055,0.055
848000984817898483690,Kartye-Laba-Tolvanen,2026020010,2026,NYR,TBL,HOME,20261001,line,5on5,110.0,5.0,0.0,0.0,0.0,0.0,0.0,0.0,0.0,0.0,0.0,0.0,0.0,0.0,0.0,0.0,0.0,0.0,0.0,0.0,0.0,0.0,0.0,0.0,0.0,0.0,0.0,0.0,0.0,0.0,0.0,2.0,0.0,1.0,0.0,0.0,0.0,0.0,0.0,0.0,0.0,0.0,0.0,0.0,0.0,0.0,1.0,0.0,0.0,0.0,0.0,0.0,0.0,0.754,0.107,0.149,0.083,0.003,0.287,0.37,0.107,0.113,0.113,0.0,1.0,4.0,5.0,0.0,0.0,0.0,0.0,0.0,1.0,0.0,0.0,1.0,0.0,0.0,1.0,0.0,0.0,0.0,0.0,1.0,0.0,0.0,0.107,0.0,0.0,0.0,0.0,4.749,1.0,1.03,0.0,0.033,0.0,0.0,0.14,0.147,0.147
848000984821578483690,Cuylle-Laba-Tolvanen,2026020003,2026,NYR,BOS,AWAY,20260929,line,5on5,605.0,3.0,0.4478,0.4583,0.5,6.159,0.54,0.639,0.987,0.014,2.924,2.896,0.54,0.567,0.567,5.0,3.0,3.0,11.0,0.0,0.0,0.0,3.0,0.0,2.0,3.0,5.0,8.0,1.0,2.0,4.0,8.0,0.0,4.0,6.0,1.0,1.0,0.151,0.179,0.211,0.0,0.0,0.0,11.352,8.0,8.244,2.0,0.135,0.0,0.0,0.676,0.709,0.709,6.072,0.666,0.682,0.999,0.019,3.006,2.627,0.657,0.645,0.637,4.0,4.0,5.0,13.0,1.0,1.0,0.0,0.0,0.0,3.0,3.0,3.0,7.0,0.0,0.0,4.0,8.0,1.0,3.0,3.0,5.0,0.0,0.122,0.544,0.0,0.0,1.0,0.0,13.152,8.0,7.995,1.0,0.142,0.031,0.031,0.778,0.753,0.742
848000984821578483690,Cuylle-Laba-Tolvanen,2026020010,2026,NYR,TBL,HOME,20261001,line,5on5,490.0,3.0,0.6801,0.7143,0.7,5.64,0.474,0.694,1.074,0.017,2.434,2.307,0.463,0.49,0.479,4.0,3.0,3.0,10.0,1.0,1.0,0.0,1.0,0.0,3.0,1.0,3.0,6.0,3.0,6.0,2.0,4.0,1.0,4.0,5.0,1.0,1.0,0.172,0.09,0.211,1.0,0.0,0.0,11.098,7.0,7.352,2.0,0.148,0.051,0.051,0.571,0.591,0.58,1.836,0.223,0.226,0.319,0.004,0.976,1.251,0.222,0.222,0.221,1.0,2.0,1.0,4.0,0.0,0.0,0.0,1.0,0.0,1.0,1.0,1.0,3.0,0.0,0.0,5.0,5.0,2.0,4.0,1.0,2.0,0.0,0.011,0.212,0.0,0.0,0.0,0.0,3.822,3.0,2.873,2.0,0.048,0.0,0.0,0.271,0.269,0.268
847645984817898482109,Lafrenire-Zibanejad-Kartye,2026020010,2026,NYR,TBL,HOME,20261001,line,5on5,43.0,8.0,1.0,1.0,1.0,0.762,0.055,0.066,0.089,0.004,0.392,0.394,0.055,0.057,0.057,1.0,0.0,1.0,2.0,0.0,0.0,0.0,0.0,0.0,0.0,1.0,1.0,1.0,0.0,0.0,0.0,0.0,0.0,0.0,1.0,0.0,0.0,0.055,0.0,0.0,0.0,0.0,0.0,2.264,1.0,1.05,0.0,0.014,0.0,0.0,0.069,0.071,0.071,0.0,0.0,0.0,0.0,0.0,0.0,0.0,0.0,0.0,0.0,0.0,0.0,0.0,0.0,0.0,0.0,0.0,0.0,0.0,0.0,0.0,0.0,0.0,0.0,0.0,0.0,0.0,0.0,1.0,0.0,0.0,0.0,0.0,0.0,0.0,0.0,0.0,0.0,0.0,0.0,0.0,1.0,0.0,0.0,0.0,0.0,0.0,0.0
848000984836908484210,Perreault-Laba-Tolvanen,2026020003,2026,NYR,BOS,AWAY,20260929,line,5on5,14.0,18.0,0.0,0.0,0.0,0.0,0.0,0.0,0.0,0.0,0.0,0.0,0.0,0.0,0.0,0.0,0.0,0.0,0.0,0.0,0.0,0.0,0.0,0.0,0.0,0.0,0.0,0.0,0.0,0.0,0.0,1.0,0.0,0.0,0.0,0.0,0.0,0.0,0.0,0.0,0.0,0.0,0.0,0.0,0.0,0.0,0.0,0.0,0.0,0.0,0.0,0.0,0.0,0.0,0.0,0.0,0.0,0.0,0.0,0.0,0.0,0.0,0.0,0.0,0.0,1.0,1.0,0.0,0.0,0.0,0.0,0.0,0.0,0.0,0.0,0.0,0.0,0.0,0.0,0.0,0.0,0.0,0.0,0.0,0.0,0.0,0.0,0.0,0.0,0.0,0.0,0.97,0.0,0.0,0.0,0.0,0.0,0.0,0.0,0.0,0.0
847741684808138482877,Chmelar-Veleno-Bjorkstrand,2026020010,2026,NYR,TBL,HOME,20261001,line,5on5,22.0,9.0,0.0,0.0,0.0,0.0,0.0,0.0,0.0,0.0,0.0,0.0,0.0,0.0,0.0,0.0,0.0,0.0,0.0,0.0,0.0,0.0,0.0,0.0,0.0,0.0,0.0,0.0,0.0,0.0,0.0,1.0,0.0,0.0,0.0,0.0,0.0,0.0,0.0,0.0,0.0,0.0,0.0,0.0,0.0,0.0,0.0,0.0,0.0,0.0,0.0,0.0,0.0,0.0,0.0,0.0,0.0,0.0,0.0,0.0,0.0,0.0,0.0,0.0,0.0,0.0,0.0,0.0,0.0,0.0,0.0,0.0,0.0,0.0,0.0,0.0,0.0,0.0,0.0,0.0,0.0,0.0,0.0,0.0,0.0,0.0,0.0,0.0,0.0,0.0,0.0,0.0,0.0,0.0,0.0,0.0,0.0,0.0,0.0,0.0,0.0
84804348485957,Durzi-Smits,2026020003,2026,NYR,BOS,AWAY,20260929,pairing,5on5,80.0,7.0,0.0,0.0,0.0,0.0,0.0,0.0,0.0,0.0,0.0,0.0,0.0,0.0,0.0,0.0,0.0,0.0,0.0,0.0,0.0,0.0,0.0,0.0,0.0,0.0,0.0,0.0,0.0,0.0,0.0,2.0,0.0,0.0,0.0,0.0,0.0,0.0,0.0,0.0,0.0,0.0,0.0,0.0,0.0,0.0,0.0,0.0,0.0,0.0,0.0,0.0,0.0,0.688,0.083,0.071,0.107,0.003,0.35,0.385,0.083,0.079,0.079,0.0,1.0,1.0,2.0,0.0,0.0,0.0,0.0,0.0,0.0,1.0,0.0,1.0,0.0,0.0,0.0,1.0,0.0,0.0,0.0,1.0,0.0,0.0,0.083,0.0,0.0,0.0,0.0,1.94,1.0,0.971,0.0,0.015,0.0,0.0,0.098,0.094,0.094
847741684808138481604,Dorofeyev-Veleno-Bjorkstrand,2026020003,2026,NYR,BOS,AWAY,20260929,line,5on5,44.0,5.0,1.0,1.0,1.0,0.629,0.048,0.065,0.203,0.001,0.282,0.402,0.048,0.05,0.05,0.0,1.0,1.0,2.0,0.0,0.0,0.0,0.0,0.0,1.0,0.0,0.0,1.0,0.0,0.0,0.0,0.0,0.0,0.0,1.0,0.0,0.0,0.048,0.0,0.0,0.0,0.0,0.0,2.064,1.0,1.03,0.0,0.013,0.0,0.0,0.061,0.064,0.064,0.0,0.0,0.0,0.0,0.0,0.0,0.0,0.0,0.0,0.0,0.0,0.0,0.0,0.0,0.0,0.0,0.0,0.0,0.0,0.0,0.0,0.0,0.0,0.0,0.0,0.0,0.0,0.0,2.0,0.0,0.0,0.0,0.0,0.0,0.0,0.0,0.0,0.0,0.0,0.0,0.0,1.0,0.0,0.0,0.0,0.0,0.0,0.0
847741684808138481604,Dorofeyev-Veleno-Bjorkstrand,2026020010,2026,NYR,TBL,HOME,20261001,line,5on5,19.0,11.0,0.0,0.0,0.0,0.0,0.0,0.0,0.0,0.0,0.0,0.0,0.0,0.0,0.0,0.0,0.0,0.0,0.0,0.0,0.0,0.0,0.0,0.0,0.0,0.0,0.0,0.0,0.0,0.0,0.0,0.0,0.0,0.0,0.0,0.0,0.0,0.0,0.0,0.0,0.0,0.0,0.0,0.0,0.0,0.0,0.0,0.0,0.0,0.0,0.0,0.0,0.0,0.0,0.0,0.0,0.0,0.0,0.0,0.0,0.0,0.0,0.0,0.0,0.0,0.0,0.0,0.0,0.0,0.0,0.0,0.0,0.0,0.0,0.0,0.0,0.0,0.0,0.0,1.0,0.0,0.0,0.0,0.0,0.0,0.0,0.0,0.0,0.0,0.0,0.0,0.0,0.0,0.0,0.0,0.0,0.0,0.0,0.0,0.0,0.0
847645984828778484210,Perreault-Zibanejad-Chmelar,2026020010,2026,NYR,TBL,HOME,20261001,line,5on5,15.0,15.0,0.0,0.0,0.0,0.0,0.0,0.0,0.0,0.0,0.0,0.0,0.0,0.0,0.0,0.0,0.0,0.0,0.0,0.0,0.0,0.0,0.0,0.0,0.0,0.0,0.0,0.0,0.0,0.0,0.0,0.0,0.0,0.0,0.0,0.0,0.0,0.0,0.0,0.0,0.0,0.0,0.0,0.0,0.0,0.0,0.0,0.0,0.0,0.0,0.0,0.0,0.0,0.0,0.0,0.0,0.0,0.0,0.0,0.0,0.0,0.0,0.0,0.0,0.0,1.0,1.0,0.0,0.0,0.0,0.0,0.0,0.0,0.0,0.0,0.0,0.0,0.0,0.0,0.0,0.0,0.0,0.0,0.0,0.0,0.0,0.0,0.0,0.0,0.0,0.0,0.936,0.0,0.0,0.0,0.0,0.0,0.0,0.0,0.0,0.0
848210984836908484210,Lafrenire-Laba-Perreault,2026020003,2026,NYR,BOS,AWAY,20260929,line,5on5,13.0,19.0,0.0,0.0,0.0,0.0,0.0,0.0,0.0,0.0,0.0,0.0,0.0,0.0,0.0,0.0,0.0,0.0,0.0,0.0,0.0,0.0,0.0,0.0,0.0,0.0,0.0,0.0,0.0,0.0,0.0,0.0,0.0,1.0,0.0,0.0,0.0,0.0,0.0,0.0,0.0,0.0,0.0,0.0,0.0,0.0,0.0,0.0,0.0,0.0,0.0,0.0,0.0,0.0,0.0,0.0,0.0,0.0,0.0,0.0,0.0,0.0,0.0,0.0,0.0,0.0,0.0,0.0,0.0,0.0,0.0,0.0,0.0,0.0,0.0,0.0,0.0,0.0,0.0,0.0,0.0,0.0,0.0,0.0,0.0,0.0,0.0,0.0,0.0,0.0,0.0,0.0,0.0,0.0,0.0,0.0,0.0,0.0,0.0,0.0,0.0
848210984821578483690,Cuylle-Laba-Lafrenire,2026020003,2026,NYR,BOS,AWAY,20260929,line,5on5,13.0,21.0,0.0,0.0,0.0,0.0,0.0,0.0,0.0,0.0,0.0,0.0,0.0,0.0,0.0,0.0,0.0,0.0,0.0,0.0,0.0,0.0,0.0,0.0,0.0,0.0,0.0,0.0,0.0,0.0,0.0,0.0,0.0,1.0,0.0,0.0,0.0,0.0,0.0,0.0,0.0,0.0,0.0,0.0,0.0,0.0,0.0,0.0,0.0,0.0,0.0,0.0,0.0,0.0,0.0,0.0,0.0,0.0,0.0,0.0,0.0,0.0,0.0,0.0,0.0,0.0,0.0,0.0,0.0,0.0,0.0,0.0,0.0,0.0,0.0,0.0,0.0,0.0,0.0,0.0,0.0,0.0,0.0,0.0,0.0,0.0,0.0,0.0,0.0,0.0,0.0,0.0,0.0,0.0,0.0,0.0,0.0,0.0,0.0,0.0,0.0
848215784828778483690,Cuylle-Laba-Chmelar,2026020010,2026,NYR,TBL,HOME,20261001,line,5on5,21.0,10.0,0.0,0.0,0.0,0.0,0.0,0.0,0.0,0.0,0.0,0.0,0.0,0.0,0.0,0.0,0.0,0.0,0.0,0.0,0.0,0.0,0.0,0.0,0.0,0.0,0.0,0.0,1.0,2.0,0.0,0.0,0.0,1.0,0.0,0.0,0.0,0.0,0.0,0.0,0.0,0.0,0.0,0.0,0.0,0.0,1.0,0.0,0.0,0.0,0.0,0.0,0.0,0.0,0.0,0.0,0.0,0.0,0.0,0.0,0.0,0.0,0.0,0.0,0.0,1.0,1.0,0.0,0.0,0.0,0.0,0.0,0.0,0.0,0.0,0.0,0.0,0.0,0.0,1.0,0.0,0.0,0.0,0.0,0.0,0.0,0.0,0.0,0.0,0.0,0.0,0.895,0.0,0.0,0.0,0.0,0.0,0.0,0.0,0.0,0.0
84774998477948,Sanheim-Ristolainen,2026020006,2026,PHI,PIT,HOME,20260930,pairing,5on5,839.0,2.0,0.1423,0.3421,0.3125,7.049,0.227,0.565,1.635,0.015,3.332,4.226,0.226,0.205,0.204,6.0,4.0,3.0,13.0,0.0,0.0,0.0,3.0,0.0,5.0,2.0,6.0,10.0,1.0,2.0,5.0,10.0,2.0,6.0,10.0,0.0,0.0,0.227,0.0,0.0,0.0,0.0,0.0,11.507,10.0,9.109,5.0,0.112,0.0,0.0,0.339,0.307,0.306,16.896,1.368,1.882,2.887,0.041,8.029,7.793,1.28,1.535,1.435,15.0,7.0,3.0,25.0,1.0,3.0,0.0,4.0,0.0,11.0,3.0,14.0,21.0,0.0,0.0,8.0,9.0,1.0,4.0,18.0,3.0,1.0,0.679,0.389,0.3,1.0,0.0,0.0,29.051,22.0,25.068,2.0,0.391,0.399,0.399,1.361,1.529,1.432
84774998477948,Sanheim-Ristolainen,2026020009,2026,PHI,NJD,AWAY,20261001,pairing,5on5,1006.0,1.0,0.2878,0.3684,0.3793,8.044,0.459,0.755,1.526,0.019,4.42,3.822,0.455,0.495,0.49,10.0,1.0,3.0,14.0,1.0,0.0,0.0,3.0,0.0,3.0,4.0,9.0,10.0,1.0,2.0,12.0,5.0,0.0,5.0,9.0,2.0,0.0,0.228,0.232,0.0,1.0,0.0,0.0,14.803,11.0,11.615,3.0,0.157,0.0,0.0,0.616,0.662,0.657,13.496,1.136,1.416,2.506,0.053,6.505,6.384,1.08,1.061,1.009,11.0,7.0,6.0,24.0,1.0,1.0,0.0,2.0,0.0,8.0,6.0,10.0,17.0,1.0,2.0,11.0,8.0,2.0,6.0,13.0,5.0,0.0,0.469,0.667,0.0,0.0,1.0,0.0,22.51,18.0,16.879,4.0,0.29,0.069,0.069,1.356,1.267,1.208
847856984793368481533,Acciari-Zegras-Grundstrom,2026020006,2026,PHI,PIT,HOME,20260930,line,5on5,11.0,21.0,0.0,0.0,0.0,0.0,0.0,0.0,0.0,0.0,0.0,0.0,0.0,0.0,0.0,0.0,0.0,0.0,0.0,0.0,0.0,0.0,0.0,0.0,0.0,0.0,0.0,0.0,0.0,0.0,0.0,0.0,0.0,0.0,0.0,0.0,0.0,0.0,0.0,0.0,0.0,0.0,0.0,0.0,0.0,0.0,0.0,0.0,0.0,0.0,0.0,0.0,0.0,0.0,0.0,0.0,0.0,0.0,0.0,0.0,0.0,0.0,0.0,0.0,0.0,0.0,0.0,0.0,0.0,0.0,0.0,0.0,0.0,0.0,0.0,0.0,0.0,0.0,0.0,2.0,0.0,0.0,0.0,0.0,0.0,0.0,0.0,0.0,0.0,0.0,0.0,0.0,0.0,0.0,0.0,0.0,0.0,0.0,0.0,0.0,0.0
848001584815338485406,Tippett-Zegras-Martone,2026020006,2026,PHI,PIT,HOME,20260930,line,5on5,262.0,4.0,0.1741,0.2857,0.1667,0.701,0.035,0.065,0.172,0.002,0.369,0.357,0.035,0.031,0.031,1.0,0.0,1.0,2.0,0.0,0.0,0.0,1.0,0.0,0.0,0.0,1.0,1.0,0.0,0.0,3.0,3.0,1.0,1.0,1.0,0.0,0.0,0.035,0.0,0.0,0.0,0.0,0.0,1.732,1.0,0.878,0.0,0.012,0.0,0.0,0.048,0.042,0.042,3.519,0.166,0.315,0.766,0.01,1.996,1.747,0.157,0.187,0.176,2.0,3.0,0.0,5.0,0.0,0.0,0.0,1.0,0.0,2.0,2.0,2.0,5.0,0.0,0.0,1.0,1.0,3.0,0.0,5.0,0.0,0.0,0.166,0.0,0.0,0.0,0.0,0.0,5.666,5.0,5.553,0.0,0.063,0.0,0.0,0.229,0.256,0.241
84763728481546,York-Seeler,2026020006,2026,PHI,PIT,HOME,20260930,pairing,5on5,34.0,8.0,0.0,0.0,0.0,0.0,0.0,0.0,0.0,0.0,0.0,0.0,0.0,0.0,0.0,0.0,0.0,0.0,0.0,0.0,0.0,0.0,0.0,0.0,0.0,0.0,0.0,0.0,0.0,0.0,1.0,0.0,0.0,1.0,0.0,0.0,0.0,0.0,0.0,0.0,0.0,0.0,0.0,0.0,0.0,0.0,0.0,0.0,0.0,0.0,0.0,0.0,0.0,0.0,0.0,0.0,0.0,0.0,0.0,0.0,0.0,0.0,0.0,0.0,0.0,0.0,0.0,0.0,0.0,0.0,0.0,0.0,0.0,0.0,0.0,0.0,0.0,0.0,0.0,0.0,0.0,0.0,0.0,0.0,0.0,0.0,0.0,0.0,0.0,0.0,0.0,0.0,0.0,0.0,0.0,0.0,0.0,0.0,0.0,0.0,0.0
84763728481546,York-Seeler,2026020009,2026,PHI,NJD,AWAY,20261001,pairing,5on5,21.0,11.0,0.0,0.0,0.0,0.0,0.0,0.0,0.0,0.0,0.0,0.0,0.0,0.0,0.0,0.0,0.0,0.0,0.0,0.0,0.0,0.0,0.0,0.0,0.0,0.0,0.0,0.0,0.0,0.0,0.0,0.0,0.0,1.0,0.0,0.0,0.0,0.0,0.0,0.0,0.0,0.0,0.0,0.0,0.0,0.0,0.0,0.0,0.0,0.0,0.0,0.0,0.0,0.0,0.0,0.0,0.0,0.0,0.0,0.0,0.0,0.0,0.0,0.0,0.0,0.0,0.0,0.0,0.0,0.0,0.0,0.0,0.0,0.0,0.0,0.0,0.0,0.0,0.0,1.0,0.0,0.0,0.0,0.0,0.0,0.0,0.0,0.0,0.0,0.0,0.0,0.0,0.0,0.0,0.0,0.0,0.0,0.0,0.0,0.0,0.0
848022084821598485406,Foerster-Cates-Martone,2026020009,2026,PHI,NJD,AWAY,20261001,line,5on5,57.0,11.0,0.0,0.2,0.0,0.0,0.0,0.0,0.0,0.0,0.0,0.0,0.0,0.0,0.0,0.0,0.0,1.0,1.0,0.0,0.0,0.0,0.0,0.0,0.0,0.0,0.0,0.0,0.0,0.0,1.0,1.0,0.0,1.0,0.0,0.0,0.0,0.0,0.0,0.0,0.0,0.0,0.0,1.032,0.0,0.0,0.0,0.0,0.0,0.0,0.0,0.0,0.0,3.198,0.304,0.348,0.437,0.008,1.625,1.278,0.283,0.29,0.27,2.0,2.0,0.0,4.0,0.0,0.0,0.0,1.0,0.0,2.0,1.0,2.0,4.0,0.0,0.0,1.0,0.0,0.0,0.0,2.0,2.0,0.0,0.029,0.275,0.0,0.0,0.0,0.0,3.88,4.0,3.885,0.0,0.074,0.0,0.0,0.378,0.361,0.337
847646184800158481533,Zegras-Couturier-Tippett,2026020009,2026,PHI,NJD,AWAY,20261001,line,5on5,43.0,15.0,1.0,1.0,1.0,0.671,0.007,0.044,0.163,0.001,0.358,0.426,0.007,0.008,0.008,1.0,0.0,1.0,2.0,0.0,0.0,0.0,0.0,0.0,0.0,1.0,1.0,1.0,0.0,0.0,0.0,0.0,0.0,0.0,1.0,0.0,0.0,0.007,0.0,0.0,0.0,0.0,0.0,2.135,1.0,1.1,0.0,0.009,0.0,0.0,0.015,0.017,0.017,0.0,0.0,0.0,0.0,0.0,0.0,0.0,0.0,0.0,0.0,0.0,0.0,0.0,0.0,0.0,0.0,0.0,0.0,0.0,0.0,0.0,0.0,0.0,0.0,0.0,0.0,0.0,1.0,0.0,0.0,0.0,0.0,0.0,0.0,0.0,0.0,0.0,0.0,0.0,0.0,0.0,0.0,0.0,0.0,0.0,0.0,0.0,0.0
847646184785698481533,Zegras-Acciari-Couturier,2026020009,2026,PHI,NJD,AWAY,20261001,line,5on5,200.0,6.0,0.4706,0.75,0.6667,1.436,0.064,0.135,0.313,0.003,0.633,0.851,0.064,0.069,0.069,2.0,0.0,1.0,3.0,0.0,0.0,0.0,1.0,0.0,0.0,1.0,2.0,2.0,0.0,0.0,1.0,1.0,0.0,1.0,2.0,0.0,0.0,0.064,0.0,0.0,0.0,0.0,0.0,3.238,2.0,2.131,0.0,0.027,0.0,0.0,0.091,0.097,0.097,0.919,0.072,0.145,0.09,0.003,0.307,0.384,0.072,0.069,0.069,1.0,0.0,0.0,1.0,0.0,0.0,0.0,0.0,0.0,0.0,1.0,1.0,1.0,0.0,0.0,2.0,1.0,0.0,1.0,1.0,0.0,0.0,0.072,0.0,0.0,0.0,0.0,0.0,0.97,1.0,0.971,0.0,0.03,0.0,0.0,0.102,0.097,0.097
84811228482142,Benoit-Drysdale,2026020006,2026,PHI,PIT,HOME,20260930,pairing,5on5,74.0,4.0,0.0,0.0,0.0,0.0,0.0,0.0,0.0,0.0,0.0,0.0,0.0,0.0,0.0,0.0,0.0,0.0,0.0,0.0,0.0,0.0,0.0,0.0,0.0,0.0,0.0,0.0,0.0,0.0,1.0,0.0,0.0,0.0,0.0,0.0,0.0,0.0,0.0,0.0,0.0,0.0,0.0,0.0,0.0,0.0,0.0,0.0,0.0,0.0,0.0,0.0,0.0,2.971,0.377,0.404,0.496,0.01,1.484,1.229,0.349,0.431,0.399,3.0,1.0,0.0,4.0,1.0,0.0,0.0,1.0,0.0,2.0,0.0,2.0,3.0,0.0,0.0,1.0,0.0,0.0,0.0,2.0,1.0,1.0,0.061,0.083,0.233,0.0,0.0,1.0,4.634,4.0,4.523,0.0,0.084,0.0,0.0,0.461,0.526,0.487
84811228482142,Benoit-Drysdale,2026020009,2026,PHI,NJD,AWAY,20261001,pairing,5on5,73.0,5.0,0.1892,0.3333,0.5,0.671,0.007,0.044,0.163,0.001,0.358,0.426,0.007,0.008,0.008,1.0,0.0,0.0,1.0,0.0,0.0,0.0,0.0,0.0,0.0,1.0,1.0,1.0,0.0,0.0,0.0,0.0,0.0,0.0,1.0,0.0,0.0,0.007,0.0,0.0,0.0,0.0,0.0,1.103,1.0,1.1,0.0,0.009,0.0,0.0,0.015,0.017,0.017,0.819,0.03,0.06,0.112,0.002,0.465,0.331,0.03,0.029,0.029,1.0,0.0,1.0,2.0,0.0,0.0,0.0,1.0,0.0,0.0,0.0,1.0,1.0,0.0,0.0,3.0,0.0,0.0,0.0,1.0,0.0,0.0,0.03,0.0,0.0,0.0,0.0,0.0,1.94,1.0,0.971,0.0,0.014,0.0,0.0,0.044,0.042,0.042
848153384821598484387,Foerster-Zegras-Michkov,2026020009,2026,PHI,NJD,AWAY,20261001,line,5on5,58.0,10.0,0.0,0.0,0.0,0.0,0.0,0.0,0.0,0.0,0.0,0.0,0.0,0.0,0.0,0.0,0.0,0.0,0.0,0.0,0.0,0.0,0.0,0.0,0.0,0.0,0.0,0.0,0.0,0.0,0.0,0.0,0.0,0.0,0.0,0.0,0.0,0.0,0.0,0.0,0.0,0.0,0.0,0.0,0.0,0.0,0.0,0.0,0.0,0.0,0.0,0.0,0.0,1.341,0.024,0.118,0.392,0.005,0.631,0.831,0.024,0.022,0.022,0.0,2.0,2.0,4.0,0.0,0.0,0.0,0.0,0.0,1.0,1.0,0.0,2.0,0.0,0.0,0.0,0.0,0.0,0.0,2.0,0.0,0.0,0.024,0.0,0.0,0.0,0.0,0.0,3.66,2.0,1.833,0.0,0.024,0.0,0.0,0.048,0.044,0.044
847646184779898478569,Couturier-Dvorak-Acciari,2026020006,2026,PHI,PIT,HOME,20260930,line,5on5,14.0,18.0,0.0,0.0,0.0,0.0,0.0,0.0,0.0,0.0,0.0,0.0,0.0,0.0,0.0,0.0,0.0,0.0,0.0,0.0,0.0,0.0,0.0,0.0,0.0,0.0,0.0,0.0,0.0,0.0,0.0,0.0,0.0,0.0,0.0,0.0,0.0,0.0,0.0,0.0,0.0,0.0,0.0,0.0,0.0,0.0,0.0,0.0,0.0,0.0,0.0,0.0,0.0,0.0,0.0,0.0,0.0,0.0,0.0,0.0,0.0,0.0,0.0,0.0,0.0,0.0,0.0,0.0,0.0,0.0,0.0,0.0,0.0,0.0,0.0,0.0,0.0,0.0,0.0,0.0,0.0,0.0,0.0,0.0,0.0,0.0,0.0,0.0,0.0,0.0,0.0,0.0,0.0,0.0,0.0,0.0,0.0,0.0,0.0,0.0,0.0
847646184779898478569,Couturier-Dvorak-Acciari,2026020009,2026,PHI,NJD,AWAY,20261001,line,5on5,14.0,26.0,1.0,1.0,1.0,0.797,0.006,0.057,0.138,0.001,0.382,0.416,0.006,0.006,0.006,0.0,1.0,0.0,1.0,0.0,0.0,0.0,1.0,0.0,0.0,0.0,0.0,1.0,0.0,0.0,0.0,0.0,0.0,0.0,1.0,0.0,0.0,0.006,0.0,0.0,0.0,0.0,0.0,1.032,1.0,1.03,0.0,0.012,0.0,0.0,0.018,0.019,0.019,0.0,0.0,0.0,0.0,0.0,0.0,0.0,0.0,0.0,0.0,0.0,0.0,0.0,0.0,0.0,0.0,0.0,0.0,0.0,0.0,0.0,0.0,0.0,0.0,0.0,0.0,1.0,0.0,0.0,0.0,0.0,0.0,0.0,0.0,0.0,0.0,0.0,0.0,0.0,0.0,0.0,0.0,0.0,0.0,0.0,0.0,0.0,0.0
848001584802208485406,Tippett-Cates-Martone,2026020009,2026,PHI,NJD,AWAY,20261001,line,5on5,11.0,29.0,1.0,1.0,1.0,0.673,0.012,0.069,0.145,0.001,0.416,0.357,0.012,0.013,0.013,1.0,0.0,0.0,1.0,0.0,0.0,0.0,0.0,0.0,0.0,1.0,1.0,1.0,0.0,0.0,0.0,0.0,0.0,0.0,1.0,0.0,0.0,0.012,0.0,0.0,0.0,0.0,0.0,1.032,1.0,1.03,0.0,0.013,0.0,0.0,0.025,0.026,0.026,0.0,0.0,0.0,0.0,0.0,0.0,0.0,0.0,0.0,0.0,0.0,0.0,0.0,0.0,0.0,0.0,0.0,0.0,0.0,0.0,0.0,0.0,0.0,0.0,0.0,0.0,0.0,0.0,0.0,0.0,0.0,0.0,0.0,0.0,0.0,0.0,0.0,0.0,0.0,0.0,0.0,0.0,0.0,0.0,0.0,0.0,0.0,0.0
847933684815338483731,Bump-Zegras-Grundstrom,2026020009,2026,PHI,NJD,AWAY,20261001,line,5on5,50.0,12.0,1.0,1.0,1.0,0.706,0.078,0.073,0.125,0.002,0.309,0.414,0.078,0.086,0.086,1.0,0.0,0.0,1.0,0.0,0.0,0.0,0.0,0.0,0.0,1.0,1.0,1.0,0.0,0.0,0.0,0.0,0.0,0.0,1.0,0.0,0.0,0.078,0.0,0.0,0.0,0.0,0.0,1.103,1.0,1.1,0.0,0.015,0.0,0.0,0.093,0.102,0.102,0.0,0.0,0.0,0.0,0.0,0.0,0.0,0.0,0.0,0.0,0.0,0.0,0.0,0.0,0.0,0.0,0.0,0.0,0.0,0.0,0.0,0.0,0.0,0.0,0.0,0.0,0.0,0.0,0.0,0.0,0.0,0.0,0.0,0.0,0.0,0.0,0.0,0.0,0.0,0.0,0.0,0.0,0.0,0.0,0.0,0.0,0.0,0.0
847933684815338485406,Martone-Zegras-Grundstrom,2026020006,2026,PHI,PIT,HOME,20260930,line,5on5,47.0,11.0,0.0,0.25,0.0,0.0,0.0,0.0,0.0,0.0,0.0,0.0,0.0,0.0,0.0,0.0,0.0,1.0,1.0,0.0,0.0,0.0,0.0,0.0,0.0,0.0,0.0,0.0,1.0,2.0,0.0,0.0,0.0,1.0,0.0,0.0,0.0,0.0,0.0,0.0,0.0,0.0,0.0,0.882,0.0,0.0,0.0,0.0,0.0,0.0,0.0,0.0,0.0,2.549,0.385,0.269,0.424,0.005,0.974,0.943,0.359,0.429,0.401,1.0,2.0,0.0,3.0,0.0,2.0,0.0,1.0,0.0,0.0,0.0,1.0,3.0,0.0,0.0,0.0,0.0,0.0,0.0,2.0,0.0,1.0,0.085,0.0,0.3,0.0,0.0,0.0,3.462,3.0,3.438,0.0,0.058,0.378,0.378,0.064,0.072,0.069
847843984815338485406,Konecny-Zegras-Martone,2026020009,2026,PHI,NJD,AWAY,20261001,line,5on5,25.0,18.0,0.0,0.0,0.0,0.0,0.0,0.0,0.0,0.0,0.0,0.0,0.0,0.0,0.0,0.0,0.0,0.0,0.0,0.0,0.0,0.0,0.0,0.0,0.0,0.0,0.0,0.0,0.0,0.0,0.0,0.0,0.0,0.0,0.0,0.0,0.0,0.0,0.0,0.0,0.0,0.0,0.0,0.0,0.0,0.0,0.0,0.0,0.0,0.0,0.0,0.0,0.0,0.672,0.044,0.073,0.153,0.003,0.277,0.45,0.044,0.04,0.04,1.0,0.0,0.0,1.0,0.0,0.0,0.0,0.0,0.0,0.0,1.0,1.0,1.0,0.0,0.0,0.0,0.0,0.0,0.0,1.0,0.0,0.0,0.044,0.0,0.0,0.0,0.0,0.0,0.915,1.0,0.916,0.0,0.015,0.0,0.0,0.058,0.054,0.054
848001584815338483731,Bump-Zegras-Tippett,2026020009,2026,PHI,NJD,AWAY,20261001,line,5on5,281.0,4.0,0.0,0.1818,0.0,0.0,0.0,0.0,0.0,0.0,0.0,0.0,0.0,0.0,0.0,0.0,0.0,2.0,2.0,0.0,0.0,0.0,0.0,0.0,0.0,0.0,0.0,0.0,1.0,2.0,1.0,3.0,0.0,1.0,0.0,0.0,0.0,0.0,0.0,0.0,0.0,0.0,0.0,2.064,0.0,0.0,0.0,0.0,0.0,0.0,0.0,0.0,0.0,6.81,0.75,0.759,1.209,0.019,2.986,3.278,0.736,0.699,0.687,8.0,1.0,0.0,9.0,0.0,1.0,0.0,1.0,0.0,4.0,3.0,8.0,9.0,0.0,0.0,0.0,0.0,0.0,2.0,5.0,4.0,0.0,0.184,0.566,0.0,0.0,0.0,0.0,8.4,9.0,8.412,1.0,0.158,0.069,0.069,0.839,0.783,0.774
847856984802208483731,Cates-Acciari-Bump,2026020006,2026,PHI,PIT,HOME,20260930,line,5on5,209.0,7.0,1.0,1.0,1.0,1.703,0.115,0.129,0.109,0.002,0.637,1.007,0.115,0.102,0.102,1.0,1.0,0.0,2.0,0.0,0.0,0.0,0.0,0.0,1.0,1.0,1.0,2.0,0.0,0.0,4.0,4.0,0.0,1.0,1.0,1.0,0.0,0.005,0.11,0.0,0.0,0.0,0.0,1.7,2.0,1.757,1.0,0.028,0.0,0.0,0.143,0.127,0.127,0.0,0.0,0.0,0.0,0.0,0.0,0.0,0.0,0.0,0.0,0.0,0.0,0.0,0.0,0.0,0.0,0.0,0.0,0.0,0.0,0.0,0.0,0.0,2.0,4.0,1.0,0.0,0.0,0.0,0.0,0.0,0.0,0.0,0.0,0.0,0.0,0.0,0.0,0.0,0.0,0.0,0.0,0.0,0.0,0.0,0.0,0.0,0.0
84815468482142,York-Drysdale,2026020006,2026,PHI,PIT,HOME,20260930,pairing,5on5,695.0,3.0,0.4013,0.3889,0.3333,3.103,0.187,0.429,0.493,0.008,1.558,1.325,0.186,0.172,0.171,1.0,3.0,3.0,7.0,0.0,0.0,0.0,0.0,0.0,2.0,2.0,1.0,4.0,1.0,2.0,11.0,8.0,2.0,3.0,3.0,1.0,0.0,0.102,0.085,0.0,0.0,0.0,0.0,6.274,4.0,3.666,1.0,0.089,0.0,0.0,0.276,0.254,0.252,6.155,0.279,0.823,1.2,0.018,2.671,3.009,0.278,0.312,0.31,6.0,2.0,3.0,11.0,1.0,2.0,0.0,1.0,0.0,1.0,3.0,5.0,7.0,1.0,2.0,4.0,6.0,0.0,4.0,7.0,1.0,0.0,0.128,0.151,0.0,0.0,1.0,0.0,12.273,8.0,8.751,1.0,0.177,0.067,0.067,0.389,0.432,0.43
84815468482142,York-Drysdale,2026020009,2026,PHI,NJD,AWAY,20261001,pairing,5on5,951.0,2.0,0.26,0.2051,0.25,3.953,0.358,0.492,0.744,0.014,2.154,2.238,0.337,0.393,0.369,4.0,2.0,2.0,8.0,0.0,0.0,0.0,2.0,0.0,2.0,2.0,4.0,6.0,1.0,2.0,11.0,8.0,0.0,6.0,5.0,1.0,0.0,0.18,0.178,0.0,0.0,0.0,0.0,8.753,6.0,6.602,5.0,0.099,0.0,0.0,0.458,0.501,0.474,13.076,1.019,1.197,2.842,0.028,6.373,6.541,0.938,0.952,0.876,11.0,7.0,13.0,31.0,1.0,1.0,0.0,2.0,0.0,8.0,6.0,10.0,17.0,0.0,0.0,9.0,2.0,1.0,4.0,13.0,4.0,1.0,0.291,0.506,0.223,1.0,0.0,0.0,28.915,18.0,16.879,2.0,0.244,0.223,0.223,1.041,0.975,0.892
847798984800158485406,Tippett-Dvorak-Martone,2026020009,2026,PHI,NJD,AWAY,20261001,line,5on5,13.0,28.0,1.0,1.0,1.0,1.458,0.092,0.133,0.251,0.005,0.733,0.787,0.09,0.096,0.094,2.0,0.0,0.0,2.0,0.0,0.0,0.0,0.0,0.0,1.0,1.0,2.0,2.0,0.0,0.0,0.0,1.0,0.0,0.0,2.0,0.0,0.0,0.092,0.0,0.0,0.0,0.0,0.0,2.064,2.0,2.061,0.0,0.027,0.0,0.0,0.118,0.124,0.122,0.0,0.0,0.0,0.0,0.0,0.0,0.0,0.0,0.0,0.0,0.0,0.0,0.0,0.0,0.0,0.0,0.0,0.0,0.0,0.0,0.0,0.0,0.0,0.0,0.0,0.0,0.0,0.0,0.0,0.0,0.0,0.0,0.0,0.0,0.0,0.0,0.0,0.0,0.0,0.0,0.0,0.0,0.0,0.0,0.0,0.0,0.0,0.0
847646184785698480015,Couturier-Acciari-Tippett,2026020009,2026,PHI,NJD,AWAY,20261001,line,5on5,74.0,8.0,0.1563,0.3333,0.5,0.794,0.005,0.066,0.169,0.0,0.404,0.356,0.005,0.005,0.005,1.0,0.0,0.0,1.0,0.0,0.0,0.0,1.0,0.0,0.0,0.0,1.0,1.0,0.0,0.0,1.0,0.0,0.0,0.0,1.0,0.0,0.0,0.005,0.0,0.0,0.0,0.0,0.0,1.032,1.0,1.03,0.0,0.013,0.0,0.0,0.017,0.018,0.018,0.833,0.027,0.055,0.174,0.013,0.413,0.318,0.027,0.026,0.026,0.0,1.0,1.0,2.0,0.0,0.0,0.0,0.0,0.0,1.0,0.0,0.0,1.0,0.0,0.0,1.0,0.0,0.0,0.0,1.0,0.0,0.0,0.027,0.0,0.0,0.0,0.0,0.0,1.94,1.0,0.971,0.0,0.011,0.0,0.0,0.038,0.037,0.037
847798984784398481533,Zegras-Dvorak-Konecny,2026020009,2026,PHI,NJD,AWAY,20261001,line,5on5,40.0,16.0,0.0,0.0,0.0,0.0,0.0,0.0,0.0,0.0,0.0,0.0,0.0,0.0,0.0,0.0,0.0,0.0,0.0,0.0,0.0,0.0,0.0,0.0,0.0,0.0,0.0,0.0,0.0,0.0,0.0,1.0,0.0,0.0,0.0,0.0,0.0,0.0,0.0,0.0,0.0,0.0,0.0,0.0,0.0,0.0,0.0,0.0,0.0,0.0,0.0,0.0,0.0,0.0,0.0,0.0,0.0,0.0,0.0,0.0,0.0,0.0,0.0,0.0,0.0,0.0,0.0,0.0,0.0,0.0,0.0,0.0,0.0,0.0,0.0,0.0,0.0,0.0,1.0,0.0,0.0,0.0,0.0,0.0,0.0,0.0,0.0,0.0,0.0,0.0,0.0,0.0,0.0,0.0,0.0,0.0,0.0,0.0,0.0,0.0,0.0
847798984784398480015,Konecny-Dvorak-Tippett,2026020009,2026,PHI,NJD,AWAY,20261001,line,5on5,280.0,5.0,0.4237,0.3636,0.4,1.536,0.161,0.187,0.186,0.007,0.755,0.705,0.158,0.176,0.173,1.0,1.0,2.0,4.0,0.0,0.0,0.0,0.0,0.0,0.0,2.0,1.0,2.0,0.0,0.0,4.0,6.0,0.0,3.0,1.0,1.0,0.0,0.028,0.133,0.0,0.0,0.0,0.0,4.341,2.0,2.201,3.0,0.041,0.0,0.0,0.201,0.221,0.217,2.251,0.219,0.177,0.405,0.004,1.024,1.171,0.219,0.209,0.209,3.0,0.0,4.0,7.0,1.0,0.0,0.0,1.0,0.0,0.0,1.0,2.0,2.0,0.0,0.0,3.0,1.0,2.0,2.0,2.0,1.0,0.0,0.047,0.172,0.0,0.0,1.0,0.0,6.79,3.0,2.914,2.0,0.036,0.0,0.0,0.255,0.244,0.244
847856984800158480220,Cates-Acciari-Tippett,2026020006,2026,PHI,PIT,HOME,20260930,line,5on5,17.0,16.0,0.0,0.0,0.0,0.0,0.0,0.0,0.0,0.0,0.0,0.0,0.0,0.0,0.0,0.0,0.0,0.0,0.0,0.0,0.0,0.0,0.0,0.0,0.0,0.0,0.0,0.0,0.0,0.0,0.0,0.0,0.0,0.0,0.0,0.0,0.0,0.0,0.0,0.0,0.0,0.0,0.0,0.0,0.0,0.0,0.0,0.0,0.0,0.0,0.0,0.0,0.0,1.642,0.316,0.272,0.182,0.005,0.624,0.601,0.297,0.364,0.342,2.0,0.0,0.0,2.0,1.0,0.0,0.0,0.0,0.0,1.0,0.0,1.0,1.0,0.0,0.0,0.0,0.0,0.0,0.0,0.0,1.0,1.0,0.0,0.083,0.233,0.0,0.0,1.0,2.428,2.0,2.322,0.0,0.059,0.0,0.0,0.375,0.431,0.406
84763728481122,Seeler-Benoit,2026020006,2026,PHI,PIT,HOME,20260930,pairing,5on5,996.0,1.0,0.325,0.6,0.5,3.756,0.194,0.323,0.628,0.006,1.707,2.142,0.194,0.173,0.173,3.0,2.0,4.0,9.0,0.0,0.0,0.0,0.0,0.0,2.0,3.0,3.0,5.0,3.0,6.0,6.0,8.0,1.0,8.0,4.0,1.0,0.0,0.084,0.11,0.0,0.0,0.0,0.0,7.834,5.0,4.484,1.0,0.067,0.0,0.0,0.261,0.234,0.234,3.76,0.403,0.316,0.608,0.01,1.696,1.967,0.367,0.464,0.423,3.0,2.0,1.0,6.0,0.0,0.0,0.0,1.0,0.0,4.0,0.0,3.0,5.0,3.0,6.0,3.0,8.0,1.0,3.0,3.0,2.0,0.0,0.122,0.281,0.0,0.0,0.0,0.0,7.224,5.0,5.804,1.0,0.061,0.0,0.0,0.464,0.535,0.489
84763728481122,Seeler-Benoit,2026020009,2026,PHI,NJD,AWAY,20261001,pairing,5on5,594.0,3.0,0.2916,0.35,0.3846,3.572,0.289,0.375,0.56,0.013,1.847,1.916,0.287,0.313,0.311,4.0,1.0,2.0,7.0,0.0,0.0,0.0,0.0,0.0,2.0,3.0,4.0,5.0,2.0,4.0,1.0,6.0,1.0,6.0,4.0,1.0,0.0,0.15,0.139,0.0,0.0,0.0,0.0,7.508,5.0,5.362,4.0,0.075,0.0,0.0,0.364,0.394,0.391,6.215,0.702,0.592,1.148,0.014,2.636,2.908,0.702,0.654,0.654,8.0,0.0,5.0,13.0,0.0,0.0,0.0,4.0,0.0,2.0,2.0,8.0,8.0,0.0,0.0,3.0,4.0,1.0,5.0,5.0,2.0,1.0,0.139,0.269,0.295,0.0,0.0,0.0,12.335,8.0,7.55,1.0,0.123,0.0,0.0,0.826,0.77,0.77
847856984793368484387,Michkov-Acciari-Grundstrom,2026020006,2026,PHI,PIT,HOME,20260930,line,5on5,38.0,12.0,1.0,1.0,1.0,0.788,0.134,0.099,0.08,0.003,0.353,0.332,0.134,0.118,0.118,0.0,1.0,0.0,1.0,0.0,0.0,0.0,0.0,0.0,0.0,1.0,0.0,1.0,0.0,0.0,2.0,0.0,0.0,0.0,0.0,1.0,0.0,0.0,0.134,0.0,0.0,0.0,0.0,0.85,1.0,0.878,0.0,0.021,0.0,0.0,0.155,0.137,0.137,0.0,0.0,0.0,0.0,0.0,0.0,0.0,0.0,0.0,0.0,0.0,0.0,0.0,0.0,0.0,0.0,0.0,0.0,0.0,0.0,0.0,0.0,0.0,0.0,0.0,0.0,0.0,0.0,0.0,0.0,0.0,0.0,0.0,0.0,0.0,0.0,0.0,0.0,0.0,0.0,0.0,0.0,0.0,0.0,0.0,0.0,0.0,0.0
84763728477948,Sanheim-Seeler,2026020009,2026,PHI,NJD,AWAY,20261001,pairing,5on5,38.0,7.0,0.0,0.0,0.0,0.0,0.0,0.0,0.0,0.0,0.0,0.0,0.0,0.0,0.0,0.0,0.0,0.0,0.0,0.0,0.0,0.0,0.0,0.0,0.0,0.0,0.0,0.0,0.0,0.0,0.0,0.0,0.0,0.0,0.0,0.0,0.0,0.0,0.0,0.0,0.0,0.0,0.0,0.0,0.0,0.0,0.0,0.0,0.0,0.0,0.0,0.0,0.0,0.0,0.0,0.0,0.0,0.0,0.0,0.0,0.0,0.0,0.0,0.0,0.0,0.0,0.0,0.0,0.0,0.0,0.0,0.0,0.0,0.0,0.0,0.0,0.0,0.0,0.0,0.0,0.0,0.0,0.0,0.0,0.0,0.0,0.0,0.0,0.0,0.0,0.0,0.0,0.0,0.0,0.0,0.0,0.0,0.0,0.0,0.0,0.0
848022084837318484387,Bump-Cates-Michkov,2026020006,2026,PHI,PIT,HOME,20260930,line,5on5,266.0,3.0,0.3246,0.4286,0.25,0.673,0.037,0.079,0.216,0.001,0.363,0.302,0.037,0.034,0.034,0.0,1.0,2.0,3.0,0.0,0.0,0.0,0.0,0.0,0.0,1.0,0.0,1.0,0.0,0.0,3.0,1.0,1.0,2.0,1.0,0.0,0.0,0.037,0.0,0.0,0.0,0.0,0.0,2.679,1.0,0.916,0.0,0.015,0.0,0.0,0.053,0.048,0.048,2.516,0.077,0.521,0.457,0.011,0.885,1.048,0.076,0.081,0.079,3.0,0.0,1.0,4.0,0.0,2.0,0.0,0.0,0.0,0.0,1.0,3.0,3.0,0.0,0.0,3.0,1.0,0.0,0.0,3.0,0.0,0.0,0.077,0.0,0.0,0.0,0.0,0.0,4.128,3.0,3.091,0.0,0.116,0.067,0.067,0.126,0.132,0.13
847798984821598485406,Foerster-Dvorak-Martone,2026020009,2026,PHI,NJD,AWAY,20261001,line,5on5,75.0,7.0,0.0,0.0,0.0,0.0,0.0,0.0,0.0,0.0,0.0,0.0,0.0,0.0,0.0,0.0,0.0,0.0,0.0,0.0,0.0,0.0,0.0,0.0,0.0,0.0,0.0,0.0,0.0,0.0,0.0,1.0,0.0,1.0,0.0,0.0,0.0,0.0,0.0,0.0,0.0,0.0,0.0,0.0,0.0,0.0,1.0,0.0,0.0,0.0,0.0,0.0,0.0,1.504,0.235,0.13,0.269,0.001,0.76,0.605,0.232,0.216,0.213,2.0,0.0,2.0,4.0,0.0,1.0,0.0,0.0,0.0,0.0,1.0,2.0,2.0,0.0,0.0,0.0,0.0,0.0,0.0,1.0,0.0,1.0,0.012,0.0,0.223,0.0,0.0,0.0,3.77,2.0,1.833,0.0,0.026,0.223,0.223,0.038,0.035,0.035
848001584815338484387,Tippett-Zegras-Michkov,2026020006,2026,PHI,PIT,HOME,20260930,line,5on5,114.0,10.0,0.0,0.25,0.0,0.0,0.0,0.0,0.0,0.0,0.0,0.0,0.0,0.0,0.0,0.0,0.0,1.0,1.0,0.0,0.0,0.0,0.0,0.0,0.0,0.0,0.0,0.0,0.0,0.0,0.0,0.0,0.0,1.0,0.0,0.0,0.0,0.0,0.0,0.0,0.0,0.0,0.0,0.85,0.0,0.0,1.0,0.0,0.0,0.0,0.0,0.0,0.0,1.582,0.239,0.148,0.198,0.008,0.731,0.675,0.228,0.267,0.255,1.0,1.0,1.0,3.0,0.0,0.0,0.0,0.0,0.0,2.0,0.0,1.0,2.0,0.0,0.0,3.0,1.0,0.0,1.0,1.0,1.0,0.0,0.062,0.177,0.0,0.0,0.0,0.0,3.462,2.0,2.292,1.0,0.03,0.0,0.0,0.27,0.301,0.288
848001584815338484387,Tippett-Zegras-Michkov,2026020009,2026,PHI,NJD,AWAY,20261001,line,5on5,14.0,25.0,0.0,0.0,0.0,0.0,0.0,0.0,0.0,0.0,0.0,0.0,0.0,0.0,0.0,0.0,0.0,0.0,0.0,0.0,0.0,0.0,0.0,0.0,0.0,0.0,0.0,0.0,0.0,0.0,0.0,0.0,0.0,0.0,0.0,0.0,0.0,0.0,0.0,0.0,0.0,0.0,0.0,0.0,0.0,0.0,0.0,0.0,0.0,0.0,0.0,0.0,0.0,0.819,0.03,0.06,0.112,0.002,0.465,0.331,0.03,0.029,0.029,1.0,0.0,0.0,1.0,0.0,0.0,0.0,1.0,0.0,0.0,0.0,1.0,1.0,0.0,0.0,2.0,0.0,0.0,0.0,1.0,0.0,0.0,0.03,0.0,0.0,0.0,0.0,0.0,0.97,1.0,0.971,0.0,0.014,0.0,0.0,0.044,0.042,0.042
84774998482142,Ristolainen-Drysdale,2026020006,2026,PHI,PIT,HOME,20260930,pairing,5on5,57.0,6.0,1.0,1.0,1.0,0.788,0.134,0.099,0.08,0.003,0.353,0.332,0.134,0.118,0.118,0.0,1.0,0.0,1.0,0.0,0.0,0.0,0.0,0.0,0.0,1.0,0.0,1.0,0.0,0.0,2.0,0.0,0.0,0.0,0.0,1.0,0.0,0.0,0.134,0.0,0.0,0.0,0.0,0.85,1.0,0.878,0.0,0.021,0.0,0.0,0.155,0.137,0.137,0.0,0.0,0.0,0.0,0.0,0.0,0.0,0.0,0.0,0.0,0.0,0.0,0.0,0.0,0.0,0.0,0.0,0.0,0.0,0.0,0.0,0.0,0.0,0.0,0.0,0.0,0.0,0.0,0.0,0.0,0.0,0.0,0.0,0.0,0.0,0.0,0.0,0.0,0.0,0.0,0.0,0.0,0.0,0.0,0.0,0.0,0.0,0.0
84774998482142,Ristolainen-Drysdale,2026020009,2026,PHI,NJD,AWAY,20261001,pairing,5on5,33.0,9.0,0.0,0.0,0.0,0.0,0.0,0.0,0.0,0.0,0.0,0.0,0.0,0.0,0.0,0.0,0.0,0.0,0.0,0.0,0.0,0.0,0.0,0.0,0.0,0.0,0.0,0.0,0.0,0.0,0.0,0.0,0.0,0.0,0.0,0.0,0.0,0.0,0.0,0.0,0.0,0.0,0.0,0.0,0.0,0.0,0.0,0.0,0.0,0.0,0.0,0.0,0.0,0.0,0.0,0.0,0.0,0.0,0.0,0.0,0.0,0.0,0.0,0.0,0.0,0.0,0.0,0.0,0.0,0.0,0.0,0.0,0.0,0.0,0.0,0.0,0.0,0.0,0.0,0.0,0.0,1.0,0.0,0.0,0.0,0.0,0.0,0.0,0.0,0.0,0.0,0.0,0.0,0.0,0.0,0.0,0.0,0.0,0.0,0.0,0.0
847646184785698479336,Couturier-Acciari-Grundstrom,2026020006,2026,PHI,PIT,HOME,20260930,line,5on5,368.0,2.0,0.4424,0.5455,0.75,4.415,0.142,0.518,0.927,0.008,2.163,2.241,0.141,0.131,0.13,3.0,3.0,0.0,6.0,0.0,0.0,0.0,1.0,0.0,2.0,3.0,3.0,6.0,0.0,0.0,5.0,7.0,0.0,2.0,6.0,0.0,0.0,0.142,0.0,0.0,0.0,0.0,0.0,5.535,6.0,5.57,0.0,0.107,0.0,0.0,0.249,0.23,0.228,1.504,0.179,0.13,0.309,0.003,0.579,0.8,0.179,0.205,0.205,1.0,1.0,3.0,5.0,1.0,0.0,0.0,0.0,0.0,1.0,0.0,0.0,1.0,0.0,0.0,0.0,2.0,0.0,3.0,1.0,1.0,0.0,0.027,0.151,0.0,0.0,1.0,0.0,5.768,2.0,2.307,2.0,0.027,0.0,0.0,0.205,0.235,0.235
847646184785698479336,Couturier-Acciari-Grundstrom,2026020009,2026,PHI,NJD,AWAY,20261001,line,5on5,382.0,3.0,0.2122,0.1818,0.125,0.671,0.139,0.095,0.086,0.001,0.403,0.276,0.139,0.152,0.152,1.0,0.0,1.0,2.0,0.0,0.0,0.0,0.0,0.0,1.0,0.0,1.0,1.0,1.0,2.0,5.0,2.0,0.0,1.0,0.0,1.0,0.0,0.0,0.139,0.0,0.0,0.0,0.0,2.135,1.0,1.1,1.0,0.019,0.0,0.0,0.158,0.173,0.173,5.167,0.516,0.49,1.055,0.013,2.594,2.332,0.474,0.477,0.439,3.0,4.0,2.0,9.0,0.0,0.0,0.0,3.0,0.0,3.0,1.0,3.0,7.0,0.0,0.0,4.0,4.0,0.0,4.0,5.0,1.0,1.0,0.128,0.094,0.295,0.0,0.0,0.0,8.345,7.0,6.524,3.0,0.1,0.0,0.0,0.616,0.57,0.52
848153384837318484387,Bump-Zegras-Michkov,2026020006,2026,PHI,PIT,HOME,20260930,line,5on5,21.0,14.0,1.0,1.0,1.0,0.661,0.032,0.065,0.189,0.001,0.362,0.35,0.032,0.031,0.031,1.0,0.0,0.0,1.0,0.0,0.0,0.0,0.0,0.0,0.0,1.0,1.0,1.0,0.0,0.0,0.0,0.0,0.0,0.0,1.0,0.0,0.0,0.032,0.0,0.0,0.0,0.0,0.0,0.97,1.0,0.971,0.0,0.013,0.0,0.0,0.045,0.043,0.043,0.0,0.0,0.0,0.0,0.0,0.0,0.0,0.0,0.0,0.0,0.0,0.0,0.0,0.0,0.0,0.0,0.0,0.0,0.0,0.0,0.0,0.0,0.0,0.0,0.0,0.0,1.0,0.0,1.0,0.0,0.0,0.0,0.0,0.0,0.0,0.0,0.0,0.0,0.0,0.0,0.0,0.0,0.0,0.0,0.0,0.0,0.0,0.0
848153384837318484387,Bump-Zegras-Michkov,2026020009,2026,PHI,NJD,AWAY,20261001,line,5on5,17.0,22.0,0.0,0.0,0.0,0.0,0.0,0.0,0.0,0.0,0.0,0.0,0.0,0.0,0.0,0.0,0.0,0.0,0.0,0.0,0.0,0.0,0.0,0.0,0.0,0.0,0.0,0.0,0.0,0.0,0.0,0.0,0.0,0.0,0.0,0.0,0.0,0.0,0.0,0.0,0.0,0.0,0.0,0.0,0.0,0.0,0.0,0.0,0.0,0.0,0.0,0.0,0.0,0.712,0.068,0.094,0.061,0.002,0.362,0.413,0.068,0.065,0.065,0.0,1.0,0.0,1.0,0.0,0.0,0.0,0.0,0.0,0.0,1.0,0.0,1.0,0.0,0.0,0.0,0.0,0.0,0.0,1.0,0.0,0.0,0.068,0.0,0.0,0.0,0.0,0.0,0.97,1.0,0.971,0.0,0.021,0.0,0.0,0.089,0.085,0.085
847798984785698479336,Acciari-Dvorak-Grundstrom,2026020006,2026,PHI,PIT,HOME,20260930,line,5on5,14.0,19.0,0.0,0.0,0.0,0.0,0.0,0.0,0.0,0.0,0.0,0.0,0.0,0.0,0.0,0.0,0.0,0.0,0.0,0.0,0.0,0.0,0.0,0.0,0.0,0.0,0.0,0.0,0.0,0.0,0.0,0.0,0.0,0.0,0.0,0.0,0.0,0.0,0.0,0.0,0.0,0.0,0.0,0.0,0.0,0.0,0.0,0.0,0.0,0.0,0.0,0.0,0.0,0.457,0.046,0.071,0.079,0.003,0.417,0.384,0.046,0.051,0.051,1.0,0.0,0.0,1.0,1.0,0.0,0.0,0.0,0.0,0.0,0.0,0.0,0.0,0.0,0.0,0.0,0.0,0.0,0.0,1.0,0.0,0.0,0.046,0.0,0.0,1.0,0.0,0.0,1.103,1.0,1.1,0.0,0.014,0.0,0.0,0.06,0.066,0.066
847798984815338485406,Zegras-Dvorak-Martone,2026020009,2026,PHI,NJD,AWAY,20261001,line,5on5,20.0,21.0,0.0,0.0,0.0,0.0,0.0,0.0,0.0,0.0,0.0,0.0,0.0,0.0,0.0,0.0,0.0,0.0,0.0,0.0,0.0,0.0,0.0,0.0,0.0,0.0,0.0,0.0,0.0,0.0,0.0,0.0,0.0,0.0,0.0,0.0,0.0,0.0,0.0,0.0,0.0,0.0,0.0,0.0,0.0,0.0,0.0,0.0,0.0,0.0,0.0,0.0,0.0,0.0,0.0,0.0,0.0,0.0,0.0,0.0,0.0,0.0,0.0,0.0,0.0,0.0,0.0,0.0,0.0,0.0,0.0,0.0,0.0,0.0,0.0,0.0,0.0,0.0,0.0,0.0,0.0,1.0,0.0,0.0,0.0,0.0,0.0,0.0,0.0,0.0,0.0,0.0,0.0,0.0,0.0,0.0,0.0,0.0,0.0,0.0,0.0
847798984784398478569,Acciari-Dvorak-Konecny,2026020009,2026,PHI,NJD,AWAY,20261001,line,5on5,44.0,14.0,0.0,0.0,0.0,0.0,0.0,0.0,0.0,0.0,0.0,0.0,0.0,0.0,0.0,0.0,0.0,0.0,0.0,0.0,0.0,0.0,0.0,0.0,0.0,0.0,0.0,0.0,0.0,0.0,2.0,0.0,0.0,2.0,0.0,0.0,0.0,0.0,0.0,0.0,0.0,0.0,0.0,0.0,0.0,0.0,2.0,0.0,0.0,0.0,0.0,0.0,0.0,0.664,0.131,0.074,0.108,0.002,0.353,0.332,0.08,0.121,0.074,0.0,1.0,2.0,3.0,0.0,0.0,0.0,0.0,0.0,1.0,0.0,0.0,1.0,0.0,0.0,0.0,0.0,0.0,1.0,0.0,1.0,0.0,0.0,0.131,0.0,0.0,0.0,0.0,2.745,1.0,0.916,0.0,0.014,0.0,0.0,0.146,0.134,0.082
848022084815338484387,Zegras-Cates-Michkov,2026020009,2026,PHI,NJD,AWAY,20261001,line,5on5,16.0,23.0,0.0,0.0,0.0,0.0,0.0,0.0,0.0,0.0,0.0,0.0,0.0,0.0,0.0,0.0,0.0,0.0,0.0,0.0,0.0,0.0,0.0,0.0,0.0,0.0,0.0,0.0,0.0,0.0,0.0,0.0,0.0,1.0,0.0,0.0,0.0,0.0,0.0,0.0,0.0,0.0,0.0,0.0,0.0,0.0,0.0,0.0,0.0,0.0,0.0,0.0,0.0,0.0,0.0,0.0,0.0,0.0,0.0,0.0,0.0,0.0,0.0,0.0,0.0,0.0,0.0,0.0,0.0,0.0,0.0,0.0,0.0,0.0,0.0,0.0,0.0,0.0,0.0,0.0,0.0,0.0,0.0,0.0,0.0,0.0,0.0,0.0,0.0,0.0,0.0,0.0,0.0,0.0,0.0,0.0,0.0,0.0,0.0,0.0,0.0
848001584815338482159,Foerster-Zegras-Tippett,2026020009,2026,PHI,NJD,AWAY,20261001,line,5on5,10.0,31.0,0.0,0.0,0.0,0.0,0.0,0.0,0.0,0.0,0.0,0.0,0.0,0.0,0.0,0.0,0.0,0.0,0.0,0.0,0.0,0.0,0.0,0.0,0.0,0.0,0.0,0.0,0.0,0.0,0.0,1.0,0.0,0.0,0.0,0.0,0.0,0.0,0.0,0.0,0.0,0.0,0.0,0.0,0.0,0.0,0.0,0.0,0.0,0.0,0.0,0.0,0.0,0.0,0.0,0.0,0.0,0.0,0.0,0.0,0.0,0.0,0.0,0.0,0.0,0.0,0.0,0.0,0.0,0.0,0.0,0.0,0.0,0.0,0.0,0.0,0.0,0.0,0.0,0.0,0.0,0.0,0.0,0.0,0.0,0.0,0.0,0.0,0.0,0.0,0.0,0.0,0.0,0.0,0.0,0.0,0.0,0.0,0.0,0.0,0.0
847798984821598484387,Foerster-Dvorak-Michkov,2026020006,2026,PHI,PIT,HOME,20260930,line,5on5,231.0,5.0,0.2138,0.6,0.3333,1.368,0.059,0.143,0.326,0.005,0.764,0.704,0.058,0.052,0.051,1.0,1.0,4.0,6.0,0.0,0.0,0.0,1.0,0.0,1.0,0.0,1.0,2.0,1.0,2.0,3.0,1.0,0.0,2.0,2.0,0.0,0.0,0.059,0.0,0.0,0.0,0.0,0.0,5.1,2.0,1.757,1.0,0.028,0.0,0.0,0.087,0.077,0.076,2.918,0.217,0.262,0.648,0.005,1.255,1.612,0.2,0.25,0.23,3.0,1.0,0.0,4.0,0.0,0.0,0.0,2.0,0.0,1.0,1.0,3.0,4.0,2.0,4.0,2.0,3.0,0.0,2.0,3.0,1.0,0.0,0.085,0.132,0.0,0.0,0.0,0.0,4.856,4.0,4.644,1.0,0.052,0.0,0.0,0.27,0.31,0.284
847798984784398482159,Foerster-Dvorak-Konecny,2026020006,2026,PHI,PIT,HOME,20260930,line,5on5,381.0,1.0,0.4413,0.3333,0.4286,2.373,0.139,0.155,0.306,0.005,0.911,1.483,0.139,0.127,0.127,2.0,1.0,0.0,3.0,0.0,0.0,0.0,0.0,0.0,3.0,0.0,2.0,3.0,1.0,2.0,5.0,4.0,1.0,3.0,2.0,1.0,0.0,0.054,0.085,0.0,0.0,0.0,0.0,2.767,3.0,2.775,2.0,0.032,0.0,0.0,0.171,0.157,0.157,3.299,0.176,0.356,0.504,0.006,1.573,1.384,0.172,0.187,0.183,3.0,1.0,2.0,6.0,0.0,0.0,0.0,1.0,0.0,2.0,1.0,3.0,4.0,0.0,0.0,3.0,7.0,0.0,3.0,3.0,1.0,0.0,0.073,0.103,0.0,0.0,0.0,0.0,6.527,4.0,4.307,0.0,0.078,0.0,0.0,0.254,0.271,0.264
84779488481122,Sanheim-Benoit,2026020009,2026,PHI,NJD,AWAY,20261001,pairing,5on5,16.0,13.0,0.0,0.0,0.0,0.0,0.0,0.0,0.0,0.0,0.0,0.0,0.0,0.0,0.0,0.0,0.0,0.0,0.0,0.0,0.0,0.0,0.0,0.0,0.0,0.0,0.0,0.0,0.0,0.0,0.0,1.0,0.0,0.0,0.0,0.0,0.0,0.0,0.0,0.0,0.0,0.0,0.0,0.0,0.0,0.0,0.0,0.0,0.0,0.0,0.0,0.0,0.0,0.0,0.0,0.0,0.0,0.0,0.0,0.0,0.0,0.0,0.0,0.0,0.0,0.0,0.0,0.0,0.0,0.0,0.0,0.0,0.0,0.0,0.0,0.0,0.0,0.0,0.0,0.0,0.0,0.0,0.0,0.0,0.0,0.0,0.0,0.0,0.0,0.0,0.0,0.0,0.0,0.0,0.0,0.0,0.0,0.0,0.0,0.0,0.0
847798984800158483731,Bump-Dvorak-Tippett,2026020009,2026,PHI,NJD,AWAY,20261001,line,5on5,60.0,9.0,0.0,0.0,0.0,0.0,0.0,0.0,0.0,0.0,0.0,0.0,0.0,0.0,0.0,0.0,0.0,0.0,0.0,0.0,0.0,0.0,0.0,0.0,0.0,0.0,0.0,0.0,0.0,0.0,0.0,0.0,0.0,0.0,0.0,0.0,0.0,0.0,0.0,0.0,0.0,0.0,0.0,0.0,0.0,0.0,0.0,0.0,0.0,0.0,0.0,0.0,0.0,0.677,0.073,0.074,0.134,0.004,0.345,0.37,0.073,0.067,0.067,0.0,1.0,1.0,2.0,0.0,0.0,0.0,0.0,0.0,0.0,1.0,0.0,1.0,0.0,0.0,0.0,1.0,0.0,0.0,1.0,0.0,0.0,0.073,0.0,0.0,0.0,0.0,0.0,1.83,1.0,0.916,0.0,0.014,0.0,0.0,0.087,0.08,0.08
84763728477499,Seeler-Ristolainen,2026020006,2026,PHI,PIT,HOME,20260930,pairing,5on5,13.0,10.0,0.0,0.0,0.0,0.0,0.0,0.0,0.0,0.0,0.0,0.0,0.0,0.0,0.0,0.0,0.0,0.0,0.0,0.0,0.0,0.0,0.0,0.0,0.0,0.0,0.0,0.0,0.0,0.0,0.0,0.0,0.0,1.0,0.0,0.0,0.0,0.0,0.0,0.0,0.0,0.0,0.0,0.0,0.0,0.0,0.0,0.0,0.0,0.0,0.0,0.0,0.0,0.0,0.0,0.0,0.0,0.0,0.0,0.0,0.0,0.0,0.0,0.0,0.0,0.0,0.0,0.0,0.0,0.0,0.0,0.0,0.0,0.0,0.0,0.0,0.0,0.0,0.0,0.0,0.0,0.0,0.0,0.0,0.0,0.0,0.0,0.0,0.0,0.0,0.0,0.0,0.0,0.0,0.0,0.0,0.0,0.0,0.0,0.0,0.0
84763728477499,Seeler-Ristolainen,2026020009,2026,PHI,NJD,AWAY,20261001,pairing,5on5,18.0,12.0,1.0,1.0,1.0,0.731,0.033,0.065,0.163,0.002,0.279,0.458,0.033,0.035,0.035,1.0,0.0,1.0,2.0,0.0,0.0,0.0,1.0,0.0,0.0,0.0,1.0,1.0,0.0,0.0,0.0,0.0,0.0,0.0,1.0,0.0,0.0,0.033,0.0,0.0,0.0,0.0,0.0,2.064,1.0,1.03,0.0,0.013,0.0,0.0,0.046,0.049,0.049,0.0,0.0,0.0,0.0,0.0,0.0,0.0,0.0,0.0,0.0,0.0,0.0,0.0,0.0,0.0,0.0,0.0,0.0,0.0,0.0,0.0,0.0,0.0,0.0,0.0,0.0,0.0,0.0,0.0,0.0,0.0,0.0,0.0,0.0,0.0,0.0,0.0,0.0,0.0,0.0,0.0,0.0,0.0,0.0,0.0,0.0,0.0,0.0
848001584802208482159,Foerster-Cates-Tippett,2026020006,2026,PHI,PIT,HOME,20260930,line,5on5,37.0,13.0,0.0,0.0,0.0,0.0,0.0,0.0,0.0,0.0,0.0,0.0,0.0,0.0,0.0,0.0,0.0,0.0,0.0,0.0,0.0,0.0,0.0,0.0,0.0,0.0,0.0,0.0,0.0,0.0,0.0,0.0,1.0,0.0,0.0,0.0,0.0,0.0,0.0,0.0,0.0,0.0,0.0,0.0,0.0,0.0,0.0,0.0,0.0,0.0,0.0,0.0,0.0,0.0,0.0,0.0,0.0,0.0,0.0,0.0,0.0,0.0,0.0,0.0,0.0,0.0,0.0,0.0,0.0,0.0,0.0,0.0,0.0,0.0,0.0,0.0,0.0,0.0,0.0,1.0,0.0,0.0,0.0,0.0,0.0,0.0,0.0,0.0,0.0,0.0,0.0,0.0,0.0,0.0,0.0,0.0,0.0,0.0,0.0,0.0,0.0
848001584802208482159,Foerster-Cates-Tippett,2026020009,2026,PHI,NJD,AWAY,20261001,line,5on5,14.0,24.0,0.0,0.0,0.0,0.0,0.0,0.0,0.0,0.0,0.0,0.0,0.0,0.0,0.0,0.0,0.0,0.0,0.0,0.0,0.0,0.0,0.0,0.0,0.0,0.0,0.0,0.0,0.0,0.0,0.0,0.0,0.0,0.0,0.0,0.0,0.0,0.0,0.0,0.0,0.0,0.0,0.0,0.0,0.0,0.0,0.0,0.0,0.0,0.0,0.0,0.0,0.0,0.0,0.0,0.0,0.0,0.0,0.0,0.0,0.0,0.0,0.0,0.0,0.0,0.0,0.0,0.0,0.0,0.0,0.0,0.0,0.0,0.0,0.0,0.0,0.0,0.0,0.0,1.0,0.0,0.0,0.0,0.0,0.0,0.0,0.0,0.0,0.0,0.0,0.0,0.0,0.0,0.0,0.0,0.0,0.0,0.0,0.0,0.0,0.0
847646184793368484387,Grundstrom-Couturier-Michkov,2026020009,2026,PHI,NJD,AWAY,20261001,line,5on5,30.0,17.0,0.0,1.0,0.0,0.0,0.0,0.0,0.0,0.0,0.0,0.0,0.0,0.0,0.0,0.0,0.0,1.0,1.0,0.0,0.0,0.0,0.0,0.0,0.0,0.0,0.0,0.0,0.0,0.0,0.0,0.0,0.0,0.0,0.0,0.0,0.0,0.0,0.0,0.0,0.0,0.0,0.0,1.103,0.0,0.0,0.0,0.0,0.0,0.0,0.0,0.0,0.0,0.0,0.0,0.0,0.0,0.0,0.0,0.0,0.0,0.0,0.0,0.0,0.0,0.0,0.0,0.0,0.0,0.0,0.0,0.0,0.0,0.0,0.0,0.0,0.0,0.0,0.0,0.0,0.0,0.0,0.0,0.0,0.0,0.0,0.0,0.0,0.0,0.0,0.0,0.0,0.0,0.0,0.0,0.0,0.0,0.0,0.0,0.0,0.0
848022084815338482159,Zegras-Cates-Foerster,2026020009,2026,PHI,NJD,AWAY,20261001,line,5on5,24.0,19.0,0.0,0.0,0.0,0.0,0.0,0.0,0.0,0.0,0.0,0.0,0.0,0.0,0.0,0.0,0.0,0.0,0.0,0.0,0.0,0.0,0.0,0.0,0.0,0.0,0.0,0.0,0.0,0.0,0.0,0.0,0.0,1.0,0.0,0.0,0.0,0.0,0.0,0.0,0.0,0.0,0.0,0.0,0.0,0.0,1.0,0.0,0.0,0.0,0.0,0.0,0.0,0.0,0.0,0.0,0.0,0.0,0.0,0.0,0.0,0.0,0.0,0.0,0.0,0.0,0.0,0.0,0.0,0.0,0.0,0.0,0.0,0.0,0.0,0.0,0.0,0.0,1.0,0.0,0.0,1.0,0.0,0.0,0.0,0.0,0.0,0.0,0.0,0.0,0.0,0.0,0.0,0.0,0.0,0.0,0.0,0.0,0.0,0.0,0.0
84811228481546,York-Benoit,2026020009,2026,PHI,NJD,AWAY,20261001,pairing,5on5,35.0,8.0,0.0,0.0,0.0,0.0,0.0,0.0,0.0,0.0,0.0,0.0,0.0,0.0,0.0,0.0,0.0,0.0,0.0,0.0,0.0,0.0,0.0,0.0,0.0,0.0,0.0,0.0,0.0,0.0,0.0,0.0,0.0,1.0,0.0,0.0,0.0,0.0,0.0,0.0,0.0,0.0,0.0,0.0,0.0,0.0,1.0,0.0,0.0,0.0,0.0,0.0,0.0,0.702,0.002,0.058,0.118,0.001,0.446,0.375,0.002,0.002,0.002,1.0,0.0,0.0,1.0,0.0,0.0,0.0,1.0,0.0,0.0,0.0,1.0,1.0,0.0,0.0,0.0,0.0,0.0,0.0,1.0,0.0,0.0,0.002,0.0,0.0,0.0,0.0,0.0,0.97,1.0,0.971,0.0,0.012,0.0,0.0,0.014,0.014,0.014
847646184785698482159,Couturier-Acciari-Foerster,2026020009,2026,PHI,NJD,AWAY,20261001,line,5on5,49.0,13.0,0.0,0.0,0.0,0.0,0.0,0.0,0.0,0.0,0.0,0.0,0.0,0.0,0.0,0.0,0.0,0.0,0.0,0.0,0.0,0.0,0.0,0.0,0.0,0.0,0.0,0.0,0.0,0.0,0.0,0.0,0.0,0.0,0.0,0.0,0.0,0.0,0.0,0.0,0.0,0.0,0.0,0.0,0.0,0.0,0.0,0.0,0.0,0.0,0.0,0.0,0.0,0.746,0.104,0.081,0.085,0.002,0.393,0.335,0.104,0.096,0.096,0.0,1.0,2.0,3.0,0.0,0.0,0.0,0.0,0.0,1.0,0.0,0.0,1.0,0.0,0.0,0.0,0.0,0.0,0.0,0.0,1.0,0.0,0.0,0.104,0.0,0.0,0.0,0.0,2.745,1.0,0.916,0.0,0.016,0.0,0.0,0.121,0.111,0.111
847856984821598484387,Foerster-Acciari-Michkov,2026020009,2026,PHI,NJD,AWAY,20261001,line,5on5,21.0,20.0,0.0,0.0,0.0,0.0,0.0,0.0,0.0,0.0,0.0,0.0,0.0,0.0,0.0,0.0,0.0,0.0,0.0,0.0,0.0,0.0,0.0,0.0,0.0,0.0,0.0,0.0,0.0,0.0,0.0,0.0,0.0,0.0,0.0,0.0,0.0,0.0,0.0,0.0,0.0,0.0,0.0,0.0,0.0,0.0,0.0,0.0,0.0,0.0,0.0,0.0,0.0,0.743,0.029,0.063,0.184,0.002,0.391,0.331,0.029,0.027,0.027,1.0,0.0,1.0,2.0,0.0,0.0,0.0,0.0,0.0,1.0,0.0,1.0,1.0,0.0,0.0,1.0,0.0,0.0,0.0,1.0,0.0,0.0,0.029,0.0,0.0,0.0,0.0,0.0,1.83,1.0,0.916,0.0,0.015,0.0,0.0,0.044,0.04,0.04
847646184793368480015,Tippett-Couturier-Grundstrom,2026020009,2026,PHI,NJD,AWAY,20261001,line,5on5,9.0,33.0,1.0,1.0,1.0,0.723,0.039,0.066,0.158,0.001,0.338,0.398,0.039,0.043,0.043,1.0,0.0,0.0,1.0,1.0,0.0,0.0,0.0,0.0,0.0,0.0,0.0,0.0,0.0,0.0,0.0,0.0,0.0,0.0,1.0,0.0,0.0,0.039,0.0,0.0,1.0,0.0,0.0,1.103,1.0,1.1,0.0,0.013,0.0,0.0,0.052,0.057,0.057,0.0,0.0,0.0,0.0,0.0,0.0,0.0,0.0,0.0,0.0,0.0,0.0,0.0,0.0,0.0,0.0,0.0,0.0,0.0,0.0,0.0,0.0,0.0,0.0,0.0,0.0,0.0,0.0,0.0,0.0,0.0,0.0,0.0,0.0,0.0,0.0,0.0,0.0,0.0,0.0,0.0,0.0,0.0,0.0,0.0,0.0,0.0,0.0
848022084821598484387,Foerster-Cates-Michkov,2026020009,2026,PHI,NJD,AWAY,20261001,line,5on5,472.0,1.0,0.7278,0.4286,0.6667,3.916,0.262,0.452,0.705,0.016,2.371,2.194,0.257,0.282,0.277,4.0,2.0,0.0,6.0,0.0,0.0,0.0,1.0,0.0,4.0,1.0,4.0,6.0,0.0,0.0,7.0,2.0,1.0,4.0,5.0,1.0,0.0,0.163,0.099,0.0,0.0,0.0,0.0,6.476,6.0,6.463,2.0,0.093,0.0,0.0,0.355,0.383,0.376,2.119,0.098,0.196,0.536,0.007,0.97,1.193,0.092,0.093,0.088,2.0,1.0,5.0,8.0,1.0,0.0,0.0,0.0,0.0,0.0,2.0,1.0,2.0,0.0,0.0,5.0,1.0,2.0,2.0,3.0,0.0,0.0,0.098,0.0,0.0,1.0,0.0,0.0,7.54,3.0,2.859,1.0,0.039,0.0,0.0,0.137,0.13,0.123
847798984837318484387,Bump-Dvorak-Michkov,2026020006,2026,PHI,PIT,HOME,20260930,line,5on5,17.0,17.0,0.0,0.0,0.0,0.0,0.0,0.0,0.0,0.0,0.0,0.0,0.0,0.0,0.0,0.0,0.0,0.0,0.0,0.0,0.0,0.0,0.0,0.0,0.0,0.0,0.0,0.0,0.0,0.0,0.0,1.0,0.0,0.0,0.0,0.0,0.0,0.0,0.0,0.0,0.0,0.0,0.0,0.0,0.0,0.0,0.0,0.0,0.0,0.0,0.0,0.0,0.0,0.0,0.0,0.0,0.0,0.0,0.0,0.0,0.0,0.0,0.0,0.0,0.0,0.0,0.0,0.0,0.0,0.0,0.0,0.0,0.0,0.0,0.0,0.0,0.0,0.0,0.0,0.0,0.0,0.0,0.0,0.0,0.0,0.0,0.0,0.0,0.0,0.0,0.0,0.0,0.0,0.0,0.0,0.0,0.0,0.0,0.0,0.0,0.0
847843984800158480220,Tippett-Cates-Konecny,2026020006,2026,PHI,PIT,HOME,20260930,line,5on5,18.0,15.0,0.0,0.0,0.0,0.0,0.0,0.0,0.0,0.0,0.0,0.0,0.0,0.0,0.0,0.0,0.0,0.0,0.0,0.0,0.0,0.0,0.0,0.0,0.0,0.0,0.0,0.0,0.0,0.0,0.0,1.0,0.0,0.0,0.0,0.0,0.0,0.0,0.0,0.0,0.0,0.0,0.0,0.0,0.0,0.0,0.0,0.0,0.0,0.0,0.0,0.0,0.0,0.0,0.0,0.0,0.0,0.0,0.0,0.0,0.0,0.0,0.0,0.0,0.0,0.0,0.0,0.0,0.0,0.0,0.0,0.0,0.0,0.0,0.0,0.0,0.0,0.0,0.0,1.0,0.0,0.0,0.0,0.0,0.0,0.0,0.0,0.0,0.0,0.0,0.0,0.0,0.0,0.0,0.0,0.0,0.0,0.0,0.0,0.0,0.0
848153384837318485406,Bump-Zegras-Martone,2026020006,2026,PHI,PIT,HOME,20260930,line,5on5,128.0,9.0,0.0,0.5,0.0,0.0,0.0,0.0,0.0,0.0,0.0,0.0,0.0,0.0,0.0,0.0,0.0,1.0,1.0,0.0,0.0,0.0,0.0,0.0,0.0,0.0,0.0,0.0,0.0,0.0,0.0,0.0,1.0,0.0,0.0,0.0,0.0,0.0,0.0,0.0,0.0,0.0,0.0,0.85,0.0,0.0,0.0,0.0,0.0,0.0,0.0,0.0,0.0,0.748,0.047,0.057,0.158,0.004,0.261,0.473,0.047,0.054,0.054,1.0,0.0,0.0,1.0,0.0,0.0,0.0,1.0,0.0,0.0,0.0,1.0,1.0,0.0,0.0,1.0,0.0,0.0,1.0,1.0,0.0,0.0,0.047,0.0,0.0,0.0,0.0,0.0,1.214,1.0,1.161,0.0,0.011,0.0,0.0,0.059,0.068,0.068
848153384837318485406,Bump-Zegras-Martone,2026020009,2026,PHI,NJD,AWAY,20261001,line,5on5,10.0,30.0,0.0,0.0,0.0,0.0,0.0,0.0,0.0,0.0,0.0,0.0,0.0,0.0,0.0,0.0,0.0,0.0,0.0,0.0,0.0,0.0,0.0,0.0,0.0,0.0,0.0,0.0,0.0,0.0,0.0,0.0,0.0,1.0,0.0,0.0,0.0,0.0,0.0,0.0,0.0,0.0,0.0,0.0,0.0,0.0,0.0,0.0,0.0,0.0,0.0,0.0,0.0,0.0,0.0,0.0,0.0,0.0,0.0,0.0,0.0,0.0,0.0,0.0,0.0,0.0,0.0,0.0,0.0,0.0,0.0,0.0,0.0,0.0,0.0,0.0,0.0,0.0,0.0,0.0,0.0,0.0,0.0,0.0,0.0,0.0,0.0,0.0,0.0,0.0,0.0,0.0,0.0,0.0,0.0,0.0,0.0,0.0,0.0,0.0,0.0
84779488482142,Sanheim-Drysdale,2026020006,2026,PHI,PIT,HOME,20260930,pairing,5on5,27.0,9.0,0.0,0.0,0.0,0.0,0.0,0.0,0.0,0.0,0.0,0.0,0.0,0.0,0.0,0.0,0.0,0.0,0.0,0.0,0.0,0.0,0.0,0.0,0.0,0.0,0.0,0.0,0.0,0.0,0.0,0.0,0.0,0.0,0.0,0.0,0.0,0.0,0.0,0.0,0.0,0.0,0.0,0.0,0.0,0.0,0.0,0.0,0.0,0.0,0.0,0.0,0.0,0.0,0.0,0.0,0.0,0.0,0.0,0.0,0.0,0.0,0.0,0.0,0.0,0.0,0.0,0.0,0.0,0.0,0.0,0.0,0.0,0.0,0.0,0.0,0.0,0.0,0.0,0.0,1.0,0.0,0.0,0.0,0.0,0.0,0.0,0.0,0.0,0.0,0.0,0.0,0.0,0.0,0.0,0.0,0.0,0.0,0.0,0.0,0.0
84779488482142,Sanheim-Drysdale,2026020009,2026,PHI,NJD,AWAY,20261001,pairing,5on5,25.0,10.0,0.0,0.0,0.0,0.0,0.0,0.0,0.0,0.0,0.0,0.0,0.0,0.0,0.0,0.0,0.0,0.0,0.0,0.0,0.0,0.0,0.0,0.0,0.0,0.0,0.0,0.0,0.0,0.0,0.0,0.0,0.0,0.0,0.0,0.0,0.0,0.0,0.0,0.0,0.0,0.0,0.0,0.0,0.0,0.0,0.0,0.0,0.0,0.0,0.0,0.0,0.0,0.712,0.068,0.094,0.061,0.002,0.362,0.413,0.068,0.065,0.065,0.0,1.0,0.0,1.0,0.0,0.0,0.0,0.0,0.0,0.0,1.0,0.0,1.0,0.0,0.0,0.0,0.0,0.0,0.0,1.0,0.0,0.0,0.068,0.0,0.0,0.0,0.0,0.0,0.97,1.0,0.971,0.0,0.021,0.0,0.0,0.089,0.085,0.085
847843984802208482159,Foerster-Cates-Konecny,2026020006,2026,PHI,PIT,HOME,20260930,line,5on5,12.0,20.0,1.0,1.0,1.0,0.638,0.006,0.054,0.154,0.001,0.293,0.493,0.006,0.005,0.005,1.0,0.0,0.0,1.0,0.0,0.0,0.0,0.0,0.0,1.0,0.0,1.0,1.0,0.0,0.0,0.0,0.0,0.0,0.0,1.0,0.0,0.0,0.006,0.0,0.0,0.0,0.0,0.0,0.85,1.0,0.878,0.0,0.011,0.0,0.0,0.017,0.015,0.015,0.0,0.0,0.0,0.0,0.0,0.0,0.0,0.0,0.0,0.0,0.0,0.0,0.0,0.0,0.0,0.0,0.0,0.0,0.0,0.0,0.0,0.0,0.0,0.0,0.0,0.0,0.0,0.0,0.0,0.0,0.0,0.0,0.0,0.0,0.0,0.0,0.0,0.0,0.0,0.0,0.0,0.0,0.0,0.0,0.0,0.0,0.0,0.0
847843984802208482159,Foerster-Cates-Konecny,2026020009,2026,PHI,NJD,AWAY,20261001,line,5on5,13.0,27.0,0.0,0.0,0.0,0.0,0.0,0.0,0.0,0.0,0.0,0.0,0.0,0.0,0.0,0.0,0.0,0.0,0.0,0.0,0.0,0.0,0.0,0.0,0.0,0.0,0.0,0.0,0.0,0.0,0.0,0.0,0.0,1.0,0.0,0.0,0.0,0.0,0.0,0.0,0.0,0.0,0.0,0.0,0.0,0.0,0.0,0.0,0.0,0.0,0.0,0.0,0.0,0.712,0.019,0.054,0.196,0.001,0.335,0.395,0.019,0.018,0.018,1.0,0.0,0.0,1.0,0.0,0.0,0.0,0.0,0.0,0.0,1.0,1.0,1.0,0.0,0.0,0.0,1.0,0.0,0.0,1.0,0.0,0.0,0.019,0.0,0.0,0.0,0.0,0.0,0.97,1.0,0.971,0.0,0.01,0.0,0.0,0.029,0.028,0.028
84774998481122,Benoit-Ristolainen,2026020006,2026,PHI,PIT,HOME,20260930,pairing,5on5,11.0,11.0,1.0,1.0,1.0,0.782,0.005,0.045,0.178,0.0,0.215,0.556,0.005,0.004,0.004,1.0,0.0,0.0,1.0,0.0,0.0,0.0,0.0,0.0,0.0,1.0,1.0,1.0,0.0,0.0,0.0,0.0,0.0,0.0,1.0,0.0,0.0,0.005,0.0,0.0,0.0,0.0,0.0,0.85,1.0,0.878,0.0,0.009,0.0,0.0,0.014,0.012,0.012,0.0,0.0,0.0,0.0,0.0,0.0,0.0,0.0,0.0,0.0,0.0,0.0,0.0,0.0,0.0,0.0,0.0,0.0,0.0,0.0,0.0,0.0,0.0,0.0,0.0,0.0,0.0,0.0,0.0,0.0,0.0,0.0,0.0,0.0,0.0,0.0,0.0,0.0,0.0,0.0,0.0,0.0,0.0,0.0,0.0,0.0,0.0,0.0
84774998481122,Benoit-Ristolainen,2026020009,2026,PHI,NJD,AWAY,20261001,pairing,5on5,83.0,4.0,0.0,0.0,0.0,0.0,0.0,0.0,0.0,0.0,0.0,0.0,0.0,0.0,0.0,0.0,0.0,0.0,0.0,0.0,0.0,0.0,0.0,0.0,0.0,0.0,0.0,0.0,0.0,0.0,0.0,1.0,1.0,2.0,0.0,0.0,0.0,0.0,0.0,0.0,0.0,0.0,0.0,0.0,0.0,0.0,0.0,0.0,0.0,0.0,0.0,0.0,0.0,0.0,0.0,0.0,0.0,0.0,0.0,0.0,0.0,0.0,0.0,0.0,0.0,0.0,0.0,0.0,0.0,0.0,0.0,0.0,0.0,0.0,0.0,0.0,0.0,0.0,0.0,1.0,0.0,0.0,0.0,0.0,0.0,0.0,0.0,0.0,0.0,0.0,0.0,0.0,0.0,0.0,0.0,0.0,0.0,0.0,0.0,0.0,0.0
847646184793368485406,Martone-Couturier-Grundstrom,2026020006,2026,PHI,PIT,HOME,20260930,line,5on5,230.0,6.0,0.0349,0.0909,0.0909,0.734,0.024,0.059,0.2,0.002,0.326,0.39,0.024,0.021,0.021,0.0,1.0,0.0,1.0,0.0,0.0,0.0,0.0,0.0,1.0,0.0,0.0,1.0,1.0,2.0,0.0,2.0,0.0,4.0,1.0,0.0,0.0,0.024,0.0,0.0,0.0,0.0,0.0,0.85,1.0,0.878,2.0,0.011,0.0,0.0,0.035,0.031,0.031,7.813,0.663,0.939,1.014,0.018,3.84,3.526,0.598,0.763,0.689,7.0,3.0,0.0,10.0,0.0,1.0,0.0,1.0,0.0,7.0,1.0,7.0,10.0,0.0,0.0,1.0,1.0,0.0,0.0,7.0,3.0,0.0,0.273,0.39,0.0,0.0,0.0,0.0,12.14,10.0,11.609,0.0,0.191,0.021,0.021,0.834,0.96,0.867
84779488481546,Sanheim-York,2026020006,2026,PHI,PIT,HOME,20260930,pairing,5on5,60.0,5.0,0.0,0.0,0.0,0.0,0.0,0.0,0.0,0.0,0.0,0.0,0.0,0.0,0.0,0.0,0.0,0.0,0.0,0.0,0.0,0.0,0.0,0.0,0.0,0.0,0.0,0.0,0.0,0.0,0.0,0.0,0.0,0.0,0.0,0.0,0.0,0.0,0.0,0.0,0.0,0.0,0.0,0.0,0.0,0.0,0.0,0.0,0.0,0.0,0.0,0.0,0.0,1.719,0.299,0.17,0.204,0.004,0.605,0.719,0.299,0.338,0.338,2.0,0.0,0.0,2.0,1.0,0.0,0.0,1.0,0.0,0.0,0.0,1.0,1.0,0.0,0.0,0.0,0.0,0.0,0.0,0.0,2.0,0.0,0.0,0.299,0.0,0.0,1.0,0.0,2.368,2.0,2.307,0.0,0.037,0.0,0.0,0.336,0.38,0.38
84779488481546,Sanheim-York,2026020009,2026,PHI,NJD,AWAY,20261001,pairing,5on5,64.0,6.0,0.0,0.6667,0.0,0.0,0.0,0.0,0.0,0.0,0.0,0.0,0.0,0.0,0.0,0.0,0.0,2.0,2.0,0.0,0.0,0.0,0.0,0.0,0.0,0.0,0.0,0.0,0.0,0.0,0.0,1.0,0.0,1.0,0.0,0.0,0.0,0.0,0.0,0.0,0.0,0.0,0.0,2.064,0.0,0.0,0.0,0.0,0.0,0.0,0.0,0.0,0.0,0.733,0.043,0.062,0.099,0.002,0.257,0.538,0.043,0.041,0.041,1.0,0.0,0.0,1.0,0.0,0.0,0.0,0.0,0.0,0.0,1.0,1.0,1.0,0.0,0.0,0.0,0.0,1.0,0.0,1.0,0.0,0.0,0.043,0.0,0.0,0.0,0.0,0.0,0.97,1.0,0.971,0.0,0.013,0.0,0.0,0.056,0.053,0.053
84763728482142,Seeler-Drysdale,2026020006,2026,PHI,PIT,HOME,20260930,pairing,5on5,42.0,7.0,0.0,0.0,0.0,0.0,0.0,0.0,0.0,0.0,0.0,0.0,0.0,0.0,0.0,0.0,0.0,0.0,0.0,0.0,0.0,0.0,0.0,0.0,0.0,0.0,0.0,0.0,0.0,0.0,2.0,0.0,0.0,0.0,0.0,0.0,0.0,0.0,0.0,0.0,0.0,0.0,0.0,0.0,0.0,0.0,0.0,0.0,0.0,0.0,0.0,0.0,0.0,1.394,0.234,0.162,0.237,0.003,0.734,0.63,0.197,0.269,0.227,1.0,1.0,1.0,3.0,0.0,0.0,0.0,0.0,0.0,2.0,0.0,1.0,2.0,0.0,0.0,0.0,0.0,0.0,0.0,1.0,1.0,0.0,0.039,0.194,0.0,0.0,0.0,0.0,3.642,2.0,2.322,0.0,0.035,0.0,0.0,0.269,0.31,0.261
847843984800158481533,Tippett-Zegras-Konecny,2026020006,2026,PHI,PIT,HOME,20260930,line,5on5,183.0,8.0,0.0754,0.25,0.2857,1.423,0.023,0.096,0.335,0.002,0.623,0.921,0.023,0.02,0.02,1.0,1.0,0.0,2.0,0.0,0.0,0.0,0.0,0.0,0.0,2.0,1.0,2.0,1.0,2.0,3.0,2.0,0.0,0.0,2.0,0.0,0.0,0.023,0.0,0.0,0.0,0.0,0.0,1.7,2.0,1.757,0.0,0.019,0.0,0.0,0.042,0.037,0.037,3.442,0.282,0.324,0.785,0.006,1.75,1.854,0.245,0.324,0.282,4.0,1.0,1.0,6.0,0.0,0.0,0.0,1.0,0.0,4.0,0.0,4.0,5.0,0.0,0.0,1.0,1.0,0.0,0.0,4.0,1.0,0.0,0.087,0.194,0.0,0.0,0.0,0.0,7.284,5.0,5.804,0.0,0.067,0.0,0.0,0.348,0.401,0.353
847798984784398485406,Konecny-Dvorak-Martone,2026020009,2026,PHI,NJD,AWAY,20261001,line,5on5,397.0,2.0,0.5767,0.4,0.4545,3.59,0.282,0.352,0.719,0.009,1.957,1.68,0.264,0.307,0.287,5.0,0.0,1.0,6.0,0.0,0.0,0.0,2.0,0.0,1.0,2.0,5.0,5.0,2.0,4.0,2.0,2.0,0.0,3.0,4.0,1.0,0.0,0.104,0.178,0.0,0.0,0.0,0.0,6.405,5.0,5.362,2.0,0.073,0.0,0.0,0.356,0.386,0.363,4.422,0.207,0.379,1.033,0.008,2.173,2.199,0.205,0.19,0.189,6.0,0.0,3.0,9.0,0.0,0.0,0.0,3.0,0.0,3.0,0.0,6.0,6.0,0.0,0.0,5.0,5.0,0.0,1.0,5.0,1.0,0.0,0.107,0.1,0.0,0.0,0.0,0.0,8.455,6.0,5.608,0.0,0.077,0.0,0.0,0.284,0.262,0.261
847843984815338482159,Foerster-Zegras-Konecny,2026020006,2026,PHI,PIT,HOME,20260930,line,5on5,6.0,23.0,0.0,0.0,0.0,0.0,0.0,0.0,0.0,0.0,0.0,0.0,0.0,0.0,0.0,0.0,0.0,0.0,0.0,0.0,0.0,0.0,0.0,0.0,0.0,0.0,0.0,0.0,0.0,0.0,0.0,0.0,0.0,0.0,0.0,0.0,0.0,0.0,0.0,0.0,0.0,0.0,0.0,0.0,0.0,0.0,0.0,0.0,0.0,0.0,0.0,0.0,0.0,0.907,0.166,0.092,0.108,0.002,0.332,0.3,0.166,0.186,0.186,1.0,0.0,0.0,1.0,1.0,0.0,0.0,0.0,0.0,0.0,0.0,0.0,0.0,0.0,0.0,0.0,0.0,0.0,0.0,0.0,1.0,0.0,0.0,0.166,0.0,0.0,1.0,0.0,1.154,1.0,1.146,0.0,0.02,0.0,0.0,0.187,0.208,0.208
84717248477845,Van Riemsdyk-Letang,2026020006,2026,PIT,PHI,AWAY,20260930,pairing,5on5,820.0,2.0,0.8291,0.7391,0.7895,10.967,0.82,1.14,1.839,0.025,5.797,5.379,0.736,0.94,0.844,10.0,5.0,2.0,17.0,1.0,1.0,0.0,1.0,0.0,11.0,1.0,9.0,14.0,0.0,0.0,8.0,6.0,1.0,3.0,12.0,3.0,0.0,0.43,0.39,0.0,1.0,0.0,0.0,20.165,15.0,17.323,1.0,0.23,0.021,0.021,1.029,1.179,1.059,3.065,0.169,0.251,0.53,0.004,1.329,1.717,0.169,0.152,0.152,2.0,2.0,2.0,6.0,0.0,0.0,0.0,0.0,0.0,2.0,2.0,2.0,4.0,1.0,2.0,9.0,9.0,0.0,8.0,3.0,1.0,0.0,0.059,0.11,0.0,0.0,0.0,0.0,5.349,4.0,3.644,3.0,0.052,0.0,0.0,0.221,0.2,0.2
847121584716758481582,Robertson-Crosby-Malkin,2026020006,2026,PIT,PHI,AWAY,20260930,line,5on5,37.0,11.0,0.0,0.0,0.0,0.0,0.0,0.0,0.0,0.0,0.0,0.0,0.0,0.0,0.0,0.0,0.0,0.0,0.0,0.0,0.0,0.0,0.0,0.0,0.0,0.0,0.0,0.0,0.0,0.0,0.0,0.0,0.0,0.0,0.0,0.0,0.0,0.0,0.0,0.0,0.0,0.0,0.0,0.0,0.0,0.0,0.0,0.0,0.0,0.0,0.0,0.0,0.0,1.311,0.043,0.133,0.37,0.002,0.656,0.796,0.043,0.039,0.039,1.0,1.0,0.0,2.0,0.0,0.0,0.0,0.0,0.0,1.0,1.0,1.0,2.0,0.0,0.0,0.0,0.0,0.0,0.0,2.0,0.0,0.0,0.043,0.0,0.0,0.0,0.0,0.0,1.765,2.0,1.795,0.0,0.026,0.0,0.0,0.07,0.063,0.063
848084284821488482758,Hallander-Lapierre-Koivunen,2026020006,2026,PIT,PHI,AWAY,20260930,line,5on5,388.0,4.0,0.9873,0.8571,0.8333,8.119,1.17,1.051,1.173,0.02,3.245,3.34,1.123,1.328,1.275,8.0,2.0,2.0,12.0,3.0,2.0,0.0,1.0,0.0,3.0,1.0,5.0,7.0,0.0,0.0,1.0,5.0,0.0,2.0,5.0,3.0,2.0,0.236,0.401,0.533,0.0,2.0,1.0,14.217,10.0,11.549,1.0,0.223,0.378,0.378,1.015,1.16,1.129,1.485,0.015,0.112,0.375,0.001,0.601,0.896,0.015,0.014,0.014,2.0,0.0,0.0,2.0,0.0,0.0,0.0,0.0,0.0,0.0,2.0,2.0,2.0,2.0,4.0,2.0,3.0,1.0,4.0,2.0,0.0,0.0,0.015,0.0,0.0,0.0,0.0,0.0,1.82,2.0,1.849,3.0,0.022,0.0,0.0,0.037,0.034,0.034
848084284814818482758,Hallander-Lizotte-Koivunen,2026020006,2026,PIT,PHI,AWAY,20260930,line,5on5,44.0,8.0,0.0,0.0,0.0,0.0,0.0,0.0,0.0,0.0,0.0,0.0,0.0,0.0,0.0,0.0,0.0,0.0,0.0,0.0,0.0,0.0,0.0,0.0,0.0,0.0,0.0,0.0,0.0,0.0,0.0,0.0,0.0,0.0,0.0,0.0,0.0,0.0,0.0,0.0,0.0,0.0,0.0,0.0,0.0,0.0,0.0,0.0,0.0,0.0,0.0,0.0,0.0,0.788,0.134,0.099,0.08,0.003,0.353,0.332,0.134,0.118,0.118,0.0,1.0,0.0,1.0,0.0,0.0,0.0,0.0,0.0,0.0,1.0,0.0,1.0,0.0,0.0,2.0,0.0,0.0,0.0,0.0,1.0,0.0,0.0,0.134,0.0,0.0,0.0,0.0,0.85,1.0,0.878,0.0,0.021,0.0,0.0,0.155,0.137,0.137
847648384815828482148,Robertson-Lapierre-Rakell,2026020006,2026,PIT,PHI,AWAY,20260930,line,5on5,25.0,17.0,0.0,0.0,0.0,0.0,0.0,0.0,0.0,0.0,0.0,0.0,0.0,0.0,0.0,0.0,0.0,0.0,0.0,0.0,0.0,0.0,0.0,0.0,0.0,0.0,0.0,0.0,0.0,0.0,0.0,1.0,0.0,0.0,0.0,0.0,0.0,0.0,0.0,0.0,0.0,0.0,0.0,0.0,0.0,0.0,0.0,0.0,0.0,0.0,0.0,0.0,0.0,0.0,0.0,0.0,0.0,0.0,0.0,0.0,0.0,0.0,0.0,0.0,0.0,0.0,0.0,0.0,0.0,0.0,0.0,0.0,0.0,0.0,0.0,0.0,0.0,0.0,0.0,1.0,0.0,0.0,0.0,0.0,0.0,0.0,0.0,0.0,0.0,0.0,0.0,0.0,0.0,0.0,0.0,0.0,0.0,0.0,0.0,0.0,0.0
84717248479398,Girard-Letang,2026020006,2026,PIT,PHI,AWAY,20260930,pairing,5on5,83.0,5.0,0.9375,0.5,0.5,0.769,0.09,0.13,0.056,0.013,0.279,0.432,0.09,0.099,0.099,1.0,0.0,0.0,1.0,0.0,0.0,0.0,0.0,0.0,1.0,0.0,1.0,1.0,0.0,0.0,0.0,0.0,0.0,0.0,0.0,1.0,0.0,0.0,0.09,0.0,0.0,0.0,0.0,1.103,1.0,1.1,0.0,0.027,0.0,0.0,0.117,0.128,0.128,0.638,0.006,0.054,0.154,0.001,0.293,0.493,0.006,0.005,0.005,1.0,0.0,0.0,1.0,0.0,0.0,0.0,0.0,0.0,1.0,0.0,1.0,1.0,0.0,0.0,0.0,3.0,0.0,0.0,1.0,0.0,0.0,0.006,0.0,0.0,0.0,0.0,0.0,0.85,1.0,0.878,0.0,0.011,0.0,0.0,0.017,0.015,0.015
847167584821488482758,Lapierre-Crosby-Koivunen,2026020006,2026,PIT,PHI,AWAY,20260930,line,5on5,33.0,13.0,0.5667,0.5,0.5,0.754,0.017,0.053,0.201,0.002,0.318,0.409,0.017,0.02,0.02,1.0,0.0,0.0,1.0,0.0,0.0,0.0,1.0,0.0,0.0,0.0,1.0,1.0,0.0,0.0,1.0,0.0,0.0,0.0,1.0,0.0,0.0,0.017,0.0,0.0,0.0,0.0,0.0,1.214,1.0,1.161,0.0,0.01,0.0,0.0,0.027,0.031,0.031,0.741,0.013,0.067,0.154,0.005,0.384,0.378,0.013,0.011,0.011,1.0,0.0,0.0,1.0,0.0,0.0,0.0,1.0,0.0,0.0,0.0,1.0,1.0,0.0,0.0,0.0,0.0,0.0,0.0,1.0,0.0,0.0,0.013,0.0,0.0,0.0,0.0,0.0,0.85,1.0,0.878,0.0,0.014,0.0,0.0,0.027,0.023,0.023
848098084817258482148,Soderblom-Lapierre-Dewar,2026020006,2026,PIT,PHI,AWAY,20260930,line,5on5,16.0,20.0,1.0,1.0,1.0,0.686,0.026,0.063,0.208,0.001,0.28,0.421,0.026,0.03,0.03,1.0,0.0,0.0,1.0,0.0,0.0,0.0,0.0,0.0,1.0,0.0,1.0,1.0,0.0,0.0,0.0,1.0,0.0,0.0,1.0,0.0,0.0,0.026,0.0,0.0,0.0,0.0,0.0,1.214,1.0,1.161,0.0,0.012,0.0,0.0,0.038,0.044,0.044,0.0,0.0,0.0,0.0,0.0,0.0,0.0,0.0,0.0,0.0,0.0,0.0,0.0,0.0,0.0,0.0,0.0,0.0,0.0,0.0,0.0,0.0,0.0,0.0,0.0,0.0,0.0,0.0,0.0,0.0,0.0,0.0,0.0,0.0,0.0,0.0,0.0,0.0,0.0,0.0,0.0,0.0,0.0,0.0,0.0,0.0,0.0,0.0
847121584809808481481,Malkin-Lizotte-Dewar,2026020006,2026,PIT,PHI,AWAY,20260930,line,5on5,21.0,18.0,1.0,1.0,1.0,0.719,0.013,0.055,0.138,0.001,0.353,0.44,0.013,0.014,0.014,0.0,1.0,0.0,1.0,0.0,0.0,0.0,0.0,0.0,0.0,1.0,0.0,1.0,0.0,0.0,0.0,0.0,0.0,0.0,1.0,0.0,0.0,0.013,0.0,0.0,0.0,0.0,0.0,1.032,1.0,1.03,0.0,0.011,0.0,0.0,0.025,0.026,0.026,0.0,0.0,0.0,0.0,0.0,0.0,0.0,0.0,0.0,0.0,0.0,0.0,0.0,0.0,0.0,0.0,0.0,0.0,0.0,0.0,0.0,0.0,0.0,0.0,0.0,0.0,0.0,0.0,0.0,0.0,0.0,0.0,0.0,0.0,0.0,0.0,0.0,0.0,0.0,0.0,0.0,0.0,0.0,0.0,0.0,0.0,0.0,0.0
847121584821488482758,Malkin-Lapierre-Koivunen,2026020006,2026,PIT,PHI,AWAY,20260930,line,5on5,53.0,7.0,1.0,1.0,1.0,2.163,0.324,0.291,0.293,0.017,1.013,1.062,0.287,0.368,0.325,2.0,1.0,1.0,4.0,0.0,0.0,0.0,0.0,0.0,3.0,0.0,2.0,3.0,0.0,0.0,0.0,0.0,0.0,0.0,1.0,2.0,0.0,0.039,0.285,0.0,0.0,0.0,0.0,4.745,3.0,3.422,0.0,0.062,0.0,0.0,0.386,0.438,0.389,0.0,0.0,0.0,0.0,0.0,0.0,0.0,0.0,0.0,0.0,0.0,0.0,0.0,0.0,0.0,0.0,0.0,0.0,0.0,0.0,0.0,0.0,0.0,0.0,0.0,2.0,1.0,0.0,0.0,0.0,0.0,0.0,0.0,0.0,0.0,0.0,0.0,0.0,0.0,0.0,0.0,0.0,0.0,0.0,0.0,0.0,0.0,0.0
847121584815828482148,Robertson-Lapierre-Malkin,2026020006,2026,PIT,PHI,AWAY,20260930,line,5on5,29.0,15.0,0.0,0.0,0.0,0.0,0.0,0.0,0.0,0.0,0.0,0.0,0.0,0.0,0.0,0.0,0.0,0.0,0.0,0.0,0.0,0.0,0.0,0.0,0.0,0.0,0.0,0.0,0.0,0.0,1.0,0.0,0.0,0.0,0.0,0.0,0.0,0.0,0.0,0.0,0.0,0.0,0.0,0.0,0.0,0.0,0.0,0.0,0.0,0.0,0.0,0.0,0.0,0.0,0.0,0.0,0.0,0.0,0.0,0.0,0.0,0.0,0.0,0.0,0.0,0.0,0.0,0.0,0.0,0.0,0.0,0.0,0.0,0.0,0.0,0.0,0.0,0.0,0.0,0.0,0.0,0.0,0.0,0.0,0.0,0.0,0.0,0.0,0.0,0.0,0.0,0.0,0.0,0.0,0.0,0.0,0.0,0.0,0.0,0.0,0.0
84745788483398,Carlile-Karlsson,2026020006,2026,PIT,PHI,AWAY,20260930,pairing,5on5,668.0,3.0,0.8045,0.6818,0.6471,8.644,0.893,0.846,1.498,0.024,3.858,3.882,0.852,1.0,0.955,7.0,4.0,4.0,15.0,1.0,2.0,0.0,3.0,0.0,3.0,2.0,6.0,10.0,1.0,2.0,2.0,9.0,1.0,3.0,8.0,2.0,1.0,0.264,0.329,0.3,0.0,1.0,0.0,17.153,11.0,12.374,0.0,0.178,0.378,0.378,0.693,0.776,0.753,4.324,0.217,0.383,1.037,0.01,2.074,2.279,0.217,0.197,0.197,2.0,4.0,1.0,7.0,0.0,0.0,0.0,0.0,0.0,3.0,3.0,2.0,6.0,2.0,4.0,8.0,6.0,2.0,6.0,5.0,1.0,0.0,0.132,0.085,0.0,0.0,0.0,0.0,6.112,6.0,5.355,2.0,0.077,0.0,0.0,0.294,0.266,0.266
848098084814818481725,Soderblom-Lizotte-Dewar,2026020006,2026,PIT,PHI,AWAY,20260930,line,5on5,430.0,3.0,0.7888,0.3333,0.5,1.582,0.239,0.148,0.198,0.008,0.731,0.675,0.228,0.267,0.255,1.0,1.0,1.0,3.0,0.0,0.0,0.0,0.0,0.0,2.0,0.0,1.0,2.0,0.0,0.0,4.0,4.0,1.0,1.0,1.0,1.0,0.0,0.062,0.177,0.0,0.0,0.0,0.0,3.462,2.0,2.292,0.0,0.03,0.0,0.0,0.27,0.301,0.288,1.269,0.064,0.126,0.328,0.003,0.788,0.691,0.063,0.056,0.056,0.0,2.0,4.0,6.0,0.0,0.0,0.0,0.0,0.0,1.0,1.0,0.0,2.0,0.0,0.0,4.0,6.0,0.0,3.0,2.0,0.0,0.0,0.064,0.0,0.0,0.0,0.0,0.0,5.132,2.0,1.757,1.0,0.025,0.0,0.0,0.088,0.078,0.077
848098084815828481725,Soderblom-Dewar-Robertson,2026020006,2026,PIT,PHI,AWAY,20260930,line,5on5,59.0,5.0,0.0,0.0,0.0,0.0,0.0,0.0,0.0,0.0,0.0,0.0,0.0,0.0,0.0,0.0,0.0,0.0,0.0,0.0,0.0,0.0,0.0,0.0,0.0,0.0,0.0,0.0,0.0,0.0,0.0,0.0,0.0,0.0,0.0,0.0,0.0,0.0,0.0,0.0,0.0,0.0,0.0,0.0,0.0,0.0,0.0,0.0,0.0,0.0,0.0,0.0,0.0,0.0,0.0,0.0,0.0,0.0,0.0,0.0,0.0,0.0,0.0,0.0,0.0,1.0,1.0,0.0,0.0,0.0,0.0,0.0,0.0,0.0,0.0,0.0,0.0,0.0,0.0,0.0,0.0,0.0,0.0,0.0,0.0,0.0,0.0,0.0,0.0,0.0,0.0,0.85,0.0,0.0,0.0,0.0,0.0,0.0,0.0,0.0,0.0
847843884809808481725,Soderblom-Novak-Dewar,2026020006,2026,PIT,PHI,AWAY,20260930,line,5on5,59.0,6.0,0.0,0.0,0.0,0.0,0.0,0.0,0.0,0.0,0.0,0.0,0.0,0.0,0.0,0.0,0.0,0.0,0.0,0.0,0.0,0.0,0.0,0.0,0.0,0.0,0.0,0.0,1.0,2.0,0.0,0.0,1.0,0.0,0.0,0.0,0.0,0.0,0.0,0.0,0.0,0.0,0.0,0.0,0.0,0.0,0.0,0.0,0.0,0.0,0.0,0.0,0.0,0.0,0.0,0.0,0.0,0.0,0.0,0.0,0.0,0.0,0.0,0.0,0.0,0.0,0.0,0.0,0.0,0.0,0.0,0.0,0.0,0.0,0.0,0.0,0.0,0.0,0.0,0.0,0.0,0.0,0.0,0.0,0.0,0.0,0.0,0.0,0.0,0.0,0.0,0.0,0.0,0.0,0.0,0.0,0.0,0.0,0.0,0.0,0.0
84778458483398,Carlile-Van Riemsdyk,2026020006,2026,PIT,PHI,AWAY,20260930,pairing,5on5,208.0,4.0,0.207,0.1667,0.3333,0.748,0.047,0.057,0.158,0.004,0.261,0.473,0.047,0.054,0.054,1.0,0.0,0.0,1.0,0.0,0.0,0.0,1.0,0.0,0.0,0.0,1.0,1.0,0.0,0.0,1.0,1.0,0.0,0.0,1.0,0.0,0.0,0.047,0.0,0.0,0.0,0.0,0.0,1.214,1.0,1.161,0.0,0.011,0.0,0.0,0.059,0.068,0.068,1.415,0.18,0.175,0.251,0.003,0.733,0.657,0.179,0.159,0.158,0.0,2.0,3.0,5.0,0.0,0.0,0.0,0.0,0.0,1.0,1.0,0.0,2.0,0.0,0.0,3.0,0.0,2.0,1.0,1.0,1.0,0.0,0.046,0.134,0.0,0.0,0.0,0.0,4.25,2.0,1.757,0.0,0.036,0.0,0.0,0.216,0.19,0.19
84778458481527,Van Riemsdyk-Korczak,2026020006,2026,PIT,PHI,AWAY,20260930,pairing,5on5,46.0,7.0,0.0,0.0,0.0,0.0,0.0,0.0,0.0,0.0,0.0,0.0,0.0,0.0,0.0,0.0,0.0,0.0,0.0,0.0,0.0,0.0,0.0,0.0,0.0,0.0,0.0,0.0,0.0,0.0,0.0,0.0,0.0,0.0,0.0,0.0,0.0,0.0,0.0,0.0,0.0,0.0,0.0,0.0,0.0,0.0,0.0,0.0,0.0,0.0,0.0,0.0,0.0,0.0,0.0,0.0,0.0,0.0,0.0,0.0,0.0,0.0,0.0,0.0,0.0,0.0,0.0,0.0,0.0,0.0,0.0,0.0,0.0,0.0,0.0,0.0,0.0,0.0,0.0,1.0,0.0,0.0,0.0,0.0,0.0,0.0,0.0,0.0,0.0,0.0,0.0,0.0,0.0,0.0,0.0,0.0,0.0,0.0,0.0,0.0,0.0
84717248474578,Karlsson-Letang,2026020006,2026,PIT,PHI,AWAY,20260930,pairing,5on5,43.0,9.0,0.0,0.0,0.0,0.0,0.0,0.0,0.0,0.0,0.0,0.0,0.0,0.0,0.0,0.0,0.0,0.0,0.0,0.0,0.0,0.0,0.0,0.0,0.0,0.0,0.0,0.0,0.0,0.0,0.0,0.0,0.0,0.0,0.0,0.0,0.0,0.0,0.0,0.0,0.0,0.0,0.0,0.0,0.0,0.0,0.0,0.0,0.0,0.0,0.0,0.0,0.0,0.658,0.023,0.07,0.129,0.001,0.382,0.394,0.023,0.02,0.02,1.0,0.0,0.0,1.0,0.0,0.0,0.0,0.0,0.0,0.0,1.0,1.0,1.0,0.0,0.0,0.0,0.0,0.0,1.0,1.0,0.0,0.0,0.023,0.0,0.0,0.0,0.0,0.0,0.85,1.0,0.878,0.0,0.015,0.0,0.0,0.037,0.033,0.033
848098084817258482758,Soderblom-Dewar-Koivunen,2026020006,2026,PIT,PHI,AWAY,20260930,line,5on5,19.0,19.0,0.0,0.0,0.0,0.0,0.0,0.0,0.0,0.0,0.0,0.0,0.0,0.0,0.0,0.0,0.0,0.0,0.0,0.0,0.0,0.0,0.0,0.0,0.0,0.0,0.0,0.0,0.0,0.0,0.0,0.0,0.0,0.0,0.0,0.0,0.0,0.0,0.0,0.0,0.0,0.0,0.0,0.0,0.0,0.0,0.0,0.0,0.0,0.0,0.0,0.0,0.0,0.0,0.0,0.0,0.0,0.0,0.0,0.0,0.0,0.0,0.0,0.0,0.0,0.0,0.0,0.0,0.0,0.0,0.0,0.0,0.0,0.0,0.0,0.0,0.0,0.0,0.0,0.0,1.0,0.0,0.0,0.0,0.0,0.0,0.0,0.0,0.0,0.0,0.0,0.0,0.0,0.0,0.0,0.0,0.0,0.0,0.0,0.0,0.0
84793988481527,Girard-Korczak,2026020006,2026,PIT,PHI,AWAY,20260930,pairing,5on5,871.0,1.0,0.902,0.6538,0.75,11.725,1.068,1.636,2.041,0.032,5.03,5.193,1.002,1.202,1.127,11.0,4.0,2.0,17.0,2.0,2.0,0.0,2.0,0.0,6.0,3.0,9.0,13.0,0.0,0.0,4.0,6.0,1.0,3.0,10.0,4.0,1.0,0.288,0.547,0.233,0.0,1.0,1.0,19.446,15.0,16.756,2.0,0.35,0.067,0.067,1.351,1.518,1.428,3.964,0.116,0.406,0.562,0.006,1.688,2.222,0.114,0.106,0.105,3.0,2.0,4.0,9.0,0.0,0.0,0.0,1.0,0.0,2.0,2.0,3.0,5.0,1.0,2.0,8.0,7.0,1.0,3.0,5.0,0.0,0.0,0.116,0.0,0.0,0.0,0.0,0.0,8.084,5.0,4.654,2.0,0.084,0.0,0.0,0.199,0.182,0.18
848098084814818482758,Dewar-Lizotte-Koivunen,2026020006,2026,PIT,PHI,AWAY,20260930,line,5on5,31.0,14.0,0.0,0.0,0.0,0.0,0.0,0.0,0.0,0.0,0.0,0.0,0.0,0.0,0.0,0.0,0.0,0.0,0.0,0.0,0.0,0.0,0.0,0.0,0.0,0.0,0.0,0.0,0.0,0.0,0.0,0.0,0.0,0.0,0.0,0.0,0.0,0.0,0.0,0.0,0.0,0.0,0.0,0.0,0.0,0.0,0.0,0.0,0.0,0.0,0.0,0.0,0.0,0.701,0.022,0.057,0.231,0.001,0.33,0.359,0.022,0.02,0.02,0.0,1.0,0.0,1.0,0.0,0.0,0.0,0.0,0.0,1.0,0.0,0.0,1.0,0.0,0.0,0.0,1.0,0.0,0.0,1.0,0.0,0.0,0.022,0.0,0.0,0.0,0.0,0.0,0.915,1.0,0.916,0.0,0.011,0.0,0.0,0.033,0.03,0.03
848084284809808481481,Hallander-Lizotte-Dewar,2026020006,2026,PIT,PHI,AWAY,20260930,line,5on5,42.0,9.0,1.0,1.0,1.0,0.628,0.054,0.077,0.157,0.001,0.358,0.353,0.037,0.063,0.042,1.0,0.0,0.0,1.0,0.0,0.0,0.0,0.0,0.0,1.0,0.0,1.0,1.0,0.0,0.0,0.0,1.0,0.0,1.0,1.0,0.0,0.0,0.054,0.0,0.0,0.0,0.0,0.0,1.214,1.0,1.161,0.0,0.015,0.0,0.0,0.069,0.08,0.054,0.0,0.0,0.0,0.0,0.0,0.0,0.0,0.0,0.0,0.0,0.0,0.0,0.0,0.0,0.0,0.0,0.0,0.0,0.0,0.0,0.0,0.0,0.0,0.0,0.0,1.0,0.0,0.0,1.0,0.0,0.0,0.0,0.0,0.0,0.0,0.0,0.0,0.0,0.0,0.0,0.0,1.0,0.0,0.0,0.0,0.0,0.0,0.0
84745788479398,Girard-Karlsson,2026020006,2026,PIT,PHI,AWAY,20260930,pairing,5on5,44.0,8.0,0.0,0.0,0.0,0.0,0.0,0.0,0.0,0.0,0.0,0.0,0.0,0.0,0.0,0.0,0.0,0.0,0.0,0.0,0.0,0.0,0.0,0.0,0.0,0.0,0.0,0.0,0.0,0.0,0.0,0.0,0.0,0.0,0.0,0.0,0.0,0.0,0.0,0.0,0.0,0.0,0.0,0.0,0.0,0.0,0.0,0.0,0.0,0.0,0.0,0.0,0.0,0.673,0.024,0.055,0.197,0.002,0.281,0.44,0.024,0.023,0.023,1.0,0.0,0.0,1.0,0.0,0.0,0.0,1.0,0.0,0.0,0.0,1.0,1.0,0.0,0.0,0.0,0.0,0.0,0.0,1.0,0.0,0.0,0.024,0.0,0.0,0.0,0.0,0.0,0.97,1.0,0.971,0.0,0.011,0.0,0.0,0.035,0.033,0.033
847121584784388482475,Malkin-Novak-Chinakhov,2026020006,2026,PIT,PHI,AWAY,20260930,line,5on5,572.0,2.0,0.504,0.4706,0.5455,4.195,0.126,0.359,1.033,0.009,2.265,2.208,0.117,0.14,0.131,3.0,3.0,2.0,8.0,0.0,0.0,0.0,2.0,0.0,3.0,1.0,3.0,6.0,0.0,0.0,2.0,3.0,0.0,2.0,6.0,0.0,0.0,0.126,0.0,0.0,0.0,0.0,0.0,9.128,6.0,6.814,1.0,0.07,0.0,0.0,0.196,0.219,0.205,3.888,0.124,0.412,0.528,0.007,1.851,2.078,0.123,0.114,0.114,3.0,2.0,4.0,9.0,0.0,0.0,0.0,0.0,0.0,2.0,3.0,3.0,5.0,0.0,0.0,10.0,3.0,0.0,7.0,5.0,0.0,0.0,0.124,0.0,0.0,0.0,0.0,0.0,7.996,5.0,4.561,0.0,0.086,0.0,0.0,0.21,0.193,0.191
84778458479398,Girard-Van Riemsdyk,2026020006,2026,PIT,PHI,AWAY,20260930,pairing,5on5,12.0,11.0,0.0,0.0,0.0,0.0,0.0,0.0,0.0,0.0,0.0,0.0,0.0,0.0,0.0,0.0,0.0,0.0,0.0,0.0,0.0,0.0,0.0,0.0,0.0,0.0,0.0,0.0,0.0,0.0,0.0,0.0,0.0,0.0,0.0,0.0,0.0,0.0,0.0,0.0,0.0,0.0,0.0,0.0,0.0,0.0,0.0,0.0,0.0,0.0,0.0,0.0,0.0,0.0,0.0,0.0,0.0,0.0,0.0,0.0,0.0,0.0,0.0,0.0,0.0,0.0,0.0,0.0,0.0,0.0,0.0,0.0,0.0,0.0,0.0,0.0,0.0,0.0,0.0,0.0,0.0,0.0,0.0,0.0,0.0,0.0,0.0,0.0,0.0,0.0,0.0,0.0,0.0,0.0,0.0,0.0,0.0,0.0,0.0,0.0,0.0
848158284821488482758,Robertson-Lapierre-Koivunen,2026020006,2026,PIT,PHI,AWAY,20260930,line,5on5,36.0,12.0,0.0,1.0,0.0,0.0,0.0,0.0,0.0,0.0,0.0,0.0,0.0,0.0,0.0,0.0,0.0,1.0,1.0,0.0,0.0,0.0,0.0,0.0,0.0,0.0,0.0,0.0,0.0,0.0,0.0,0.0,0.0,0.0,0.0,0.0,0.0,0.0,0.0,0.0,0.0,0.0,0.0,1.032,0.0,0.0,0.0,0.0,0.0,0.0,0.0,0.0,0.0,0.0,0.0,0.0,0.0,0.0,0.0,0.0,0.0,0.0,0.0,0.0,0.0,0.0,0.0,0.0,0.0,0.0,0.0,0.0,0.0,0.0,0.0,0.0,0.0,0.0,0.0,0.0,1.0,0.0,0.0,0.0,0.0,0.0,0.0,0.0,0.0,0.0,0.0,0.0,0.0,0.0,0.0,0.0,0.0,0.0,0.0,0.0,0.0
847167584764838482758,Rakell-Crosby-Koivunen,2026020006,2026,PIT,PHI,AWAY,20260930,line,5on5,12.0,21.0,0.0,0.0,0.0,0.0,0.0,0.0,0.0,0.0,0.0,0.0,0.0,0.0,0.0,0.0,0.0,0.0,0.0,0.0,0.0,0.0,0.0,0.0,0.0,0.0,0.0,0.0,0.0,0.0,0.0,0.0,0.0,0.0,0.0,0.0,0.0,0.0,0.0,0.0,0.0,0.0,0.0,0.0,0.0,0.0,0.0,0.0,0.0,0.0,0.0,0.0,0.0,0.673,0.024,0.055,0.197,0.002,0.281,0.44,0.024,0.023,0.023,1.0,0.0,0.0,1.0,0.0,0.0,0.0,1.0,0.0,0.0,0.0,1.0,1.0,0.0,0.0,0.0,0.0,0.0,0.0,1.0,0.0,0.0,0.024,0.0,0.0,0.0,0.0,0.0,0.97,1.0,0.971,0.0,0.011,0.0,0.0,0.035,0.033,0.033
84717248483398,Carlile-Letang,2026020006,2026,PIT,PHI,AWAY,20260930,pairing,5on5,51.0,6.0,0.0,0.0,0.0,0.0,0.0,0.0,0.0,0.0,0.0,0.0,0.0,0.0,0.0,0.0,0.0,0.0,0.0,0.0,0.0,0.0,0.0,0.0,0.0,0.0,0.0,0.0,3.0,6.0,0.0,0.0,0.0,2.0,0.0,0.0,0.0,0.0,0.0,0.0,0.0,0.0,0.0,0.0,0.0,0.0,1.0,0.0,0.0,0.0,0.0,0.0,0.0,0.0,0.0,0.0,0.0,0.0,0.0,0.0,0.0,0.0,0.0,0.0,0.0,0.0,0.0,0.0,0.0,0.0,0.0,0.0,0.0,0.0,0.0,0.0,1.0,2.0,0.0,0.0,0.0,0.0,0.0,0.0,0.0,0.0,0.0,0.0,0.0,0.0,0.0,0.0,0.0,0.0,0.0,0.0,0.0,0.0,0.0,0.0,0.0
847167584764838481582,Robertson-Crosby-Rakell,2026020006,2026,PIT,PHI,AWAY,20260930,line,5on5,608.0,1.0,0.7518,0.7143,0.7368,10.743,0.824,1.131,1.576,0.024,5.515,4.93,0.756,0.931,0.853,9.0,5.0,1.0,15.0,1.0,1.0,0.0,2.0,0.0,8.0,2.0,8.0,13.0,3.0,6.0,5.0,5.0,1.0,4.0,10.0,4.0,0.0,0.331,0.493,0.0,1.0,0.0,0.0,17.513,14.0,15.871,1.0,0.234,0.021,0.021,1.037,1.17,1.072,3.921,0.272,0.335,0.578,0.008,1.552,2.254,0.272,0.245,0.245,2.0,3.0,1.0,6.0,0.0,0.0,0.0,0.0,0.0,4.0,1.0,2.0,5.0,3.0,6.0,7.0,9.0,2.0,4.0,3.0,2.0,0.0,0.077,0.195,0.0,0.0,0.0,0.0,5.317,5.0,4.531,2.0,0.07,0.0,0.0,0.343,0.308,0.308
84815278483398,Carlile-Korczak,2026020006,2026,PIT,PHI,AWAY,20260930,pairing,5on5,23.0,10.0,0.0,0.0,0.0,0.0,0.0,0.0,0.0,0.0,0.0,0.0,0.0,0.0,0.0,0.0,0.0,0.0,0.0,0.0,0.0,0.0,0.0,0.0,0.0,0.0,0.0,0.0,0.0,0.0,1.0,1.0,0.0,0.0,0.0,0.0,0.0,0.0,0.0,0.0,0.0,0.0,0.0,0.0,0.0,0.0,0.0,0.0,0.0,0.0,0.0,0.0,0.0,0.741,0.013,0.067,0.154,0.005,0.384,0.378,0.013,0.011,0.011,1.0,0.0,0.0,1.0,0.0,0.0,0.0,1.0,0.0,0.0,0.0,1.0,1.0,0.0,0.0,0.0,1.0,0.0,0.0,1.0,0.0,0.0,0.013,0.0,0.0,0.0,0.0,0.0,0.85,1.0,0.878,0.0,0.014,0.0,0.0,0.027,0.023,0.023
847121584814818482475,Malkin-Lizotte-Chinakhov,2026020006,2026,PIT,PHI,AWAY,20260930,line,5on5,39.0,10.0,1.0,1.0,1.0,2.516,0.077,0.521,0.457,0.011,0.885,1.048,0.076,0.081,0.079,3.0,0.0,0.0,3.0,0.0,2.0,0.0,0.0,0.0,0.0,1.0,3.0,3.0,0.0,0.0,2.0,1.0,0.0,1.0,3.0,0.0,0.0,0.077,0.0,0.0,0.0,0.0,0.0,3.096,3.0,3.091,1.0,0.116,0.067,0.067,0.126,0.132,0.13,0.0,0.0,0.0,0.0,0.0,0.0,0.0,0.0,0.0,0.0,0.0,0.0,0.0,0.0,0.0,0.0,0.0,0.0,0.0,0.0,0.0,0.0,0.0,0.0,0.0,0.0,1.0,0.0,0.0,0.0,0.0,0.0,0.0,0.0,0.0,0.0,0.0,0.0,0.0,0.0,0.0,0.0,0.0,0.0,0.0,0.0,0.0,0.0
847121584784388482148,Malkin-Novak-Lapierre,2026020006,2026,PIT,PHI,AWAY,20260930,line,5on5,28.0,16.0,0.0,0.0,0.0,0.0,0.0,0.0,0.0,0.0,0.0,0.0,0.0,0.0,0.0,0.0,0.0,0.0,0.0,0.0,0.0,0.0,0.0,0.0,0.0,0.0,0.0,0.0,0.0,0.0,0.0,0.0,0.0,0.0,0.0,0.0,0.0,0.0,0.0,0.0,0.0,0.0,0.0,0.0,0.0,0.0,0.0,0.0,0.0,0.0,0.0,0.0,0.0,0.0,0.0,0.0,0.0,0.0,0.0,0.0,0.0,0.0,0.0,0.0,0.0,0.0,0.0,0.0,0.0,0.0,0.0,0.0,0.0,0.0,0.0,0.0,0.0,0.0,0.0,2.0,0.0,0.0,0.0,0.0,0.0,0.0,0.0,0.0,0.0,0.0,0.0,0.0,0.0,0.0,0.0,0.0,0.0,0.0,0.0,0.0,0.0
847167584815828481725,Soderblom-Crosby-Robertson,2026020006,2026,PIT,PHI,AWAY,20260930,line,5on5,11.0,22.0,0.0,0.0,0.0,0.0,0.0,0.0,0.0,0.0,0.0,0.0,0.0,0.0,0.0,0.0,0.0,0.0,0.0,0.0,0.0,0.0,0.0,0.0,0.0,0.0,0.0,0.0,0.0,0.0,0.0,1.0,0.0,0.0,0.0,0.0,0.0,0.0,0.0,0.0,0.0,0.0,0.0,0.0,0.0,0.0,0.0,0.0,0.0,0.0,0.0,0.0,0.0,0.0,0.0,0.0,0.0,0.0,0.0,0.0,0.0,0.0,0.0,0.0,0.0,0.0,0.0,0.0,0.0,0.0,0.0,0.0,0.0,0.0,0.0,0.0,0.0,0.0,0.0,0.0,0.0,0.0,0.0,0.0,0.0,0.0,0.0,0.0,0.0,0.0,0.0,0.0,0.0,0.0,0.0,0.0,0.0,0.0,0.0,0.0,0.0
847791984808768481554,Douglas-Gaudreau-Kakko,2026020014,2026,SEA,CGY,AWAY,20261001,line,5on5,31.0,13.0,0.0,0.0,0.0,0.0,0.0,0.0,0.0,0.0,0.0,0.0,0.0,0.0,0.0,0.0,0.0,0.0,0.0,0.0,0.0,0.0,0.0,0.0,0.0,0.0,0.0,0.0,0.0,0.0,1.0,0.0,0.0,1.0,0.0,0.0,0.0,0.0,0.0,0.0,0.0,0.0,0.0,0.0,0.0,0.0,1.0,0.0,0.0,0.0,0.0,0.0,0.0,0.677,0.012,0.053,0.204,0.001,0.401,0.329,0.012,0.01,0.01,1.0,0.0,0.0,1.0,0.0,0.0,0.0,0.0,0.0,1.0,0.0,1.0,1.0,0.0,0.0,0.0,0.0,0.0,0.0,1.0,0.0,0.0,0.012,0.0,0.0,0.0,0.0,0.0,0.85,1.0,0.878,0.0,0.01,0.0,0.0,0.022,0.019,0.019
848155484826658484800,Catton-Beniers-Kakko,2026020014,2026,SEA,CGY,AWAY,20261001,line,5on5,61.0,8.0,0.0,0.0,0.0,0.0,0.0,0.0,0.0,0.0,0.0,0.0,0.0,0.0,0.0,0.0,0.0,0.0,0.0,0.0,0.0,0.0,0.0,0.0,0.0,0.0,0.0,0.0,0.0,0.0,0.0,0.0,1.0,0.0,0.0,0.0,0.0,0.0,0.0,0.0,0.0,0.0,0.0,0.0,0.0,0.0,0.0,0.0,0.0,0.0,0.0,0.0,0.0,0.0,0.0,0.0,0.0,0.0,0.0,0.0,0.0,0.0,0.0,0.0,0.0,0.0,0.0,0.0,0.0,0.0,0.0,0.0,0.0,0.0,0.0,0.0,0.0,0.0,0.0,1.0,0.0,0.0,0.0,0.0,0.0,0.0,0.0,0.0,0.0,0.0,0.0,0.0,0.0,0.0,0.0,0.0,0.0,0.0,0.0,0.0,0.0
84784078479324,Dunn-Lindgren,2026020014,2026,SEA,CGY,AWAY,20261001,pairing,5on5,14.0,11.0,0.0,0.0,0.0,0.0,0.0,0.0,0.0,0.0,0.0,0.0,0.0,0.0,0.0,0.0,0.0,0.0,0.0,0.0,0.0,0.0,0.0,0.0,0.0,0.0,0.0,0.0,0.0,0.0,0.0,0.0,0.0,0.0,0.0,0.0,0.0,0.0,0.0,0.0,0.0,0.0,0.0,0.0,0.0,0.0,0.0,0.0,0.0,0.0,0.0,0.0,0.0,0.0,0.0,0.0,0.0,0.0,0.0,0.0,0.0,0.0,0.0,0.0,0.0,1.0,1.0,0.0,0.0,0.0,0.0,0.0,0.0,0.0,0.0,0.0,0.0,0.0,1.0,0.0,0.0,1.0,0.0,0.0,0.0,0.0,0.0,0.0,0.0,0.0,0.0,0.85,0.0,0.0,1.0,0.0,0.0,0.0,0.0,0.0,0.0
847795584815548482665,Mccann-Beniers-Kakko,2026020014,2026,SEA,CGY,AWAY,20261001,line,5on5,575.0,2.0,0.6238,0.5,0.6,4.199,0.403,0.44,0.913,0.009,2.131,2.104,0.392,0.464,0.451,5.0,1.0,1.0,7.0,2.0,1.0,1.0,0.0,0.0,2.0,1.0,3.0,4.0,0.0,0.0,7.0,2.0,1.0,1.0,4.0,2.0,0.0,0.129,0.274,0.0,0.0,2.0,0.0,8.498,6.0,6.965,0.0,0.09,0.184,0.184,0.309,0.356,0.352,3.104,0.243,0.323,0.564,0.008,1.409,1.453,0.243,0.215,0.215,3.0,1.0,3.0,7.0,0.0,0.0,0.0,0.0,0.0,3.0,1.0,3.0,4.0,1.0,2.0,8.0,4.0,1.0,5.0,3.0,1.0,0.0,0.088,0.155,0.0,0.0,0.0,0.0,6.222,4.0,3.513,1.0,0.069,0.0,0.0,0.312,0.276,0.275
847458684769058482665,Stephenson-Beniers-Eberle,2026020014,2026,SEA,CGY,AWAY,20261001,line,5on5,23.0,19.0,0.0,0.0,0.0,0.0,0.0,0.0,0.0,0.0,0.0,0.0,0.0,0.0,0.0,0.0,0.0,0.0,0.0,0.0,0.0,0.0,0.0,0.0,0.0,0.0,0.0,0.0,0.0,0.0,0.0,0.0,0.0,0.0,0.0,0.0,0.0,0.0,0.0,0.0,0.0,0.0,0.0,0.0,0.0,0.0,0.0,0.0,0.0,0.0,0.0,0.0,0.0,0.733,0.027,0.105,0.126,0.003,0.355,0.385,0.027,0.024,0.024,1.0,0.0,0.0,1.0,0.0,0.0,0.0,1.0,0.0,0.0,0.0,1.0,1.0,0.0,0.0,0.0,1.0,0.0,0.0,1.0,0.0,0.0,0.027,0.0,0.0,0.0,0.0,0.0,0.882,1.0,0.887,0.0,0.022,0.0,0.0,0.049,0.045,0.045
847791984822598482874,Mcmann-Gaudreau-Melanson,2026020014,2026,SEA,CGY,AWAY,20261001,line,5on5,26.0,17.0,0.0,0.0,0.0,0.0,0.0,0.0,0.0,0.0,0.0,0.0,0.0,0.0,0.0,0.0,0.0,0.0,0.0,0.0,0.0,0.0,0.0,0.0,0.0,0.0,0.0,0.0,1.0,2.0,1.0,1.0,0.0,0.0,0.0,0.0,0.0,0.0,0.0,0.0,0.0,0.0,0.0,0.0,0.0,0.0,0.0,0.0,0.0,0.0,0.0,0.0,0.0,1.893,0.255,0.367,0.311,0.004,0.615,0.447,0.233,0.226,0.206,2.0,0.0,2.0,4.0,0.0,1.0,0.0,1.0,0.0,0.0,0.0,2.0,2.0,1.0,2.0,0.0,0.0,0.0,0.0,0.0,2.0,0.0,0.0,0.255,0.0,0.0,0.0,0.0,3.4,2.0,1.757,0.0,0.077,0.101,0.101,0.232,0.205,0.194
847791984815548482874,Kakko-Gaudreau-Melanson,2026020014,2026,SEA,CGY,AWAY,20261001,line,5on5,29.0,14.0,0.0,0.0,0.0,0.0,0.0,0.0,0.0,0.0,0.0,0.0,0.0,0.0,0.0,0.0,0.0,0.0,0.0,0.0,0.0,0.0,0.0,0.0,0.0,0.0,0.0,0.0,0.0,0.0,1.0,1.0,0.0,0.0,0.0,0.0,0.0,0.0,0.0,0.0,0.0,0.0,0.0,0.0,0.0,0.0,0.0,0.0,0.0,0.0,0.0,0.0,0.0,1.403,0.015,0.123,0.304,0.006,0.905,0.647,0.015,0.013,0.013,1.0,1.0,1.0,3.0,0.0,0.0,0.0,0.0,0.0,1.0,1.0,1.0,2.0,0.0,0.0,1.0,0.0,0.0,0.0,2.0,0.0,0.0,0.015,0.0,0.0,0.0,0.0,0.0,2.55,2.0,1.757,0.0,0.025,0.0,0.0,0.04,0.035,0.035
848087684815548482665,Douglas-Beniers-Kakko,2026020014,2026,SEA,CGY,AWAY,20261001,line,5on5,17.0,23.0,0.0,0.0,0.0,0.0,0.0,0.0,0.0,0.0,0.0,0.0,0.0,0.0,0.0,0.0,0.0,0.0,0.0,0.0,0.0,0.0,0.0,0.0,0.0,0.0,0.0,0.0,0.0,0.0,0.0,0.0,0.0,0.0,0.0,0.0,0.0,0.0,0.0,0.0,0.0,0.0,0.0,0.0,0.0,0.0,0.0,0.0,0.0,0.0,0.0,0.0,0.0,0.801,0.149,0.055,0.102,0.002,0.28,0.41,0.149,0.142,0.142,1.0,0.0,1.0,2.0,0.0,0.0,0.0,0.0,0.0,0.0,1.0,1.0,1.0,0.0,0.0,0.0,0.0,0.0,0.0,0.0,1.0,0.0,0.0,0.149,0.0,0.0,0.0,0.0,1.94,1.0,0.971,0.0,0.012,0.0,0.0,0.161,0.154,0.154
847791984827518483524,Wright-Gaudreau-Winterton,2026020014,2026,SEA,CGY,AWAY,20261001,line,5on5,42.0,9.0,0.0,0.0,0.0,0.0,0.0,0.0,0.0,0.0,0.0,0.0,0.0,0.0,0.0,0.0,0.0,0.0,0.0,0.0,0.0,0.0,0.0,0.0,0.0,0.0,0.0,0.0,0.0,0.0,0.0,0.0,0.0,0.0,0.0,0.0,0.0,0.0,0.0,0.0,0.0,0.0,0.0,0.0,0.0,0.0,0.0,0.0,0.0,0.0,0.0,0.0,0.0,0.901,0.162,0.126,0.123,0.001,0.269,0.319,0.162,0.143,0.143,1.0,0.0,0.0,1.0,0.0,0.0,0.0,0.0,0.0,0.0,1.0,1.0,1.0,0.0,0.0,0.0,0.0,0.0,0.0,0.0,1.0,0.0,0.0,0.162,0.0,0.0,0.0,0.0,0.85,1.0,0.878,0.0,0.028,0.0,0.0,0.19,0.168,0.168
848155484822598482665,Mcmann-Beniers-Kakko,2026020014,2026,SEA,CGY,AWAY,20261001,line,5on5,16.0,24.0,0.0,0.0,0.0,0.0,0.0,0.0,0.0,0.0,0.0,0.0,0.0,0.0,0.0,0.0,0.0,0.0,0.0,0.0,0.0,0.0,0.0,0.0,0.0,0.0,0.0,0.0,0.0,0.0,0.0,0.0,0.0,0.0,0.0,0.0,0.0,0.0,0.0,0.0,0.0,0.0,0.0,0.0,0.0,0.0,0.0,0.0,0.0,0.0,0.0,0.0,0.0,0.0,0.0,0.0,0.0,0.0,0.0,0.0,0.0,0.0,0.0,0.0,0.0,0.0,0.0,0.0,0.0,0.0,0.0,0.0,0.0,0.0,0.0,0.0,0.0,0.0,0.0,1.0,0.0,0.0,0.0,0.0,0.0,0.0,0.0,0.0,0.0,0.0,0.0,0.0,0.0,0.0,0.0,0.0,0.0,0.0,0.0,0.0,0.0
848266584827518482874,Winterton-Beniers-Melanson,2026020014,2026,SEA,CGY,AWAY,20261001,line,5on5,13.0,25.0,0.0,0.0,0.0,0.0,0.0,0.0,0.0,0.0,0.0,0.0,0.0,0.0,0.0,0.0,0.0,0.0,0.0,0.0,0.0,0.0,0.0,0.0,0.0,0.0,0.0,0.0,0.0,0.0,0.0,0.0,0.0,0.0,0.0,0.0,0.0,0.0,0.0,0.0,0.0,0.0,0.0,0.0,0.0,0.0,0.0,0.0,0.0,0.0,0.0,0.0,0.0,0.0,0.0,0.0,0.0,0.0,0.0,0.0,0.0,0.0,0.0,0.0,0.0,0.0,0.0,0.0,0.0,0.0,0.0,0.0,0.0,0.0,0.0,0.0,0.0,0.0,0.0,1.0,0.0,1.0,0.0,0.0,0.0,0.0,0.0,0.0,0.0,0.0,0.0,0.0,0.0,0.0,0.0,0.0,0.0,0.0,0.0,0.0,0.0
84793248479372,Lindgren-Mahura,2026020014,2026,SEA,CGY,AWAY,20261001,pairing,5on5,710.0,3.0,0.3921,0.32,0.4118,5.539,0.638,0.646,1.064,0.018,2.358,2.275,0.613,0.734,0.706,4.0,3.0,1.0,8.0,2.0,1.0,1.0,0.0,0.0,2.0,2.0,2.0,5.0,2.0,4.0,5.0,4.0,1.0,2.0,3.0,4.0,0.0,0.101,0.537,0.0,0.0,2.0,0.0,9.712,7.0,8.126,2.0,0.137,0.184,0.184,0.591,0.68,0.657,8.101,0.989,1.012,1.162,0.019,3.512,3.306,0.942,0.89,0.848,7.0,3.0,7.0,17.0,0.0,2.0,0.0,1.0,0.0,3.0,4.0,7.0,10.0,1.0,2.0,9.0,3.0,0.0,6.0,3.0,7.0,0.0,0.093,0.896,0.0,0.0,0.0,0.0,14.818,10.0,8.893,2.0,0.214,0.121,0.121,1.083,0.974,0.937
847791984808768483524,Douglas-Gaudreau-Wright,2026020014,2026,SEA,CGY,AWAY,20261001,line,5on5,24.0,18.0,0.0,0.0,0.0,0.0,0.0,0.0,0.0,0.0,0.0,0.0,0.0,0.0,0.0,0.0,0.0,0.0,0.0,0.0,0.0,0.0,0.0,0.0,0.0,0.0,0.0,0.0,0.0,0.0,0.0,1.0,0.0,0.0,0.0,0.0,0.0,0.0,0.0,0.0,0.0,0.0,0.0,0.0,0.0,0.0,0.0,0.0,0.0,0.0,0.0,0.0,0.0,0.0,0.0,0.0,0.0,0.0,0.0,0.0,0.0,0.0,0.0,0.0,0.0,0.0,0.0,0.0,0.0,0.0,0.0,0.0,0.0,0.0,0.0,0.0,0.0,0.0,1.0,0.0,0.0,0.0,0.0,0.0,0.0,0.0,0.0,0.0,0.0,0.0,0.0,0.0,0.0,0.0,0.0,0.0,0.0,0.0,0.0,0.0,0.0
847690584822598482874,Mcmann-Stephenson-Melanson,2026020014,2026,SEA,CGY,AWAY,20261001,line,5on5,40.0,10.0,0.0,0.0,0.0,0.0,0.0,0.0,0.0,0.0,0.0,0.0,0.0,0.0,0.0,0.0,0.0,0.0,0.0,0.0,0.0,0.0,0.0,0.0,0.0,0.0,0.0,0.0,0.0,0.0,0.0,1.0,0.0,0.0,0.0,0.0,0.0,0.0,0.0,0.0,0.0,0.0,0.0,0.0,0.0,0.0,0.0,0.0,0.0,0.0,0.0,0.0,0.0,0.0,0.0,0.0,0.0,0.0,0.0,0.0,0.0,0.0,0.0,0.0,0.0,0.0,0.0,0.0,0.0,0.0,0.0,0.0,0.0,0.0,0.0,0.0,0.0,0.0,0.0,0.0,0.0,2.0,0.0,0.0,0.0,0.0,0.0,0.0,0.0,0.0,0.0,0.0,0.0,0.0,0.0,0.0,0.0,0.0,0.0,0.0,0.0
84793728482858,Evans-Mahura,2026020014,2026,SEA,CGY,AWAY,20261001,pairing,5on5,68.0,6.0,0.0,0.0,0.0,0.0,0.0,0.0,0.0,0.0,0.0,0.0,0.0,0.0,0.0,0.0,0.0,0.0,0.0,0.0,0.0,0.0,0.0,0.0,0.0,0.0,0.0,0.0,0.0,0.0,0.0,0.0,0.0,0.0,0.0,0.0,0.0,0.0,0.0,0.0,0.0,0.0,0.0,0.0,0.0,0.0,0.0,0.0,0.0,0.0,0.0,0.0,0.0,0.0,0.0,0.0,0.0,0.0,0.0,0.0,0.0,0.0,0.0,0.0,0.0,0.0,0.0,0.0,0.0,0.0,0.0,0.0,0.0,0.0,0.0,0.0,0.0,0.0,0.0,0.0,0.0,1.0,0.0,0.0,0.0,0.0,0.0,0.0,0.0,0.0,0.0,0.0,0.0,0.0,0.0,0.0,0.0,0.0,0.0,0.0,0.0
848266584835248484800,Catton-Beniers-Wright,2026020014,2026,SEA,CGY,AWAY,20261001,line,5on5,38.0,11.0,0.0,0.0,0.0,0.0,0.0,0.0,0.0,0.0,0.0,0.0,0.0,0.0,0.0,0.0,0.0,0.0,0.0,0.0,0.0,0.0,0.0,0.0,0.0,0.0,0.0,0.0,0.0,0.0,0.0,0.0,0.0,1.0,0.0,0.0,0.0,0.0,0.0,0.0,0.0,0.0,0.0,0.0,0.0,0.0,0.0,0.0,0.0,0.0,0.0,0.0,0.0,0.0,0.0,0.0,0.0,0.0,0.0,0.0,0.0,0.0,0.0,0.0,0.0,0.0,0.0,0.0,0.0,0.0,0.0,0.0,0.0,0.0,0.0,0.0,0.0,0.0,0.0,0.0,0.0,0.0,0.0,0.0,0.0,0.0,0.0,0.0,0.0,0.0,0.0,0.0,0.0,0.0,0.0,0.0,0.0,0.0,0.0,0.0,0.0
847791984835248484800,Catton-Gaudreau-Wright,2026020014,2026,SEA,CGY,AWAY,20261001,line,5on5,66.0,7.0,0.0,0.0,0.0,0.0,0.0,0.0,0.0,0.0,0.0,0.0,0.0,0.0,0.0,0.0,0.0,0.0,0.0,0.0,0.0,0.0,0.0,0.0,0.0,0.0,0.0,0.0,0.0,0.0,0.0,0.0,1.0,0.0,0.0,0.0,0.0,0.0,0.0,0.0,0.0,0.0,0.0,0.0,0.0,0.0,0.0,0.0,0.0,0.0,0.0,0.0,0.0,1.437,0.073,0.128,0.335,0.004,0.611,0.849,0.073,0.065,0.065,1.0,1.0,1.0,3.0,1.0,0.0,0.0,0.0,0.0,0.0,1.0,0.0,1.0,0.0,0.0,0.0,1.0,1.0,0.0,2.0,0.0,0.0,0.073,0.0,0.0,1.0,0.0,0.0,2.55,2.0,1.757,0.0,0.025,0.0,0.0,0.098,0.087,0.087
847458684779198482259,Mcmann-Gaudreau-Eberle,2026020014,2026,SEA,CGY,AWAY,20261001,line,5on5,27.0,16.0,0.0,1.0,0.0,0.0,0.0,0.0,0.0,0.0,0.0,0.0,0.0,0.0,0.0,0.0,0.0,1.0,1.0,0.0,0.0,0.0,0.0,0.0,0.0,0.0,0.0,0.0,0.0,0.0,0.0,0.0,0.0,0.0,0.0,0.0,0.0,0.0,0.0,0.0,0.0,0.0,0.0,1.214,0.0,0.0,0.0,0.0,0.0,0.0,0.0,0.0,0.0,0.0,0.0,0.0,0.0,0.0,0.0,0.0,0.0,0.0,0.0,0.0,0.0,0.0,0.0,0.0,0.0,0.0,0.0,0.0,0.0,0.0,0.0,0.0,0.0,0.0,0.0,0.0,0.0,0.0,0.0,0.0,0.0,0.0,0.0,0.0,0.0,0.0,0.0,0.0,0.0,0.0,0.0,0.0,0.0,0.0,0.0,0.0,0.0
84764578479372,Mahura-Larsson,2026020014,2026,SEA,CGY,AWAY,20261001,pairing,5on5,50.0,8.0,0.0,0.0,0.0,0.0,0.0,0.0,0.0,0.0,0.0,0.0,0.0,0.0,0.0,0.0,0.0,0.0,0.0,0.0,0.0,0.0,0.0,0.0,0.0,0.0,0.0,0.0,0.0,0.0,0.0,0.0,0.0,1.0,0.0,0.0,0.0,0.0,0.0,0.0,0.0,0.0,0.0,0.0,0.0,0.0,1.0,0.0,0.0,0.0,0.0,0.0,0.0,1.383,0.21,0.125,0.287,0.002,0.623,0.752,0.21,0.186,0.186,1.0,1.0,1.0,3.0,1.0,0.0,0.0,0.0,0.0,0.0,1.0,0.0,1.0,0.0,0.0,0.0,0.0,0.0,0.0,1.0,1.0,0.0,0.034,0.176,0.0,1.0,0.0,0.0,2.55,2.0,1.757,0.0,0.025,0.0,0.0,0.235,0.207,0.207
84784078479372,Dunn-Mahura,2026020014,2026,SEA,CGY,AWAY,20261001,pairing,5on5,23.0,9.0,0.0,0.0,0.0,0.0,0.0,0.0,0.0,0.0,0.0,0.0,0.0,0.0,0.0,0.0,0.0,0.0,0.0,0.0,0.0,0.0,0.0,0.0,0.0,0.0,0.0,0.0,0.0,0.0,0.0,0.0,0.0,0.0,0.0,0.0,0.0,0.0,0.0,0.0,0.0,0.0,0.0,0.0,0.0,0.0,0.0,0.0,0.0,0.0,0.0,0.0,0.0,0.737,0.042,0.063,0.154,0.001,0.257,0.483,0.042,0.037,0.037,0.0,1.0,1.0,2.0,0.0,0.0,0.0,0.0,0.0,1.0,0.0,0.0,1.0,0.0,0.0,0.0,0.0,0.0,0.0,1.0,0.0,0.0,0.042,0.0,0.0,0.0,0.0,0.0,1.7,1.0,0.878,0.0,0.012,0.0,0.0,0.054,0.048,0.048
84784078482858,Evans-Dunn,2026020014,2026,SEA,CGY,AWAY,20261001,pairing,5on5,18.0,10.0,0.0,0.0,0.0,0.0,0.0,0.0,0.0,0.0,0.0,0.0,0.0,0.0,0.0,0.0,0.0,0.0,0.0,0.0,0.0,0.0,0.0,0.0,0.0,0.0,0.0,0.0,0.0,0.0,0.0,0.0,0.0,0.0,0.0,0.0,0.0,0.0,0.0,0.0,0.0,0.0,0.0,0.0,0.0,0.0,0.0,0.0,0.0,0.0,0.0,0.0,0.0,0.0,0.0,0.0,0.0,0.0,0.0,0.0,0.0,0.0,0.0,0.0,0.0,0.0,0.0,0.0,0.0,0.0,0.0,0.0,0.0,0.0,0.0,0.0,0.0,0.0,0.0,1.0,0.0,0.0,0.0,0.0,0.0,0.0,0.0,0.0,0.0,0.0,0.0,0.0,0.0,0.0,0.0,0.0,0.0,0.0,0.0,0.0,0.0
848225984835248484800,Mcmann-Catton-Wright,2026020014,2026,SEA,CGY,AWAY,20261001,line,5on5,21.0,22.0,1.0,0.6667,0.6667,1.283,0.08,0.123,0.253,0.008,0.608,0.928,0.08,0.091,0.091,1.0,1.0,0.0,2.0,0.0,0.0,0.0,0.0,0.0,0.0,2.0,1.0,2.0,0.0,0.0,0.0,0.0,0.0,0.0,2.0,0.0,0.0,0.08,0.0,0.0,0.0,0.0,0.0,2.246,2.0,2.191,0.0,0.025,0.0,0.0,0.105,0.119,0.119,0.915,0.0,0.005,0.022,0.0,0.244,0.729,0.0,0.0,0.0,1.0,0.0,0.0,1.0,0.0,0.0,0.0,0.0,0.0,0.0,1.0,1.0,1.0,0.0,0.0,0.0,0.0,0.0,0.0,1.0,0.0,0.0,0.0,0.0,0.0,0.0,0.0,0.0,0.85,1.0,0.878,0.0,0.001,0.0,0.0,0.001,0.001,0.001
847690584827518482874,Winterton-Stephenson-Melanson,2026020014,2026,SEA,CGY,AWAY,20261001,line,5on5,11.0,27.0,0.0,0.0,0.0,0.0,0.0,0.0,0.0,0.0,0.0,0.0,0.0,0.0,0.0,0.0,0.0,0.0,0.0,0.0,0.0,0.0,0.0,0.0,0.0,0.0,0.0,0.0,0.0,0.0,0.0,0.0,0.0,0.0,0.0,0.0,0.0,0.0,0.0,0.0,0.0,0.0,0.0,0.0,0.0,0.0,0.0,0.0,0.0,0.0,0.0,0.0,0.0,0.0,0.0,0.0,0.0,0.0,0.0,0.0,0.0,0.0,0.0,0.0,0.0,0.0,0.0,0.0,0.0,0.0,0.0,0.0,0.0,0.0,0.0,0.0,0.0,0.0,0.0,0.0,0.0,1.0,0.0,0.0,0.0,0.0,0.0,0.0,0.0,0.0,0.0,0.0,0.0,0.0,1.0,0.0,0.0,0.0,0.0,0.0,0.0
847690584779198482259,Mcmann-Stephenson-Gaudreau,2026020014,2026,SEA,CGY,AWAY,20261001,line,5on5,21.0,20.0,0.0,0.0,0.0,0.0,0.0,0.0,0.0,0.0,0.0,0.0,0.0,0.0,0.0,0.0,0.0,0.0,0.0,0.0,0.0,0.0,0.0,0.0,0.0,0.0,0.0,0.0,0.0,0.0,0.0,0.0,0.0,0.0,0.0,0.0,0.0,0.0,0.0,0.0,0.0,0.0,0.0,0.0,0.0,0.0,0.0,0.0,0.0,0.0,0.0,0.0,0.0,0.82,0.174,0.093,0.081,0.002,0.331,0.318,0.174,0.158,0.158,0.0,1.0,1.0,2.0,0.0,0.0,0.0,0.0,1.0,0.0,0.0,0.0,1.0,0.0,0.0,1.0,0.0,0.0,0.0,0.0,1.0,0.0,0.0,0.174,0.0,0.0,0.0,0.0,1.764,1.0,0.887,0.0,0.02,0.0,0.0,0.194,0.176,0.176
847458684827518484800,Winterton-Catton-Eberle,2026020014,2026,SEA,CGY,AWAY,20261001,line,5on5,72.0,5.0,0.0,0.0,0.0,0.0,0.0,0.0,0.0,0.0,0.0,0.0,0.0,0.0,0.0,0.0,0.0,0.0,0.0,0.0,0.0,0.0,0.0,0.0,0.0,0.0,0.0,0.0,0.0,0.0,0.0,0.0,0.0,0.0,0.0,0.0,0.0,0.0,0.0,0.0,0.0,0.0,0.0,0.0,0.0,0.0,0.0,0.0,0.0,0.0,0.0,0.0,0.0,2.087,0.042,0.188,0.498,0.003,1.197,1.072,0.041,0.038,0.038,1.0,2.0,1.0,4.0,0.0,1.0,0.0,0.0,0.0,0.0,2.0,1.0,3.0,0.0,0.0,1.0,1.0,0.0,0.0,3.0,0.0,0.0,0.042,0.0,0.0,0.0,0.0,0.0,3.528,3.0,2.661,0.0,0.038,0.008,0.008,0.072,0.065,0.065
848275184828748484800,Winterton-Catton-Melanson,2026020014,2026,SEA,CGY,AWAY,20261001,line,5on5,21.0,21.0,0.0,0.0,0.0,0.0,0.0,0.0,0.0,0.0,0.0,0.0,0.0,0.0,0.0,0.0,0.0,0.0,0.0,0.0,0.0,0.0,0.0,0.0,0.0,0.0,0.0,0.0,0.0,0.0,0.0,0.0,0.0,0.0,0.0,0.0,0.0,0.0,0.0,0.0,0.0,0.0,0.0,0.0,0.0,0.0,0.0,0.0,0.0,0.0,0.0,0.0,0.0,0.0,0.0,0.0,0.0,0.0,0.0,0.0,0.0,0.0,0.0,0.0,0.0,0.0,0.0,0.0,0.0,0.0,0.0,0.0,0.0,0.0,0.0,0.0,0.0,0.0,0.0,1.0,0.0,0.0,0.0,0.0,0.0,0.0,0.0,0.0,0.0,0.0,0.0,0.0,0.0,0.0,0.0,0.0,0.0,0.0,0.0,0.0,0.0
847791984808768482874,Douglas-Gaudreau-Melanson,2026020014,2026,SEA,CGY,AWAY,20261001,line,5on5,251.0,4.0,0.5577,0.3636,0.4444,2.903,0.232,0.312,0.526,0.009,1.583,1.337,0.225,0.268,0.259,1.0,3.0,0.0,4.0,0.0,0.0,0.0,0.0,0.0,2.0,2.0,1.0,4.0,0.0,0.0,2.0,6.0,0.0,0.0,3.0,1.0,0.0,0.11,0.123,0.0,0.0,0.0,0.0,4.856,4.0,4.644,0.0,0.065,0.0,0.0,0.297,0.342,0.331,3.611,0.184,0.323,0.775,0.006,1.798,1.915,0.182,0.162,0.161,4.0,1.0,2.0,7.0,0.0,1.0,0.0,0.0,0.0,2.0,2.0,4.0,5.0,0.0,0.0,0.0,1.0,0.0,1.0,4.0,1.0,0.0,0.096,0.088,0.0,0.0,0.0,0.0,5.95,5.0,4.391,1.0,0.064,0.02,0.02,0.228,0.201,0.2
84764578482858,Evans-Larsson,2026020014,2026,SEA,CGY,AWAY,20261001,pairing,5on5,89.0,4.0,0.5957,0.3333,0.5,0.922,0.168,0.111,0.103,0.001,0.277,0.34,0.168,0.193,0.193,1.0,0.0,0.0,1.0,0.0,0.0,0.0,0.0,0.0,1.0,0.0,1.0,1.0,0.0,0.0,1.0,0.0,0.0,1.0,0.0,1.0,0.0,0.0,0.168,0.0,0.0,0.0,0.0,1.214,1.0,1.161,1.0,0.025,0.0,0.0,0.193,0.222,0.222,0.532,0.114,0.076,0.06,0.004,0.35,0.397,0.114,0.1,0.1,1.0,0.0,1.0,2.0,0.0,0.0,0.0,1.0,0.0,0.0,0.0,1.0,1.0,0.0,0.0,0.0,0.0,0.0,0.0,0.0,1.0,0.0,0.0,0.114,0.0,0.0,0.0,0.0,1.7,1.0,0.878,0.0,0.017,0.0,0.0,0.13,0.115,0.115
84764578479324,Lindgren-Larsson,2026020014,2026,SEA,CGY,AWAY,20261001,pairing,5on5,58.0,7.0,0.0,0.0,0.0,0.0,0.0,0.0,0.0,0.0,0.0,0.0,0.0,0.0,0.0,0.0,0.0,0.0,0.0,0.0,0.0,0.0,0.0,0.0,0.0,0.0,0.0,0.0,0.0,0.0,0.0,0.0,1.0,0.0,0.0,0.0,0.0,0.0,0.0,0.0,0.0,0.0,0.0,0.0,0.0,0.0,0.0,0.0,0.0,0.0,0.0,0.0,0.0,0.0,0.0,0.0,0.0,0.0,0.0,0.0,0.0,0.0,0.0,0.0,0.0,0.0,0.0,0.0,0.0,0.0,0.0,0.0,0.0,0.0,0.0,0.0,0.0,0.0,0.0,0.0,0.0,0.0,0.0,0.0,0.0,0.0,0.0,0.0,0.0,0.0,0.0,0.0,0.0,0.0,0.0,0.0,0.0,0.0,0.0,0.0,0.0
84779868482858,Evans-Montour,2026020014,2026,SEA,CGY,AWAY,20261001,pairing,5on5,968.0,1.0,0.705,0.5758,0.6,11.41,0.992,1.168,1.953,0.029,5.3,5.558,0.991,1.134,1.133,10.0,5.0,4.0,19.0,2.0,0.0,0.0,2.0,0.0,5.0,6.0,8.0,13.0,0.0,0.0,4.0,9.0,3.0,4.0,11.0,3.0,1.0,0.326,0.316,0.351,1.0,1.0,0.0,22.764,15.0,17.283,0.0,0.246,0.0,0.0,1.238,1.416,1.413,7.338,0.415,0.749,1.391,0.017,3.709,3.718,0.415,0.381,0.381,5.0,5.0,4.0,14.0,0.0,1.0,0.0,2.0,0.0,2.0,5.0,5.0,10.0,3.0,6.0,8.0,13.0,1.0,7.0,9.0,1.0,0.0,0.254,0.162,0.0,0.0,0.0,0.0,12.452,10.0,8.92,4.0,0.155,0.008,0.008,0.563,0.514,0.514
847791984815548484800,Catton-Gaudreau-Kakko,2026020014,2026,SEA,CGY,AWAY,20261001,line,5on5,8.0,29.0,1.0,1.0,1.0,0.76,0.042,0.071,0.088,0.001,0.402,0.396,0.042,0.048,0.048,1.0,0.0,0.0,1.0,1.0,0.0,0.0,0.0,0.0,0.0,0.0,0.0,0.0,0.0,0.0,0.0,0.0,0.0,0.0,1.0,0.0,0.0,0.042,0.0,0.0,1.0,0.0,0.0,1.214,1.0,1.161,0.0,0.015,0.0,0.0,0.057,0.065,0.065,0.0,0.0,0.0,0.0,0.0,0.0,0.0,0.0,0.0,0.0,0.0,0.0,0.0,0.0,0.0,0.0,0.0,0.0,0.0,0.0,0.0,0.0,0.0,0.0,0.0,0.0,0.0,0.0,0.0,0.0,0.0,0.0,0.0,0.0,0.0,0.0,0.0,0.0,0.0,0.0,0.0,0.0,0.0,0.0,0.0,0.0,0.0,0.0
84764578478407,Dunn-Larsson,2026020014,2026,SEA,CGY,AWAY,20261001,pairing,5on5,839.0,2.0,0.639,0.4516,0.4783,8.116,0.825,0.924,1.102,0.031,4.251,3.866,0.814,0.949,0.936,8.0,3.0,3.0,14.0,1.0,1.0,0.0,1.0,0.0,1.0,7.0,7.0,10.0,0.0,0.0,12.0,7.0,1.0,4.0,7.0,4.0,0.0,0.29,0.535,0.0,1.0,0.0,0.0,16.461,11.0,12.624,4.0,0.194,0.011,0.011,1.009,1.158,1.138,9.002,0.466,0.755,1.78,0.02,4.539,4.44,0.466,0.417,0.417,8.0,4.0,5.0,17.0,0.0,0.0,0.0,0.0,1.0,8.0,3.0,8.0,12.0,1.0,2.0,8.0,2.0,1.0,3.0,10.0,2.0,0.0,0.136,0.33,0.0,0.0,0.0,0.0,14.634,12.0,10.641,0.0,0.156,0.0,0.0,0.622,0.557,0.556
84779868478407,Dunn-Montour,2026020014,2026,SEA,CGY,AWAY,20261001,pairing,5on5,88.0,5.0,1.0,1.0,1.0,1.234,0.097,0.106,0.265,0.004,0.567,0.962,0.097,0.101,0.101,1.0,1.0,1.0,3.0,0.0,0.0,0.0,1.0,0.0,0.0,1.0,1.0,2.0,0.0,0.0,0.0,0.0,0.0,0.0,1.0,1.0,0.0,0.01,0.087,0.0,0.0,0.0,0.0,3.278,2.0,2.061,0.0,0.02,0.0,0.0,0.117,0.123,0.123,0.0,0.0,0.0,0.0,0.0,0.0,0.0,0.0,0.0,0.0,0.0,0.0,0.0,0.0,0.0,0.0,0.0,0.0,0.0,0.0,0.0,0.0,0.0,0.0,0.0,0.0,2.0,0.0,0.0,0.0,0.0,0.0,0.0,0.0,0.0,0.0,0.0,0.0,0.0,0.0,0.0,0.0,0.0,0.0,0.0,0.0,0.0,0.0
847458684769058482259,Mcmann-Stephenson-Eberle,2026020014,2026,SEA,CGY,AWAY,20261001,line,5on5,508.0,3.0,0.7626,0.7222,0.75,9.791,0.967,1.006,1.486,0.026,4.313,4.202,0.967,1.113,1.113,7.0,5.0,1.0,13.0,1.0,0.0,0.0,3.0,0.0,2.0,6.0,6.0,11.0,0.0,0.0,4.0,5.0,1.0,5.0,8.0,3.0,1.0,0.247,0.37,0.351,0.0,1.0,0.0,15.6,12.0,13.8,4.0,0.215,0.0,0.0,1.183,1.36,1.358,3.053,0.301,0.328,0.434,0.008,1.591,1.339,0.301,0.282,0.282,3.0,1.0,1.0,5.0,0.0,0.0,0.0,1.0,0.0,1.0,2.0,3.0,4.0,0.0,0.0,6.0,2.0,0.0,2.0,2.0,2.0,0.0,0.032,0.269,0.0,0.0,0.0,0.0,4.522,4.0,3.708,1.0,0.07,0.0,0.0,0.372,0.347,0.347
847458684779198482751,Winterton-Gaudreau-Eberle,2026020014,2026,SEA,CGY,AWAY,20261001,line,5on5,38.0,12.0,0.0,0.0,0.0,0.0,0.0,0.0,0.0,0.0,0.0,0.0,0.0,0.0,0.0,0.0,0.0,0.0,0.0,0.0,0.0,0.0,0.0,0.0,0.0,0.0,0.0,0.0,0.0,0.0,1.0,0.0,0.0,1.0,0.0,0.0,0.0,0.0,0.0,0.0,0.0,0.0,0.0,0.0,0.0,0.0,1.0,0.0,0.0,0.0,0.0,0.0,0.0,0.532,0.114,0.076,0.06,0.004,0.35,0.397,0.114,0.1,0.1,1.0,0.0,0.0,1.0,0.0,0.0,0.0,1.0,0.0,0.0,0.0,1.0,1.0,0.0,0.0,0.0,0.0,0.0,0.0,0.0,1.0,0.0,0.0,0.114,0.0,0.0,0.0,0.0,0.85,1.0,0.878,0.0,0.017,0.0,0.0,0.13,0.115,0.115
847791984827518482874,Winterton-Gaudreau-Melanson,2026020014,2026,SEA,CGY,AWAY,20261001,line,5on5,70.0,6.0,0.6941,0.4,0.5,1.72,0.32,0.18,0.192,0.003,0.566,0.739,0.32,0.368,0.368,2.0,0.0,0.0,2.0,0.0,0.0,0.0,0.0,0.0,1.0,1.0,2.0,2.0,1.0,2.0,0.0,0.0,0.0,0.0,0.0,2.0,0.0,0.0,0.32,0.0,0.0,0.0,0.0,2.428,2.0,2.322,0.0,0.04,0.0,0.0,0.359,0.414,0.414,1.549,0.141,0.151,0.227,0.003,0.873,0.604,0.118,0.128,0.107,1.0,1.0,1.0,3.0,0.0,0.0,0.0,0.0,0.0,2.0,0.0,1.0,2.0,0.0,0.0,3.0,0.0,0.0,0.0,1.0,1.0,0.0,0.007,0.134,0.0,0.0,0.0,0.0,2.614,2.0,1.765,0.0,0.032,0.0,0.0,0.173,0.156,0.132
848275184835248484800,Wright-Catton-Winterton,2026020014,2026,SEA,CGY,AWAY,20261001,line,5on5,590.0,1.0,0.6324,0.5909,0.6154,5.928,0.59,0.754,0.899,0.024,2.857,2.876,0.571,0.67,0.648,6.0,2.0,5.0,13.0,1.0,1.0,0.0,0.0,0.0,2.0,4.0,5.0,7.0,0.0,0.0,5.0,1.0,2.0,3.0,4.0,4.0,0.0,0.12,0.47,0.0,1.0,0.0,0.0,15.187,8.0,9.142,2.0,0.159,0.011,0.011,0.738,0.839,0.81,3.575,0.343,0.335,0.668,0.008,1.759,1.886,0.343,0.304,0.304,0.0,5.0,4.0,9.0,0.0,0.0,0.0,0.0,0.0,4.0,1.0,0.0,5.0,2.0,4.0,4.0,7.0,0.0,4.0,4.0,1.0,0.0,0.168,0.176,0.0,0.0,0.0,0.0,7.682,5.0,4.4,2.0,0.068,0.0,0.0,0.412,0.365,0.365
847791984822598482751,Mcmann-Gaudreau-Winterton,2026020014,2026,SEA,CGY,AWAY,20261001,line,5on5,28.0,15.0,0.0,0.0,0.0,0.0,0.0,0.0,0.0,0.0,0.0,0.0,0.0,0.0,0.0,0.0,0.0,0.0,0.0,0.0,0.0,0.0,0.0,0.0,0.0,0.0,0.0,0.0,0.0,0.0,0.0,0.0,0.0,0.0,0.0,0.0,0.0,0.0,0.0,0.0,0.0,0.0,0.0,0.0,0.0,0.0,0.0,0.0,0.0,0.0,0.0,0.0,0.0,0.0,0.0,0.0,0.0,0.0,0.0,0.0,0.0,0.0,0.0,0.0,0.0,1.0,1.0,0.0,0.0,0.0,0.0,0.0,0.0,0.0,0.0,0.0,0.0,0.0,0.0,0.0,0.0,0.0,0.0,0.0,0.0,0.0,0.0,0.0,0.0,0.0,0.0,0.85,0.0,0.0,0.0,0.0,0.0,0.0,0.0,0.0,0.0
847690584779558482259,Mccann-Stephenson-Mcmann,2026020014,2026,SEA,CGY,AWAY,20261001,line,5on5,13.0,26.0,0.0,0.0,0.0,0.0,0.0,0.0,0.0,0.0,0.0,0.0,0.0,0.0,0.0,0.0,0.0,0.0,0.0,0.0,0.0,0.0,0.0,0.0,0.0,0.0,0.0,0.0,0.0,0.0,0.0,0.0,0.0,0.0,0.0,0.0,0.0,0.0,0.0,0.0,0.0,0.0,0.0,0.0,0.0,0.0,0.0,0.0,0.0,0.0,0.0,0.0,0.0,0.0,0.0,0.0,0.0,0.0,0.0,0.0,0.0,0.0,0.0,0.0,0.0,1.0,1.0,0.0,0.0,0.0,0.0,0.0,0.0,0.0,0.0,0.0,0.0,0.0,1.0,0.0,0.0,1.0,0.0,0.0,0.0,0.0,0.0,0.0,0.0,0.0,0.0,0.85,0.0,0.0,1.0,0.0,0.0,0.0,0.0,0.0,0.0
84768858482700,Allan-Trouba,2026020016,2026,SJS,FLA,HOME,20261001,pairing,5on5,726.0,3.0,0.3389,0.4091,0.4444,6.234,0.282,0.439,1.122,0.012,3.006,3.139,0.282,0.27,0.27,6.0,2.0,1.0,9.0,0.0,0.0,0.0,2.0,0.0,2.0,4.0,6.0,8.0,2.0,9.0,6.0,8.0,3.0,6.0,6.0,2.0,0.0,0.074,0.208,0.0,0.0,0.0,0.0,8.996,8.0,7.928,3.0,0.094,0.0,0.0,0.376,0.362,0.362,7.309,0.55,0.684,1.605,0.017,3.361,3.784,0.55,0.575,0.575,8.0,2.0,3.0,13.0,1.0,0.0,0.0,4.0,0.0,4.0,1.0,7.0,9.0,2.0,7.0,8.0,11.0,2.0,1.0,8.0,1.0,1.0,0.082,0.138,0.331,0.0,1.0,0.0,12.818,10.0,9.954,0.0,0.139,0.0,0.0,0.689,0.717,0.717
847750584807488484801,Sherwood-Celebrini-Wennberg,2026020016,2026,SJS,FLA,HOME,20261001,line,5on5,19.0,15.0,1.0,1.0,1.0,0.69,0.018,0.05,0.123,0.001,0.274,0.534,0.018,0.017,0.017,1.0,0.0,0.0,1.0,0.0,0.0,0.0,0.0,0.0,0.0,1.0,1.0,1.0,0.0,0.0,0.0,0.0,0.0,0.0,1.0,0.0,0.0,0.018,0.0,0.0,0.0,0.0,0.0,0.97,1.0,0.971,0.0,0.009,0.0,0.0,0.027,0.026,0.026,0.0,0.0,0.0,0.0,0.0,0.0,0.0,0.0,0.0,0.0,0.0,0.0,0.0,0.0,0.0,0.0,0.0,0.0,0.0,0.0,0.0,0.0,0.0,0.0,0.0,0.0,0.0,0.0,0.0,0.0,0.0,0.0,0.0,0.0,0.0,0.0,0.0,0.0,0.0,0.0,0.0,0.0,0.0,0.0,0.0,0.0,0.0,0.0
847572684789758485402,Marchment-Misa-Toffoli,2026020016,2026,SJS,FLA,HOME,20261001,line,5on5,24.0,14.0,0.0,0.0,0.0,0.0,0.0,0.0,0.0,0.0,0.0,0.0,0.0,0.0,0.0,0.0,0.0,0.0,0.0,0.0,0.0,0.0,0.0,0.0,0.0,0.0,0.0,0.0,0.0,0.0,0.0,0.0,0.0,0.0,0.0,0.0,0.0,0.0,0.0,0.0,0.0,0.0,0.0,0.0,0.0,0.0,0.0,0.0,0.0,0.0,0.0,0.0,0.0,0.0,0.0,0.0,0.0,0.0,0.0,0.0,0.0,0.0,0.0,0.0,0.0,0.0,0.0,0.0,0.0,0.0,0.0,0.0,0.0,0.0,0.0,0.0,0.0,0.0,0.0,1.0,0.0,0.0,0.0,0.0,0.0,0.0,0.0,0.0,0.0,0.0,0.0,0.0,0.0,0.0,0.0,0.0,0.0,0.0,0.0,0.0,0.0
84808918484152,Cagnoni-Kesselring,2026020016,2026,SJS,FLA,HOME,20261001,pairing,5on5,35.0,8.0,0.0,0.0,0.0,0.0,0.0,0.0,0.0,0.0,0.0,0.0,0.0,0.0,0.0,0.0,0.0,0.0,0.0,0.0,0.0,0.0,0.0,0.0,0.0,0.0,0.0,0.0,0.0,0.0,0.0,0.0,0.0,0.0,0.0,0.0,0.0,0.0,0.0,0.0,0.0,0.0,0.0,0.0,0.0,0.0,0.0,0.0,0.0,0.0,0.0,0.0,0.0,0.0,0.0,0.0,0.0,0.0,0.0,0.0,0.0,0.0,0.0,0.0,0.0,0.0,0.0,0.0,0.0,0.0,0.0,0.0,0.0,0.0,0.0,0.0,0.0,0.0,0.0,1.0,0.0,0.0,0.0,0.0,0.0,0.0,0.0,0.0,0.0,0.0,0.0,0.0,0.0,0.0,0.0,0.0,0.0,0.0,0.0,0.0,0.0
847662484775058484911,Goodrow-Wennberg-Graf,2026020016,2026,SJS,FLA,HOME,20261001,line,5on5,37.0,10.0,0.0,0.0,0.0,0.0,0.0,0.0,0.0,0.0,0.0,0.0,0.0,0.0,0.0,0.0,0.0,0.0,0.0,0.0,0.0,0.0,0.0,0.0,0.0,0.0,0.0,0.0,0.0,0.0,0.0,0.0,0.0,1.0,0.0,0.0,0.0,0.0,0.0,0.0,0.0,0.0,0.0,0.0,0.0,0.0,1.0,0.0,0.0,0.0,0.0,0.0,0.0,0.0,0.0,0.0,0.0,0.0,0.0,0.0,0.0,0.0,0.0,0.0,0.0,0.0,0.0,0.0,0.0,0.0,0.0,0.0,0.0,0.0,0.0,0.0,0.0,0.0,0.0,1.0,0.0,0.0,0.0,0.0,0.0,0.0,0.0,0.0,0.0,0.0,0.0,0.0,0.0,0.0,0.0,0.0,0.0,0.0,0.0,0.0,0.0
847572684775058484994,Chernyshov-Wennberg-Toffoli,2026020016,2026,SJS,FLA,HOME,20261001,line,5on5,18.0,16.0,1.0,1.0,1.0,0.413,0.067,0.064,0.067,0.004,0.389,0.41,0.067,0.067,0.067,1.0,0.0,0.0,1.0,0.0,0.0,0.0,0.0,0.0,0.0,1.0,1.0,1.0,0.0,0.0,0.0,0.0,0.0,0.0,1.0,0.0,0.0,0.067,0.0,0.0,0.0,0.0,0.0,1.026,1.0,1.038,0.0,0.013,0.0,0.0,0.08,0.08,0.08,0.0,0.0,0.0,0.0,0.0,0.0,0.0,0.0,0.0,0.0,0.0,0.0,0.0,0.0,0.0,0.0,0.0,0.0,0.0,0.0,0.0,0.0,0.0,0.0,0.0,0.0,0.0,0.0,0.0,0.0,0.0,0.0,0.0,0.0,0.0,0.0,0.0,0.0,0.0,0.0,0.0,0.0,0.0,0.0,0.0,0.0,0.0,0.0
84752008484152,Cagnoni-Orlov,2026020016,2026,SJS,FLA,HOME,20261001,pairing,5on5,818.0,1.0,0.1588,0.3043,0.2667,2.747,0.148,0.267,0.667,0.004,1.261,1.654,0.148,0.142,0.142,1.0,3.0,3.0,7.0,0.0,0.0,0.0,0.0,0.0,0.0,4.0,1.0,4.0,1.0,5.0,1.0,6.0,1.0,5.0,4.0,0.0,0.0,0.148,0.0,0.0,0.0,0.0,0.0,6.95,4.0,3.964,4.0,0.053,0.0,0.0,0.201,0.193,0.193,7.579,0.784,0.97,1.062,0.021,4.223,3.94,0.774,0.815,0.805,6.0,5.0,5.0,16.0,1.0,2.0,0.0,1.0,0.0,4.0,3.0,5.0,10.0,3.0,9.0,6.0,12.0,1.0,4.0,8.0,3.0,0.0,0.38,0.404,0.0,1.0,0.0,0.0,16.071,11.0,11.117,1.0,0.208,0.197,0.197,0.795,0.825,0.818
84774988480891,Nurse-Kesselring,2026020016,2026,SJS,FLA,HOME,20261001,pairing,5on5,738.0,2.0,0.5116,0.4762,0.5833,4.941,0.309,0.557,0.801,0.013,2.664,2.655,0.308,0.302,0.301,4.0,3.0,3.0,10.0,0.0,2.0,0.0,1.0,0.0,1.0,3.0,4.0,7.0,2.0,4.0,2.0,5.0,3.0,6.0,7.0,0.0,0.0,0.309,0.0,0.0,0.0,0.0,0.0,10.126,7.0,7.024,2.0,0.114,0.027,0.027,0.396,0.388,0.386,3.423,0.295,0.342,0.466,0.011,1.931,1.954,0.295,0.309,0.309,3.0,2.0,6.0,11.0,0.0,0.0,0.0,0.0,0.0,1.0,4.0,3.0,5.0,1.0,2.0,2.0,9.0,0.0,6.0,3.0,2.0,0.0,0.049,0.246,0.0,0.0,0.0,0.0,11.16,5.0,5.076,2.0,0.068,0.0,0.0,0.363,0.38,0.38
847662484807488482859,Sherwood-Ostapchuk-Goodrow,2026020016,2026,SJS,FLA,HOME,20261001,line,5on5,406.0,4.0,0.2901,0.3636,0.2,0.788,0.085,0.063,0.161,0.001,0.359,0.331,0.085,0.081,0.081,0.0,1.0,3.0,4.0,0.0,0.0,0.0,1.0,0.0,0.0,0.0,0.0,1.0,0.0,0.0,0.0,6.0,1.0,4.0,0.0,1.0,0.0,0.0,0.085,0.0,0.0,0.0,0.0,3.88,1.0,0.971,2.0,0.013,0.0,0.0,0.098,0.093,0.093,2.802,0.208,0.252,0.491,0.011,1.406,1.631,0.208,0.218,0.218,2.0,2.0,3.0,7.0,0.0,0.0,0.0,1.0,0.0,2.0,1.0,2.0,4.0,1.0,2.0,3.0,4.0,0.0,1.0,3.0,1.0,0.0,0.082,0.126,0.0,0.0,0.0,0.0,7.053,4.0,3.99,0.0,0.053,0.0,0.0,0.261,0.272,0.272
847750584842278486103,Stenberg-Wennberg-Smith,2026020016,2026,SJS,FLA,HOME,20261001,line,5on5,46.0,6.0,0.0,0.0,0.0,0.0,0.0,0.0,0.0,0.0,0.0,0.0,0.0,0.0,0.0,0.0,0.0,0.0,0.0,0.0,0.0,0.0,0.0,0.0,0.0,0.0,0.0,0.0,1.0,2.0,0.0,1.0,0.0,0.0,0.0,0.0,0.0,0.0,0.0,0.0,0.0,0.0,0.0,0.0,0.0,0.0,0.0,0.0,0.0,0.0,0.0,0.0,0.0,0.0,0.0,0.0,0.0,0.0,0.0,0.0,0.0,0.0,0.0,0.0,0.0,1.0,1.0,0.0,0.0,0.0,0.0,0.0,0.0,0.0,0.0,0.0,0.0,0.0,0.0,0.0,0.0,0.0,0.0,0.0,0.0,0.0,0.0,0.0,0.0,0.0,0.0,1.032,0.0,0.0,0.0,0.0,0.0,0.0,0.0,0.0,0.0
848422784848018486103,Stenberg-Celebrini-Smith,2026020016,2026,SJS,FLA,HOME,20261001,line,5on5,53.0,5.0,0.0,0.0,0.0,0.0,0.0,0.0,0.0,0.0,0.0,0.0,0.0,0.0,0.0,0.0,0.0,0.0,0.0,0.0,0.0,0.0,0.0,0.0,0.0,0.0,0.0,0.0,0.0,0.0,0.0,0.0,0.0,0.0,0.0,0.0,0.0,0.0,0.0,0.0,0.0,0.0,0.0,0.0,0.0,0.0,0.0,0.0,0.0,0.0,0.0,0.0,0.0,0.0,0.0,0.0,0.0,0.0,0.0,0.0,0.0,0.0,0.0,0.0,0.0,0.0,0.0,0.0,0.0,0.0,0.0,0.0,0.0,0.0,0.0,0.0,0.0,0.0,0.0,0.0,0.0,1.0,0.0,0.0,0.0,0.0,0.0,0.0,0.0,0.0,0.0,0.0,0.0,0.0,0.0,0.0,0.0,0.0,0.0,0.0,0.0
848480184849118486103,Stenberg-Celebrini-Graf,2026020016,2026,SJS,FLA,HOME,20261001,line,5on5,39.0,8.0,0.0,0.0,0.0,0.0,0.0,0.0,0.0,0.0,0.0,0.0,0.0,0.0,0.0,0.0,0.0,0.0,0.0,0.0,0.0,0.0,0.0,0.0,0.0,0.0,0.0,0.0,1.0,5.0,0.0,1.0,0.0,0.0,0.0,0.0,0.0,0.0,0.0,0.0,0.0,0.0,0.0,0.0,0.0,0.0,0.0,0.0,0.0,0.0,0.0,0.0,0.0,0.0,0.0,0.0,0.0,0.0,0.0,0.0,0.0,0.0,0.0,0.0,0.0,0.0,0.0,0.0,0.0,0.0,0.0,0.0,0.0,0.0,0.0,0.0,2.0,7.0,0.0,0.0,0.0,1.0,0.0,0.0,0.0,0.0,0.0,0.0,0.0,0.0,0.0,0.0,0.0,0.0,1.0,0.0,0.0,0.0,0.0,0.0,0.0
848074884828598484994,Chernyshov-Ostapchuk-Sherwood,2026020016,2026,SJS,FLA,HOME,20261001,line,5on5,10.0,20.0,1.0,1.0,1.0,0.786,0.123,0.078,0.092,0.003,0.342,0.363,0.123,0.117,0.117,1.0,0.0,0.0,1.0,0.0,0.0,0.0,0.0,0.0,1.0,0.0,1.0,1.0,0.0,0.0,0.0,1.0,0.0,0.0,0.0,1.0,0.0,0.0,0.123,0.0,0.0,0.0,0.0,0.97,1.0,0.971,0.0,0.017,0.0,0.0,0.14,0.134,0.134,0.0,0.0,0.0,0.0,0.0,0.0,0.0,0.0,0.0,0.0,0.0,0.0,0.0,0.0,0.0,0.0,0.0,0.0,0.0,0.0,0.0,0.0,0.0,0.0,0.0,0.0,0.0,0.0,0.0,0.0,0.0,0.0,0.0,0.0,0.0,0.0,0.0,0.0,0.0,0.0,0.0,0.0,0.0,0.0,0.0,0.0,0.0,0.0
84752008476885,Orlov-Trouba,2026020016,2026,SJS,FLA,HOME,20261001,pairing,5on5,97.0,5.0,1.0,1.0,1.0,2.848,0.208,0.26,0.525,0.004,1.001,2.001,0.208,0.21,0.21,2.0,2.0,2.0,6.0,0.0,0.0,0.0,0.0,0.0,2.0,2.0,2.0,4.0,0.0,0.0,0.0,0.0,0.0,0.0,3.0,1.0,0.0,0.039,0.17,0.0,0.0,0.0,0.0,6.244,4.0,4.11,0.0,0.054,0.0,0.0,0.263,0.264,0.264,0.0,0.0,0.0,0.0,0.0,0.0,0.0,0.0,0.0,0.0,0.0,0.0,0.0,0.0,0.0,0.0,0.0,0.0,0.0,0.0,0.0,0.0,0.0,0.0,0.0,0.0,1.0,0.0,0.0,0.0,0.0,0.0,0.0,0.0,0.0,0.0,0.0,0.0,0.0,0.0,0.0,0.0,0.0,0.0,0.0,0.0,0.0,0.0
848074884849118485402,Sherwood-Misa-Graf,2026020016,2026,SJS,FLA,HOME,20261001,line,5on5,13.0,18.0,0.0,0.0,0.0,0.0,0.0,0.0,0.0,0.0,0.0,0.0,0.0,0.0,0.0,0.0,0.0,0.0,0.0,0.0,0.0,0.0,0.0,0.0,0.0,0.0,0.0,0.0,0.0,0.0,0.0,0.0,0.0,0.0,0.0,0.0,0.0,0.0,0.0,0.0,0.0,0.0,0.0,0.0,0.0,0.0,0.0,0.0,0.0,0.0,0.0,0.0,0.0,0.0,0.0,0.0,0.0,0.0,0.0,0.0,0.0,0.0,0.0,0.0,0.0,0.0,0.0,0.0,0.0,0.0,0.0,0.0,0.0,0.0,0.0,0.0,0.0,0.0,0.0,1.0,0.0,0.0,0.0,0.0,0.0,0.0,0.0,0.0,0.0,0.0,0.0,0.0,0.0,0.0,0.0,0.0,0.0,0.0,0.0,0.0,0.0
84808918482700,Allan-Kesselring,2026020016,2026,SJS,FLA,HOME,20261001,pairing,5on5,101.0,4.0,1.0,1.0,1.0,1.502,0.039,0.07,0.216,0.003,0.67,1.003,0.039,0.037,0.037,2.0,0.0,0.0,2.0,0.0,0.0,0.0,0.0,0.0,0.0,2.0,2.0,2.0,0.0,0.0,0.0,1.0,0.0,1.0,2.0,0.0,0.0,0.039,0.0,0.0,0.0,0.0,0.0,1.94,2.0,1.942,1.0,0.013,0.0,0.0,0.053,0.05,0.05,0.0,0.0,0.0,0.0,0.0,0.0,0.0,0.0,0.0,0.0,0.0,0.0,0.0,0.0,0.0,0.0,0.0,0.0,0.0,0.0,0.0,0.0,0.0,0.0,0.0,0.0,1.0,0.0,1.0,0.0,0.0,0.0,0.0,0.0,0.0,0.0,0.0,0.0,0.0,0.0,0.0,1.0,0.0,0.0,0.0,0.0,0.0,0.0
847897584807488485402,Marchment-Misa-Sherwood,2026020016,2026,SJS,FLA,HOME,20261001,line,5on5,10.0,21.0,1.0,1.0,1.0,0.761,0.011,0.06,0.183,0.002,0.247,0.497,0.011,0.011,0.011,0.0,1.0,1.0,2.0,0.0,0.0,0.0,0.0,0.0,1.0,0.0,0.0,1.0,0.0,0.0,0.0,0.0,0.0,0.0,1.0,0.0,0.0,0.011,0.0,0.0,0.0,0.0,0.0,2.052,1.0,1.038,0.0,0.013,0.0,0.0,0.024,0.024,0.024,0.0,0.0,0.0,0.0,0.0,0.0,0.0,0.0,0.0,0.0,0.0,0.0,0.0,0.0,0.0,0.0,0.0,0.0,0.0,0.0,0.0,0.0,0.0,0.0,0.0,0.0,0.0,0.0,0.0,0.0,0.0,0.0,0.0,0.0,0.0,0.0,0.0,0.0,0.0,0.0,0.0,0.0,0.0,0.0,0.0,0.0,0.0,0.0
84768858477498,Nurse-Trouba,2026020016,2026,SJS,FLA,HOME,20261001,pairing,5on5,24.0,9.0,0.0,0.0,0.0,0.0,0.0,0.0,0.0,0.0,0.0,0.0,0.0,0.0,0.0,0.0,0.0,0.0,0.0,0.0,0.0,0.0,0.0,0.0,0.0,0.0,0.0,0.0,0.0,0.0,0.0,0.0,0.0,1.0,0.0,0.0,0.0,0.0,0.0,0.0,0.0,0.0,0.0,0.0,0.0,0.0,0.0,0.0,0.0,0.0,0.0,0.0,0.0,0.0,0.0,0.0,0.0,0.0,0.0,0.0,0.0,0.0,0.0,0.0,0.0,0.0,0.0,0.0,0.0,0.0,0.0,0.0,0.0,0.0,0.0,0.0,0.0,0.0,0.0,0.0,0.0,0.0,0.0,0.0,0.0,0.0,0.0,0.0,0.0,0.0,0.0,0.0,0.0,0.0,0.0,0.0,0.0,0.0,0.0,0.0,0.0
847662484775058480748,Sherwood-Wennberg-Goodrow,2026020016,2026,SJS,FLA,HOME,20261001,line,5on5,26.0,13.0,0.0,0.0,0.0,0.0,0.0,0.0,0.0,0.0,0.0,0.0,0.0,0.0,0.0,0.0,0.0,0.0,0.0,0.0,0.0,0.0,0.0,0.0,0.0,0.0,0.0,0.0,0.0,0.0,0.0,1.0,0.0,0.0,0.0,0.0,0.0,0.0,0.0,0.0,0.0,0.0,0.0,0.0,0.0,0.0,0.0,0.0,0.0,0.0,0.0,0.0,0.0,0.0,0.0,0.0,0.0,0.0,0.0,0.0,0.0,0.0,0.0,0.0,0.0,0.0,0.0,0.0,0.0,0.0,0.0,0.0,0.0,0.0,0.0,0.0,0.0,0.0,0.0,1.0,0.0,0.0,0.0,0.0,0.0,0.0,0.0,0.0,0.0,0.0,0.0,0.0,0.0,0.0,0.0,0.0,0.0,0.0,0.0,0.0,0.0
847750584849118486103,Stenberg-Wennberg-Graf,2026020016,2026,SJS,FLA,HOME,20261001,line,5on5,613.0,2.0,0.213,0.4348,0.4,4.454,0.161,0.446,0.801,0.01,2.158,2.423,0.16,0.16,0.159,2.0,4.0,4.0,10.0,0.0,1.0,0.0,0.0,0.0,1.0,4.0,2.0,6.0,0.0,0.0,3.0,4.0,1.0,3.0,6.0,0.0,0.0,0.161,0.0,0.0,0.0,0.0,0.0,10.6,6.0,6.223,3.0,0.092,0.019,0.019,0.234,0.233,0.232,6.552,0.595,0.648,1.379,0.015,2.89,3.473,0.595,0.619,0.619,5.0,4.0,4.0,13.0,0.0,0.0,0.0,2.0,0.0,6.0,1.0,5.0,9.0,0.0,0.0,2.0,8.0,1.0,3.0,7.0,1.0,1.0,0.117,0.148,0.331,0.0,0.0,0.0,12.701,9.0,8.904,1.0,0.133,0.0,0.0,0.728,0.756,0.755
847572684849948485402,Chernyshov-Misa-Toffoli,2026020016,2026,SJS,FLA,HOME,20261001,line,5on5,438.0,3.0,0.2682,0.2353,0.25,1.98,0.232,0.226,0.44,0.003,0.899,1.2,0.232,0.232,0.232,2.0,1.0,1.0,4.0,0.0,0.0,0.0,0.0,0.0,0.0,3.0,2.0,3.0,0.0,0.0,2.0,2.0,1.0,5.0,2.0,1.0,0.0,0.062,0.17,0.0,0.0,0.0,0.0,3.984,3.0,2.993,3.0,0.046,0.0,0.0,0.278,0.277,0.277,6.429,0.633,0.81,0.945,0.016,3.58,3.015,0.623,0.661,0.65,6.0,3.0,4.0,13.0,1.0,2.0,0.0,1.0,0.0,2.0,3.0,5.0,8.0,0.0,0.0,5.0,8.0,0.0,2.0,6.0,3.0,0.0,0.239,0.394,0.0,0.0,1.0,0.0,13.032,9.0,9.122,1.0,0.173,0.197,0.197,0.609,0.633,0.627
84827008484152,Cagnoni-Allan,2026020016,2026,SJS,FLA,HOME,20261001,pairing,5on5,37.0,7.0,1.0,1.0,1.0,1.915,0.092,0.197,0.522,0.007,1.187,0.995,0.09,0.089,0.087,2.0,1.0,0.0,3.0,1.0,0.0,0.0,0.0,0.0,2.0,0.0,1.0,2.0,0.0,0.0,0.0,1.0,0.0,0.0,3.0,0.0,0.0,0.092,0.0,0.0,1.0,0.0,0.0,2.966,3.0,2.981,0.0,0.039,0.0,0.0,0.13,0.126,0.122,0.0,0.0,0.0,0.0,0.0,0.0,0.0,0.0,0.0,0.0,0.0,0.0,0.0,0.0,0.0,0.0,0.0,0.0,0.0,0.0,0.0,0.0,0.0,0.0,0.0,1.0,1.0,0.0,1.0,0.0,0.0,0.0,0.0,0.0,0.0,0.0,0.0,0.0,0.0,0.0,0.0,1.0,0.0,0.0,0.0,0.0,0.0,0.0
84752008477498,Orlov-Nurse,2026020016,2026,SJS,FLA,HOME,20261001,pairing,5on5,39.0,6.0,0.0,0.0,0.0,0.0,0.0,0.0,0.0,0.0,0.0,0.0,0.0,0.0,0.0,0.0,0.0,0.0,0.0,0.0,0.0,0.0,0.0,0.0,0.0,0.0,0.0,0.0,0.0,0.0,0.0,1.0,0.0,0.0,0.0,0.0,0.0,0.0,0.0,0.0,0.0,0.0,0.0,0.0,0.0,0.0,0.0,0.0,0.0,0.0,0.0,0.0,0.0,0.742,0.053,0.053,0.154,0.003,0.276,0.461,0.053,0.052,0.052,0.0,1.0,1.0,2.0,0.0,0.0,0.0,0.0,0.0,1.0,0.0,0.0,1.0,0.0,0.0,0.0,0.0,0.0,0.0,1.0,0.0,0.0,0.053,0.0,0.0,0.0,0.0,0.0,1.872,1.0,0.954,0.0,0.011,0.0,0.0,0.064,0.063,0.063
847897584842278485402,Marchment-Misa-Smith,2026020016,2026,SJS,FLA,HOME,20261001,line,5on5,12.0,19.0,0.0,0.0,0.0,0.0,0.0,0.0,0.0,0.0,0.0,0.0,0.0,0.0,0.0,0.0,0.0,0.0,0.0,0.0,0.0,0.0,0.0,0.0,0.0,0.0,0.0,0.0,1.0,2.0,0.0,0.0,0.0,0.0,0.0,0.0,0.0,0.0,0.0,0.0,0.0,0.0,0.0,0.0,0.0,0.0,0.0,0.0,0.0,0.0,0.0,0.0,0.0,0.0,0.0,0.0,0.0,0.0,0.0,0.0,0.0,0.0,0.0,0.0,0.0,0.0,0.0,0.0,0.0,0.0,0.0,0.0,0.0,0.0,0.0,0.0,0.0,0.0,0.0,1.0,0.0,0.0,0.0,0.0,0.0,0.0,0.0,0.0,0.0,0.0,0.0,0.0,0.0,0.0,0.0,0.0,0.0,0.0,0.0,0.0,0.0
848074884828598484911,Sherwood-Ostapchuk-Graf,2026020016,2026,SJS,FLA,HOME,20261001,line,5on5,32.0,12.0,0.0,0.0,0.0,0.0,0.0,0.0,0.0,0.0,0.0,0.0,0.0,0.0,0.0,0.0,0.0,0.0,0.0,0.0,0.0,0.0,0.0,0.0,0.0,0.0,0.0,0.0,1.0,4.0,0.0,0.0,0.0,0.0,0.0,0.0,0.0,0.0,0.0,0.0,0.0,0.0,0.0,0.0,0.0,0.0,0.0,0.0,0.0,0.0,0.0,0.0,0.0,0.0,0.0,0.0,0.0,0.0,0.0,0.0,0.0,0.0,0.0,0.0,0.0,0.0,0.0,0.0,0.0,0.0,0.0,0.0,0.0,0.0,0.0,0.0,0.0,0.0,0.0,1.0,0.0,0.0,0.0,0.0,0.0,0.0,0.0,0.0,0.0,0.0,0.0,0.0,0.0,0.0,0.0,0.0,0.0,0.0,0.0,0.0,0.0
84768858484152,Cagnoni-Trouba,2026020016,2026,SJS,FLA,HOME,20261001,pairing,5on5,22.0,10.0,0.0,0.0,0.0,0.0,0.0,0.0,0.0,0.0,0.0,0.0,0.0,0.0,0.0,0.0,0.0,0.0,0.0,0.0,0.0,0.0,0.0,0.0,0.0,0.0,0.0,0.0,0.0,0.0,0.0,0.0,0.0,0.0,0.0,0.0,0.0,0.0,0.0,0.0,0.0,0.0,0.0,0.0,0.0,0.0,0.0,0.0,0.0,0.0,0.0,0.0,0.0,0.71,0.025,0.07,0.138,0.002,0.381,0.384,0.025,0.026,0.026,0.0,1.0,0.0,1.0,0.0,0.0,0.0,0.0,0.0,1.0,0.0,0.0,1.0,0.0,0.0,0.0,3.0,0.0,0.0,1.0,0.0,0.0,0.025,0.0,0.0,0.0,0.0,0.0,1.032,1.0,1.03,0.0,0.014,0.0,0.0,0.038,0.04,0.04
847897584842278484801,Marchment-Celebrini-Smith,2026020016,2026,SJS,FLA,HOME,20261001,line,5on5,636.0,1.0,0.7331,0.6667,0.7333,7.95,0.346,0.679,1.61,0.018,4.238,4.108,0.344,0.332,0.33,8.0,3.0,1.0,12.0,1.0,1.0,0.0,2.0,0.0,3.0,4.0,7.0,10.0,1.0,5.0,4.0,5.0,4.0,6.0,11.0,0.0,0.0,0.346,0.0,0.0,1.0,0.0,0.0,11.904,11.0,10.83,1.0,0.14,0.008,0.008,0.478,0.46,0.456,2.592,0.126,0.25,0.378,0.007,1.534,1.705,0.126,0.128,0.128,3.0,1.0,2.0,6.0,1.0,0.0,0.0,1.0,0.0,0.0,2.0,2.0,3.0,2.0,7.0,5.0,7.0,2.0,4.0,4.0,0.0,0.0,0.126,0.0,0.0,1.0,0.0,0.0,6.039,4.0,4.056,2.0,0.05,0.0,0.0,0.176,0.18,0.18
847662484807488485402,Sherwood-Misa-Goodrow,2026020016,2026,SJS,FLA,HOME,20261001,line,5on5,34.0,11.0,0.2424,0.5,0.5,0.777,0.008,0.054,0.181,0.0,0.261,0.496,0.008,0.008,0.008,1.0,0.0,0.0,1.0,0.0,0.0,0.0,0.0,0.0,0.0,1.0,1.0,1.0,0.0,0.0,0.0,0.0,0.0,0.0,1.0,0.0,0.0,0.008,0.0,0.0,0.0,0.0,0.0,0.97,1.0,0.971,0.0,0.011,0.0,0.0,0.019,0.018,0.018,0.71,0.025,0.07,0.138,0.002,0.381,0.384,0.025,0.026,0.026,0.0,1.0,0.0,1.0,0.0,0.0,0.0,0.0,0.0,1.0,0.0,0.0,1.0,0.0,0.0,0.0,3.0,0.0,0.0,1.0,0.0,0.0,0.025,0.0,0.0,0.0,0.0,0.0,1.032,1.0,1.03,0.0,0.014,0.0,0.0,0.038,0.04,0.04
847572684807488485402,Sherwood-Misa-Toffoli,2026020016,2026,SJS,FLA,HOME,20261001,line,5on5,39.0,7.0,0.0,0.0,0.0,0.0,0.0,0.0,0.0,0.0,0.0,0.0,0.0,0.0,0.0,0.0,0.0,0.0,0.0,0.0,0.0,0.0,0.0,0.0,0.0,0.0,0.0,0.0,0.0,0.0,0.0,1.0,0.0,0.0,0.0,0.0,0.0,0.0,0.0,0.0,0.0,0.0,0.0,0.0,0.0,0.0,0.0,0.0,0.0,0.0,0.0,0.0,0.0,0.0,0.0,0.0,0.0,0.0,0.0,0.0,0.0,0.0,0.0,0.0,0.0,0.0,0.0,0.0,0.0,0.0,0.0,0.0,0.0,0.0,0.0,0.0,0.0,0.0,1.0,1.0,0.0,1.0,0.0,0.0,0.0,0.0,0.0,0.0,0.0,0.0,0.0,0.0,0.0,0.0,0.0,0.0,0.0,0.0,0.0,0.0,0.0
847750584848018484911,Wennberg-Celebrini-Graf,2026020016,2026,SJS,FLA,HOME,20261001,line,5on5,38.0,9.0,1.0,1.0,1.0,0.905,0.003,0.007,0.012,0.001,0.316,0.662,0.003,0.003,0.003,1.0,0.0,0.0,1.0,0.0,0.0,0.0,0.0,0.0,0.0,1.0,1.0,1.0,0.0,0.0,0.0,0.0,0.0,0.0,1.0,0.0,0.0,0.003,0.0,0.0,0.0,0.0,0.0,0.97,1.0,0.971,0.0,0.001,0.0,0.0,0.004,0.004,0.004,0.0,0.0,0.0,0.0,0.0,0.0,0.0,0.0,0.0,0.0,0.0,0.0,0.0,0.0,0.0,0.0,0.0,0.0,0.0,0.0,0.0,0.0,0.0,0.0,0.0,1.0,0.0,0.0,0.0,0.0,0.0,0.0,0.0,0.0,0.0,0.0,0.0,0.0,0.0,0.0,0.0,0.0,0.0,0.0,0.0,0.0,0.0,0.0
848074884842278484801,Sherwood-Celebrini-Smith,2026020016,2026,SJS,FLA,HOME,20261001,line,5on5,18.0,17.0,0.0,0.0,0.0,0.0,0.0,0.0,0.0,0.0,0.0,0.0,0.0,0.0,0.0,0.0,0.0,0.0,0.0,0.0,0.0,0.0,0.0,0.0,0.0,0.0,0.0,0.0,0.0,0.0,0.0,0.0,0.0,0.0,0.0,0.0,0.0,0.0,0.0,0.0,0.0,0.0,0.0,0.0,0.0,0.0,0.0,0.0,0.0,0.0,0.0,0.0,0.0,0.0,0.0,0.0,0.0,0.0,0.0,0.0,0.0,0.0,0.0,0.0,0.0,0.0,0.0,0.0,0.0,0.0,0.0,0.0,0.0,0.0,0.0,0.0,0.0,0.0,0.0,1.0,0.0,0.0,0.0,0.0,0.0,0.0,0.0,0.0,0.0,0.0,0.0,0.0,0.0,0.0,0.0,0.0,0.0,0.0,0.0,0.0,0.0
84751678478416,Hedman-Cernak,2026020010,2026,TBL,NYR,AWAY,20261001,pairing,5on5,115.0,5.0,0.0,0.2,0.0,0.0,0.0,0.0,0.0,0.0,0.0,0.0,0.0,0.0,0.0,0.0,0.0,1.0,1.0,0.0,0.0,0.0,0.0,0.0,0.0,0.0,0.0,0.0,0.0,0.0,0.0,3.0,0.0,2.0,0.0,0.0,0.0,0.0,0.0,0.0,0.0,0.0,0.0,0.936,0.0,0.0,1.0,0.0,0.0,0.0,0.0,0.0,0.0,1.781,0.066,0.207,0.364,0.009,0.761,0.594,0.065,0.068,0.068,2.0,0.0,2.0,4.0,0.0,1.0,0.0,0.0,0.0,1.0,0.0,2.0,2.0,0.0,0.0,2.0,1.0,0.0,1.0,2.0,0.0,0.0,0.066,0.0,0.0,0.0,0.0,0.0,4.528,2.0,2.101,0.0,0.048,0.056,0.056,0.058,0.06,0.059
847842484809958482201,Goncalves-Harkins-Holmberg,2026020010,2026,TBL,NYR,AWAY,20261001,line,5on5,44.0,12.0,0.0,0.0,0.0,0.0,0.0,0.0,0.0,0.0,0.0,0.0,0.0,0.0,0.0,0.0,0.0,0.0,0.0,0.0,0.0,0.0,0.0,0.0,0.0,0.0,0.0,0.0,0.0,0.0,0.0,1.0,0.0,0.0,0.0,0.0,0.0,0.0,0.0,0.0,0.0,0.0,0.0,0.0,0.0,0.0,0.0,0.0,0.0,0.0,0.0,0.0,0.0,0.0,0.0,0.0,0.0,0.0,0.0,0.0,0.0,0.0,0.0,0.0,0.0,0.0,0.0,0.0,0.0,0.0,0.0,0.0,0.0,0.0,0.0,0.0,0.0,0.0,0.0,2.0,0.0,0.0,0.0,0.0,0.0,0.0,0.0,0.0,0.0,0.0,0.0,0.0,0.0,0.0,0.0,0.0,0.0,0.0,0.0,0.0,0.0
847842484822018483447,Goncalves-Harkins-Geekie,2026020010,2026,TBL,NYR,AWAY,20261001,line,5on5,304.0,3.0,0.4694,0.4545,0.5,2.716,0.338,0.331,0.516,0.007,1.34,1.468,0.33,0.337,0.329,2.0,2.0,1.0,5.0,0.0,0.0,0.0,0.0,0.0,3.0,1.0,2.0,4.0,0.0,0.0,1.0,6.0,1.0,1.0,2.0,2.0,0.0,0.048,0.29,0.0,0.0,0.0,0.0,4.758,4.0,3.837,1.0,0.069,0.0,0.0,0.407,0.406,0.395,3.063,0.382,0.284,0.519,0.008,1.53,1.276,0.366,0.395,0.379,2.0,2.0,2.0,6.0,0.0,0.0,0.0,1.0,0.0,1.0,2.0,2.0,4.0,0.0,0.0,2.0,3.0,0.0,4.0,2.0,2.0,0.0,0.096,0.286,0.0,0.0,0.0,0.0,6.734,4.0,4.201,2.0,0.061,0.0,0.0,0.443,0.459,0.437
847645384785198479542,Hagel-Cirelli-Kucherov,2026020010,2026,TBL,NYR,AWAY,20261001,line,5on5,109.0,5.0,1.0,1.0,1.0,0.615,0.035,0.066,0.153,0.001,0.276,0.47,0.035,0.034,0.034,0.0,1.0,1.0,2.0,0.0,0.0,0.0,0.0,0.0,1.0,0.0,0.0,1.0,0.0,0.0,0.0,0.0,0.0,1.0,1.0,0.0,0.0,0.035,0.0,0.0,0.0,0.0,0.0,1.79,1.0,0.954,1.0,0.013,0.0,0.0,0.048,0.046,0.046,0.0,0.0,0.0,0.0,0.0,0.0,0.0,0.0,0.0,0.0,0.0,0.0,0.0,0.0,0.0,0.0,0.0,0.0,0.0,0.0,0.0,0.0,0.0,0.0,0.0,1.0,0.0,0.0,1.0,0.0,0.0,0.0,0.0,0.0,0.0,0.0,0.0,0.0,0.0,0.0,0.0,0.0,0.0,0.0,0.0,0.0,0.0,0.0
848099584822018483447,Goncalves-Geekie-Holmberg,2026020010,2026,TBL,NYR,AWAY,20261001,line,5on5,81.0,7.0,0.0,0.0,0.0,0.0,0.0,0.0,0.0,0.0,0.0,0.0,0.0,0.0,0.0,0.0,0.0,0.0,0.0,0.0,0.0,0.0,0.0,0.0,0.0,0.0,0.0,0.0,0.0,0.0,0.0,3.0,0.0,1.0,0.0,0.0,0.0,0.0,0.0,0.0,0.0,0.0,0.0,0.0,0.0,0.0,1.0,0.0,0.0,0.0,0.0,0.0,0.0,1.781,0.066,0.207,0.364,0.009,0.761,0.594,0.065,0.068,0.068,2.0,0.0,0.0,2.0,0.0,1.0,0.0,0.0,0.0,1.0,0.0,2.0,2.0,0.0,0.0,1.0,1.0,0.0,0.0,2.0,0.0,0.0,0.066,0.0,0.0,0.0,0.0,0.0,2.264,2.0,2.101,0.0,0.048,0.056,0.056,0.058,0.06,0.059
847645384780108481624,Kucherov-Point-Mikheyev,2026020010,2026,TBL,NYR,AWAY,20261001,line,5on5,418.0,2.0,0.6133,0.55,0.6429,6.042,0.682,0.83,0.922,0.02,2.884,3.662,0.664,0.68,0.662,1.0,8.0,2.0,11.0,1.0,2.0,1.0,1.0,0.0,3.0,2.0,0.0,8.0,0.0,0.0,3.0,0.0,1.0,0.0,5.0,4.0,0.0,0.231,0.451,0.0,1.0,0.0,0.0,10.564,9.0,8.695,0.0,0.172,0.047,0.047,0.806,0.805,0.788,3.814,0.43,0.272,0.595,0.01,1.721,1.973,0.43,0.439,0.439,4.0,1.0,4.0,9.0,1.0,0.0,0.0,1.0,0.0,2.0,1.0,3.0,4.0,2.0,4.0,5.0,3.0,0.0,1.0,3.0,1.0,1.0,0.136,0.09,0.203,0.0,0.0,1.0,9.744,5.0,5.24,1.0,0.054,0.0,0.0,0.484,0.494,0.494
84741518482655,Mcdonagh-Moser,2026020010,2026,TBL,NYR,AWAY,20261001,pairing,5on5,32.0,9.0,0.0,0.5,0.0,0.0,0.0,0.0,0.0,0.0,0.0,0.0,0.0,0.0,0.0,0.0,0.0,1.0,1.0,0.0,0.0,0.0,0.0,0.0,0.0,0.0,0.0,0.0,1.0,2.0,0.0,2.0,0.0,0.0,0.0,0.0,0.0,0.0,0.0,0.0,0.0,0.0,0.0,0.895,0.0,0.0,0.0,0.0,0.0,0.0,0.0,0.0,0.0,0.735,0.101,0.107,0.109,0.001,0.285,0.397,0.101,0.104,0.104,1.0,0.0,0.0,1.0,0.0,0.0,0.0,0.0,0.0,1.0,0.0,1.0,1.0,1.0,2.0,0.0,0.0,0.0,1.0,0.0,1.0,0.0,0.0,0.101,0.0,0.0,0.0,0.0,1.132,1.0,1.05,1.0,0.023,0.0,0.0,0.124,0.128,0.128
84804268482655,D'Astous-Moser,2026020010,2026,TBL,NYR,AWAY,20261001,pairing,5on5,129.0,4.0,0.5912,0.5,0.5,0.728,0.107,0.077,0.104,0.002,0.28,0.43,0.107,0.106,0.106,0.0,1.0,0.0,1.0,0.0,0.0,0.0,0.0,0.0,0.0,1.0,0.0,1.0,0.0,0.0,0.0,1.0,0.0,0.0,0.0,1.0,0.0,0.0,0.107,0.0,0.0,0.0,0.0,0.936,1.0,0.954,0.0,0.016,0.0,0.0,0.123,0.121,0.121,0.723,0.074,0.06,0.159,0.001,0.345,0.362,0.074,0.076,0.076,1.0,0.0,0.0,1.0,0.0,0.0,0.0,0.0,0.0,1.0,0.0,1.0,1.0,1.0,2.0,0.0,3.0,0.0,0.0,1.0,0.0,0.0,0.074,0.0,0.0,0.0,0.0,0.0,1.132,1.0,1.05,0.0,0.012,0.0,0.0,0.085,0.088,0.088
847687884784248480995,Harkins-Girgensons-Holmberg,2026020010,2026,TBL,NYR,AWAY,20261001,line,5on5,86.0,6.0,0.0,0.5,0.0,0.0,0.0,0.0,0.0,0.0,0.0,0.0,0.0,0.0,0.0,0.0,0.0,1.0,1.0,0.0,0.0,0.0,0.0,0.0,0.0,0.0,0.0,0.0,0.0,0.0,0.0,3.0,0.0,1.0,0.0,0.0,0.0,0.0,0.0,0.0,0.0,0.0,0.0,0.895,0.0,0.0,1.0,0.0,0.0,0.0,0.0,0.0,0.0,0.774,0.001,0.05,0.186,0.001,0.41,0.352,0.001,0.001,0.001,0.0,1.0,0.0,1.0,0.0,0.0,0.0,0.0,0.0,1.0,0.0,0.0,1.0,1.0,2.0,1.0,0.0,1.0,1.0,1.0,0.0,0.0,0.001,0.0,0.0,0.0,0.0,0.0,1.132,1.0,1.05,1.0,0.011,0.0,0.0,0.012,0.013,0.013
847645384785198481624,Kucherov-Cirelli-Mikheyev,2026020010,2026,TBL,NYR,AWAY,20261001,line,5on5,19.0,17.0,0.0,0.0,0.0,0.0,0.0,0.0,0.0,0.0,0.0,0.0,0.0,0.0,0.0,0.0,0.0,0.0,0.0,0.0,0.0,0.0,0.0,0.0,0.0,0.0,0.0,0.0,0.0,0.0,0.0,0.0,0.0,0.0,0.0,0.0,0.0,0.0,0.0,0.0,0.0,0.0,0.0,0.0,0.0,0.0,0.0,0.0,0.0,0.0,0.0,0.0,0.0,0.0,0.0,0.0,0.0,0.0,0.0,0.0,0.0,0.0,0.0,0.0,0.0,0.0,0.0,0.0,0.0,0.0,0.0,0.0,0.0,0.0,0.0,0.0,0.0,0.0,0.0,0.0,0.0,1.0,0.0,0.0,0.0,0.0,0.0,0.0,0.0,0.0,0.0,0.0,0.0,0.0,0.0,0.0,0.0,0.0,0.0,0.0,0.0
847842484816248482201,Goncalves-Harkins-Mikheyev,2026020010,2026,TBL,NYR,AWAY,20261001,line,5on5,19.0,18.0,0.0,0.0,0.0,0.0,0.0,0.0,0.0,0.0,0.0,0.0,0.0,0.0,0.0,0.0,0.0,0.0,0.0,0.0,0.0,0.0,0.0,0.0,0.0,0.0,0.0,0.0,0.0,0.0,0.0,0.0,0.0,1.0,0.0,0.0,0.0,0.0,0.0,0.0,0.0,0.0,0.0,0.0,0.0,0.0,0.0,0.0,0.0,0.0,0.0,0.0,0.0,0.0,0.0,0.0,0.0,0.0,0.0,0.0,0.0,0.0,0.0,0.0,0.0,1.0,1.0,0.0,0.0,0.0,0.0,0.0,0.0,0.0,0.0,0.0,0.0,0.0,0.0,0.0,0.0,0.0,0.0,0.0,0.0,0.0,0.0,0.0,0.0,0.0,0.0,1.132,0.0,0.0,0.0,0.0,0.0,0.0,0.0,0.0,0.0
847740484785198479542,Hagel-Cirelli-Guentzel,2026020010,2026,TBL,NYR,AWAY,20261001,line,5on5,485.0,1.0,0.7661,0.7143,0.5714,2.72,0.285,0.375,0.255,0.009,1.351,1.725,0.274,0.282,0.271,4.0,0.0,6.0,10.0,0.0,1.0,0.0,0.0,0.0,3.0,0.0,4.0,4.0,0.0,0.0,4.0,5.0,0.0,3.0,1.0,3.0,0.0,0.016,0.269,0.0,0.0,0.0,0.0,9.276,4.0,3.817,3.0,0.081,0.016,0.016,0.35,0.345,0.331,2.167,0.087,0.19,0.373,0.007,1.161,1.182,0.087,0.088,0.088,3.0,0.0,1.0,4.0,0.0,0.0,0.0,0.0,0.0,2.0,1.0,3.0,3.0,2.0,4.0,6.0,4.0,2.0,2.0,3.0,0.0,0.0,0.087,0.0,0.0,0.0,0.0,0.0,4.204,3.0,3.072,1.0,0.039,0.0,0.0,0.126,0.127,0.127
84751678480426,D'Astous-Hedman,2026020010,2026,TBL,NYR,AWAY,20261001,pairing,5on5,661.0,2.0,0.4433,0.5,0.5,7.986,0.575,1.436,1.285,0.019,3.149,3.536,0.542,0.561,0.529,9.0,1.0,3.0,13.0,1.0,6.0,1.0,1.0,0.0,2.0,0.0,8.0,9.0,1.0,2.0,3.0,9.0,1.0,4.0,6.0,4.0,0.0,0.191,0.384,0.0,1.0,0.0,0.0,11.92,10.0,9.543,2.0,0.32,0.252,0.252,0.643,0.627,0.591,7.821,0.722,0.732,1.308,0.025,3.857,3.357,0.688,0.742,0.707,7.0,3.0,3.0,13.0,1.0,1.0,0.0,2.0,0.0,3.0,3.0,6.0,9.0,2.0,4.0,8.0,4.0,0.0,6.0,7.0,3.0,0.0,0.259,0.464,0.0,1.0,0.0,0.0,14.16,10.0,10.345,4.0,0.158,0.035,0.035,0.846,0.868,0.828
847645384780108479542,Hagel-Point-Kucherov,2026020010,2026,TBL,NYR,AWAY,20261001,line,5on5,44.0,13.0,0.0,0.0,0.0,0.0,0.0,0.0,0.0,0.0,0.0,0.0,0.0,0.0,0.0,0.0,0.0,0.0,0.0,0.0,0.0,0.0,0.0,0.0,0.0,0.0,0.0,0.0,0.0,0.0,0.0,0.0,0.0,0.0,0.0,0.0,0.0,0.0,0.0,0.0,0.0,0.0,0.0,0.0,0.0,0.0,0.0,0.0,0.0,0.0,0.0,0.0,0.0,0.797,0.01,0.054,0.202,0.001,0.296,0.437,0.01,0.01,0.01,1.0,0.0,0.0,1.0,0.0,0.0,0.0,1.0,0.0,0.0,0.0,1.0,1.0,0.0,0.0,0.0,0.0,0.0,0.0,1.0,0.0,0.0,0.01,0.0,0.0,0.0,0.0,0.0,1.074,1.0,1.05,0.0,0.01,0.0,0.0,0.02,0.021,0.021
84751678482655,Hedman-Moser,2026020010,2026,TBL,NYR,AWAY,20261001,pairing,5on5,50.0,7.0,0.0,0.0,0.0,0.0,0.0,0.0,0.0,0.0,0.0,0.0,0.0,0.0,0.0,0.0,0.0,0.0,0.0,0.0,0.0,0.0,0.0,0.0,0.0,0.0,0.0,0.0,0.0,0.0,0.0,2.0,0.0,1.0,0.0,0.0,0.0,0.0,0.0,0.0,0.0,0.0,0.0,0.0,0.0,0.0,1.0,0.0,0.0,0.0,0.0,0.0,0.0,0.774,0.001,0.05,0.186,0.001,0.41,0.352,0.001,0.001,0.001,0.0,1.0,0.0,1.0,0.0,0.0,0.0,0.0,0.0,1.0,0.0,0.0,1.0,0.0,0.0,0.0,0.0,1.0,0.0,1.0,0.0,0.0,0.001,0.0,0.0,0.0,0.0,0.0,1.132,1.0,1.05,0.0,0.011,0.0,0.0,0.012,0.013,0.013
847851984797058480995,Viel-Cirelli-Holmberg,2026020010,2026,TBL,NYR,AWAY,20261001,line,5on5,21.0,16.0,0.0,0.0,0.0,0.0,0.0,0.0,0.0,0.0,0.0,0.0,0.0,0.0,0.0,0.0,0.0,0.0,0.0,0.0,0.0,0.0,0.0,0.0,0.0,0.0,0.0,0.0,0.0,0.0,0.0,0.0,0.0,0.0,0.0,0.0,0.0,0.0,0.0,0.0,0.0,0.0,0.0,0.0,0.0,0.0,0.0,0.0,0.0,0.0,0.0,0.0,0.0,0.0,0.0,0.0,0.0,0.0,0.0,0.0,0.0,0.0,0.0,0.0,0.0,1.0,1.0,0.0,0.0,0.0,0.0,0.0,0.0,0.0,0.0,0.0,0.0,0.0,1.0,0.0,0.0,0.0,0.0,0.0,0.0,0.0,0.0,0.0,0.0,0.0,0.0,1.074,0.0,0.0,0.0,0.0,0.0,0.0,0.0,0.0,0.0
847740484780108480995,Guentzel-Point-Holmberg,2026020010,2026,TBL,NYR,AWAY,20261001,line,5on5,61.0,11.0,0.0,0.3333,0.0,0.0,0.0,0.0,0.0,0.0,0.0,0.0,0.0,0.0,0.0,0.0,0.0,1.0,1.0,0.0,0.0,0.0,0.0,0.0,0.0,0.0,0.0,0.0,0.0,0.0,0.0,0.0,0.0,1.0,0.0,0.0,0.0,0.0,0.0,0.0,0.0,0.0,0.0,0.895,0.0,0.0,0.0,0.0,0.0,0.0,0.0,0.0,0.0,1.91,0.262,0.378,0.293,0.007,0.556,0.503,0.251,0.271,0.26,1.0,1.0,0.0,2.0,0.0,1.0,0.0,0.0,0.0,0.0,1.0,1.0,2.0,0.0,0.0,0.0,1.0,0.0,1.0,1.0,0.0,1.0,0.051,0.0,0.211,0.0,0.0,0.0,2.264,2.0,2.101,1.0,0.086,0.051,0.051,0.297,0.307,0.296
84784168482655,Moser-Cernak,2026020010,2026,TBL,NYR,AWAY,20261001,pairing,5on5,47.0,8.0,0.0,0.0,0.0,0.0,0.0,0.0,0.0,0.0,0.0,0.0,0.0,0.0,0.0,0.0,0.0,0.0,0.0,0.0,0.0,0.0,0.0,0.0,0.0,0.0,0.0,0.0,1.0,2.0,0.0,2.0,0.0,0.0,0.0,0.0,0.0,0.0,0.0,0.0,0.0,0.0,0.0,0.0,0.0,0.0,0.0,0.0,0.0,0.0,0.0,0.0,0.0,0.687,0.102,0.075,0.11,0.004,0.325,0.384,0.102,0.097,0.097,0.0,1.0,1.0,2.0,0.0,0.0,0.0,0.0,0.0,1.0,0.0,0.0,1.0,0.0,0.0,0.0,0.0,0.0,0.0,0.0,1.0,0.0,0.0,0.102,0.0,0.0,0.0,0.0,1.94,1.0,0.971,0.0,0.016,0.0,0.0,0.118,0.112,0.112
847842484809958483447,Geekie-Harkins-Holmberg,2026020010,2026,TBL,NYR,AWAY,20261001,line,5on5,25.0,15.0,0.0,0.0,0.0,0.0,0.0,0.0,0.0,0.0,0.0,0.0,0.0,0.0,0.0,0.0,0.0,0.0,0.0,0.0,0.0,0.0,0.0,0.0,0.0,0.0,0.0,0.0,0.0,0.0,0.0,0.0,0.0,0.0,0.0,0.0,0.0,0.0,0.0,0.0,0.0,0.0,0.0,0.0,0.0,0.0,0.0,0.0,0.0,0.0,0.0,0.0,0.0,0.786,0.076,0.056,0.111,0.005,0.33,0.421,0.076,0.079,0.079,1.0,0.0,0.0,1.0,0.0,0.0,0.0,0.0,0.0,0.0,1.0,1.0,1.0,0.0,0.0,0.0,0.0,0.0,0.0,1.0,0.0,0.0,0.076,0.0,0.0,0.0,0.0,0.0,1.132,1.0,1.05,0.0,0.012,0.0,0.0,0.088,0.091,0.091
847645384774048478010,Guentzel-Point-Kucherov,2026020010,2026,TBL,NYR,AWAY,20261001,line,5on5,79.0,8.0,0.0,0.0,0.0,0.0,0.0,0.0,0.0,0.0,0.0,0.0,0.0,0.0,0.0,0.0,0.0,0.0,0.0,0.0,0.0,0.0,0.0,0.0,0.0,0.0,0.0,0.0,0.0,0.0,0.0,0.0,0.0,0.0,0.0,0.0,0.0,0.0,0.0,0.0,0.0,0.0,0.0,0.0,0.0,0.0,0.0,0.0,0.0,0.0,0.0,0.0,0.0,0.0,0.0,0.0,0.0,0.0,0.0,0.0,0.0,0.0,0.0,0.0,0.0,0.0,0.0,0.0,0.0,0.0,0.0,0.0,0.0,0.0,0.0,0.0,0.0,0.0,1.0,0.0,0.0,1.0,0.0,0.0,0.0,0.0,0.0,0.0,0.0,0.0,0.0,0.0,0.0,0.0,0.0,0.0,0.0,0.0,0.0,0.0,0.0
84741518474590,Mcdonagh-Carlson,2026020010,2026,TBL,NYR,AWAY,20261001,pairing,5on5,86.0,6.0,1.0,1.0,1.0,1.159,0.106,0.12,0.261,0.003,0.683,0.828,0.105,0.105,0.104,1.0,1.0,0.0,2.0,0.0,0.0,0.0,0.0,0.0,1.0,1.0,1.0,2.0,0.0,0.0,0.0,0.0,0.0,0.0,1.0,1.0,0.0,0.011,0.095,0.0,0.0,0.0,0.0,1.872,2.0,1.909,0.0,0.024,0.0,0.0,0.13,0.129,0.127,0.0,0.0,0.0,0.0,0.0,0.0,0.0,0.0,0.0,0.0,0.0,0.0,0.0,0.0,0.0,0.0,0.0,0.0,0.0,0.0,0.0,0.0,0.0,0.0,0.0,0.0,0.0,0.0,1.0,0.0,0.0,0.0,0.0,0.0,0.0,0.0,0.0,0.0,0.0,0.0,0.0,1.0,0.0,0.0,0.0,0.0,0.0,0.0
847970584822018483447,Viel-Geekie-Goncalves,2026020010,2026,TBL,NYR,AWAY,20261001,line,5on5,36.0,14.0,0.0,0.0,0.0,0.0,0.0,0.0,0.0,0.0,0.0,0.0,0.0,0.0,0.0,0.0,0.0,0.0,0.0,0.0,0.0,0.0,0.0,0.0,0.0,0.0,0.0,0.0,0.0,0.0,1.0,1.0,0.0,0.0,0.0,0.0,0.0,0.0,0.0,0.0,0.0,0.0,0.0,0.0,0.0,0.0,0.0,0.0,0.0,0.0,0.0,0.0,0.0,0.0,0.0,0.0,0.0,0.0,0.0,0.0,0.0,0.0,0.0,0.0,0.0,0.0,0.0,0.0,0.0,0.0,0.0,0.0,0.0,0.0,0.0,0.0,0.0,0.0,0.0,0.0,0.0,0.0,0.0,0.0,0.0,0.0,0.0,0.0,0.0,0.0,0.0,0.0,0.0,0.0,0.0,0.0,0.0,0.0,0.0,0.0,0.0
847801084809958482201,Goncalves-Point-Holmberg,2026020010,2026,TBL,NYR,AWAY,20261001,line,5on5,11.0,22.0,0.0,0.0,0.0,0.0,0.0,0.0,0.0,0.0,0.0,0.0,0.0,0.0,0.0,0.0,0.0,0.0,0.0,0.0,0.0,0.0,0.0,0.0,0.0,0.0,0.0,0.0,0.0,0.0,0.0,0.0,0.0,1.0,0.0,0.0,0.0,0.0,0.0,0.0,0.0,0.0,0.0,0.0,0.0,0.0,0.0,0.0,0.0,0.0,0.0,0.0,0.0,0.0,0.0,0.0,0.0,0.0,0.0,0.0,0.0,0.0,0.0,0.0,0.0,0.0,0.0,0.0,0.0,0.0,0.0,0.0,0.0,0.0,0.0,0.0,0.0,0.0,0.0,0.0,0.0,0.0,0.0,0.0,0.0,0.0,0.0,0.0,0.0,0.0,0.0,0.0,0.0,0.0,0.0,0.0,0.0,0.0,0.0,0.0,0.0
847687884797058480995,Viel-Girgensons-Holmberg,2026020010,2026,TBL,NYR,AWAY,20261001,line,5on5,299.0,4.0,0.3722,0.5333,0.4545,4.641,0.217,0.989,0.851,0.009,1.625,1.309,0.2,0.21,0.193,5.0,0.0,3.0,8.0,0.0,4.0,0.0,1.0,0.0,0.0,0.0,5.0,5.0,2.0,4.0,1.0,6.0,0.0,1.0,4.0,1.0,0.0,0.134,0.083,0.0,0.0,0.0,0.0,7.242,5.0,4.772,0.0,0.227,0.194,0.194,0.249,0.241,0.221,4.659,0.366,0.467,0.787,0.015,2.321,2.044,0.348,0.365,0.346,4.0,2.0,1.0,7.0,1.0,1.0,0.0,1.0,0.0,3.0,0.0,3.0,5.0,1.0,2.0,6.0,5.0,0.0,2.0,4.0,2.0,0.0,0.087,0.279,0.0,1.0,0.0,0.0,7.16,6.0,6.064,2.0,0.102,0.035,0.035,0.433,0.43,0.412
847645384784248483447,Geekie-Harkins-Kucherov,2026020010,2026,TBL,NYR,AWAY,20261001,line,5on5,12.0,20.0,0.0,0.0,0.0,0.0,0.0,0.0,0.0,0.0,0.0,0.0,0.0,0.0,0.0,0.0,0.0,0.0,0.0,0.0,0.0,0.0,0.0,0.0,0.0,0.0,0.0,0.0,0.0,0.0,0.0,1.0,0.0,0.0,0.0,0.0,0.0,0.0,0.0,0.0,0.0,0.0,0.0,0.0,0.0,0.0,0.0,0.0,0.0,0.0,0.0,0.0,0.0,0.0,0.0,0.0,0.0,0.0,0.0,0.0,0.0,0.0,0.0,0.0,0.0,0.0,0.0,0.0,0.0,0.0,0.0,0.0,0.0,0.0,0.0,0.0,0.0,0.0,0.0,0.0,0.0,0.0,0.0,0.0,0.0,0.0,0.0,0.0,0.0,0.0,0.0,0.0,0.0,0.0,0.0,0.0,0.0,0.0,0.0,0.0,0.0
847842484797058481624,Viel-Harkins-Mikheyev,2026020010,2026,TBL,NYR,AWAY,20261001,line,5on5,69.0,9.0,0.0,0.0,0.0,0.0,0.0,0.0,0.0,0.0,0.0,0.0,0.0,0.0,0.0,0.0,0.0,0.0,0.0,0.0,0.0,0.0,0.0,0.0,0.0,0.0,0.0,0.0,1.0,2.0,0.0,2.0,0.0,2.0,0.0,0.0,0.0,0.0,0.0,0.0,0.0,0.0,0.0,0.0,0.0,0.0,1.0,0.0,0.0,0.0,0.0,0.0,0.0,1.369,0.22,0.191,0.168,0.003,0.675,0.742,0.22,0.228,0.228,2.0,0.0,0.0,2.0,1.0,0.0,0.0,0.0,0.0,1.0,0.0,1.0,1.0,0.0,0.0,0.0,0.0,0.0,0.0,0.0,2.0,0.0,0.0,0.22,0.0,0.0,1.0,0.0,2.264,2.0,2.101,0.0,0.041,0.0,0.0,0.262,0.271,0.271
847954284809958483447,Hagel-Geekie-Holmberg,2026020010,2026,TBL,NYR,AWAY,20261001,line,5on5,11.0,21.0,1.0,1.0,1.0,0.623,0.007,0.069,0.045,0.001,0.372,0.506,0.007,0.007,0.007,0.0,1.0,0.0,1.0,0.0,0.0,0.0,0.0,0.0,0.0,1.0,0.0,1.0,0.0,0.0,0.0,0.0,0.0,0.0,1.0,0.0,0.0,0.007,0.0,0.0,0.0,0.0,0.0,0.895,1.0,0.954,0.0,0.016,0.0,0.0,0.023,0.022,0.022,0.0,0.0,0.0,0.0,0.0,0.0,0.0,0.0,0.0,0.0,0.0,0.0,0.0,0.0,0.0,0.0,0.0,0.0,0.0,0.0,0.0,0.0,0.0,0.0,0.0,0.0,1.0,0.0,0.0,0.0,0.0,0.0,0.0,0.0,0.0,0.0,0.0,0.0,0.0,0.0,0.0,0.0,0.0,0.0,0.0,0.0,0.0,0.0
84741518478416,Mcdonagh-Cernak,2026020010,2026,TBL,NYR,AWAY,20261001,pairing,5on5,686.0,1.0,0.7231,0.7143,0.7143,3.648,0.376,0.433,0.475,0.01,1.794,1.912,0.369,0.375,0.367,3.0,2.0,5.0,10.0,0.0,0.0,0.0,0.0,0.0,4.0,1.0,3.0,5.0,0.0,0.0,2.0,9.0,0.0,4.0,3.0,2.0,0.0,0.094,0.282,0.0,0.0,0.0,0.0,9.315,5.0,4.792,2.0,0.093,0.0,0.0,0.47,0.467,0.457,1.408,0.144,0.148,0.211,0.003,0.798,0.696,0.144,0.147,0.147,2.0,0.0,2.0,4.0,1.0,0.0,0.0,0.0,0.0,1.0,0.0,1.0,1.0,2.0,4.0,7.0,8.0,0.0,4.0,1.0,1.0,0.0,0.024,0.12,0.0,0.0,1.0,0.0,4.204,2.0,2.022,3.0,0.031,0.0,0.0,0.175,0.178,0.178
847970584816248483447,Viel-Geekie-Mikheyev,2026020010,2026,TBL,NYR,AWAY,20261001,line,5on5,63.0,10.0,0.0,0.5,0.0,0.0,0.0,0.0,0.0,0.0,0.0,0.0,0.0,0.0,0.0,0.0,0.0,1.0,1.0,0.0,0.0,0.0,0.0,0.0,0.0,0.0,0.0,0.0,0.0,0.0,0.0,0.0,0.0,0.0,0.0,0.0,0.0,0.0,0.0,0.0,0.0,0.0,0.0,0.895,0.0,0.0,0.0,0.0,0.0,0.0,0.0,0.0,0.0,0.0,0.0,0.0,0.0,0.0,0.0,0.0,0.0,0.0,0.0,0.0,0.0,1.0,1.0,0.0,0.0,0.0,0.0,0.0,0.0,0.0,0.0,0.0,0.0,0.0,0.0,0.0,0.0,1.0,0.0,0.0,0.0,0.0,0.0,0.0,0.0,0.0,0.0,1.132,0.0,0.0,1.0,0.0,0.0,0.0,0.0,0.0,0.0
847645384780108478519,Point-Cirelli-Kucherov,2026020010,2026,TBL,NYR,AWAY,20261001,line,5on5,10.0,23.0,0.0,0.0,0.0,0.0,0.0,0.0,0.0,0.0,0.0,0.0,0.0,0.0,0.0,0.0,0.0,0.0,0.0,0.0,0.0,0.0,0.0,0.0,0.0,0.0,0.0,0.0,0.0,0.0,1.0,0.0,0.0,1.0,0.0,0.0,0.0,0.0,0.0,0.0,0.0,0.0,0.0,0.0,0.0,0.0,0.0,0.0,0.0,0.0,0.0,0.0,0.0,0.0,0.0,0.0,0.0,0.0,0.0,0.0,0.0,0.0,0.0,0.0,0.0,0.0,0.0,0.0,0.0,0.0,0.0,0.0,0.0,0.0,0.0,0.0,0.0,0.0,0.0,0.0,0.0,0.0,0.0,0.0,0.0,0.0,0.0,0.0,0.0,0.0,0.0,0.0,0.0,0.0,0.0,0.0,0.0,0.0,0.0,0.0,0.0
847851984795428480995,Hagel-Cirelli-Holmberg,2026020010,2026,TBL,NYR,AWAY,20261001,line,5on5,16.0,19.0,1.0,1.0,1.0,0.727,0.05,0.061,0.115,0.004,0.367,0.402,0.05,0.049,0.049,1.0,0.0,0.0,1.0,0.0,0.0,0.0,0.0,0.0,1.0,0.0,1.0,1.0,0.0,0.0,0.0,0.0,0.0,0.0,1.0,0.0,0.0,0.05,0.0,0.0,0.0,0.0,0.0,0.936,1.0,0.954,0.0,0.013,0.0,0.0,0.063,0.062,0.062,0.0,0.0,0.0,0.0,0.0,0.0,0.0,0.0,0.0,0.0,0.0,0.0,0.0,0.0,0.0,0.0,0.0,0.0,0.0,0.0,0.0,0.0,0.0,1.0,2.0,0.0,0.0,0.0,0.0,0.0,0.0,0.0,0.0,0.0,0.0,0.0,0.0,0.0,0.0,0.0,0.0,0.0,0.0,0.0,0.0,0.0,0.0,0.0
84745908482655,Moser-Carlson,2026020010,2026,TBL,NYR,AWAY,20261001,pairing,5on5,569.0,3.0,0.3991,0.5185,0.4706,5.322,0.459,0.729,0.873,0.018,2.626,3.295,0.446,0.461,0.449,0.0,8.0,6.0,14.0,0.0,1.0,0.0,1.0,0.0,5.0,1.0,0.0,8.0,0.0,0.0,6.0,1.0,1.0,4.0,6.0,2.0,0.0,0.235,0.224,0.0,0.0,0.0,0.0,13.167,8.0,7.741,2.0,0.152,0.007,0.007,0.604,0.607,0.592,7.192,0.691,0.771,1.152,0.021,2.981,3.383,0.68,0.709,0.698,7.0,2.0,4.0,13.0,1.0,1.0,0.0,2.0,0.0,2.0,3.0,6.0,8.0,1.0,2.0,7.0,4.0,2.0,2.0,6.0,1.0,2.0,0.186,0.09,0.415,0.0,0.0,1.0,14.214,9.0,9.441,0.0,0.164,0.051,0.051,0.804,0.825,0.814
847931884795208479772,Duhaime-Matthews-Macewen,2026020002,2026,TOR,MTL,HOME,20260929,line,5on5,32.0,12.0,0.0,1.0,0.0,0.0,0.0,0.0,0.0,0.0,0.0,0.0,0.0,0.0,0.0,0.0,0.0,1.0,1.0,0.0,0.0,0.0,0.0,0.0,0.0,0.0,0.0,0.0,0.0,0.0,0.0,2.0,0.0,0.0,0.0,0.0,0.0,0.0,0.0,0.0,0.0,0.0,0.0,0.915,0.0,0.0,0.0,0.0,0.0,0.0,0.0,0.0,0.0,0.0,0.0,0.0,0.0,0.0,0.0,0.0,0.0,0.0,0.0,0.0,0.0,0.0,0.0,0.0,0.0,0.0,0.0,0.0,0.0,0.0,0.0,0.0,0.0,0.0,0.0,0.0,0.0,0.0,0.0,0.0,0.0,0.0,0.0,0.0,0.0,0.0,0.0,0.0,0.0,0.0,0.0,0.0,0.0,0.0,0.0,0.0,0.0
84756908476853,Rielly-Tanev,2026020002,2026,TOR,MTL,HOME,20260929,pairing,5on5,134.0,5.0,1.0,0.5,1.0,0.673,0.148,0.071,0.091,0.002,0.286,0.402,0.148,0.148,0.148,1.0,0.0,0.0,1.0,0.0,0.0,0.0,0.0,0.0,0.0,1.0,1.0,1.0,0.0,0.0,0.0,1.0,0.0,0.0,0.0,1.0,0.0,0.0,0.148,0.0,0.0,0.0,0.0,1.026,1.0,1.038,0.0,0.015,0.0,0.0,0.163,0.163,0.163,0.0,0.0,0.0,0.0,0.0,0.0,0.0,0.0,0.0,0.0,0.0,0.0,1.0,1.0,0.0,0.0,0.0,0.0,0.0,0.0,0.0,0.0,0.0,0.0,0.0,2.0,1.0,1.0,2.0,0.0,0.0,0.0,0.0,0.0,0.0,0.0,0.0,0.0,0.975,0.0,0.0,1.0,0.0,0.0,0.0,0.0,0.0,0.0
847742684841588486067,Mckenna-Paul-Cowan,2026020002,2026,TOR,MTL,HOME,20260929,line,5on5,34.0,11.0,0.0,0.0,0.0,0.0,0.0,0.0,0.0,0.0,0.0,0.0,0.0,0.0,0.0,0.0,0.0,0.0,0.0,0.0,0.0,0.0,0.0,0.0,0.0,0.0,0.0,0.0,0.0,0.0,0.0,1.0,0.0,0.0,0.0,0.0,0.0,0.0,0.0,0.0,0.0,0.0,0.0,0.0,0.0,0.0,0.0,0.0,0.0,0.0,0.0,0.0,0.0,0.0,0.0,0.0,0.0,0.0,0.0,0.0,0.0,0.0,0.0,0.0,0.0,0.0,0.0,0.0,0.0,0.0,0.0,0.0,0.0,0.0,0.0,0.0,0.0,0.0,0.0,0.0,0.0,0.0,0.0,0.0,0.0,0.0,0.0,0.0,0.0,0.0,0.0,0.0,0.0,0.0,0.0,0.0,0.0,0.0,0.0,0.0,0.0
847742684841588486067,Mckenna-Paul-Cowan,2026020008,2026,TOR,NYI,HOME,20260930,line,5on5,95.0,6.0,1.0,1.0,1.0,0.666,0.102,0.073,0.109,0.002,0.292,0.421,0.102,0.103,0.103,1.0,0.0,0.0,1.0,0.0,0.0,0.0,0.0,0.0,1.0,0.0,1.0,1.0,0.0,0.0,0.0,0.0,0.0,0.0,0.0,1.0,0.0,0.0,0.102,0.0,0.0,0.0,0.0,1.074,1.0,1.05,0.0,0.015,0.0,0.0,0.117,0.118,0.118,0.0,0.0,0.0,0.0,0.0,0.0,0.0,0.0,0.0,0.0,0.0,0.0,0.0,0.0,0.0,0.0,0.0,0.0,0.0,0.0,0.0,0.0,0.0,0.0,0.0,0.0,0.0,1.0,1.0,0.0,0.0,0.0,0.0,0.0,0.0,0.0,0.0,0.0,0.0,0.0,0.0,1.0,0.0,0.0,0.0,0.0,0.0,0.0
847692784797728484158,Cowan-Blueger-Macewen,2026020002,2026,TOR,MTL,HOME,20260929,line,5on5,22.0,20.0,0.0,0.0,0.0,0.0,0.0,0.0,0.0,0.0,0.0,0.0,0.0,0.0,0.0,0.0,0.0,0.0,0.0,0.0,0.0,0.0,0.0,0.0,0.0,0.0,0.0,0.0,0.0,0.0,0.0,2.0,0.0,0.0,0.0,0.0,0.0,0.0,0.0,0.0,0.0,0.0,0.0,0.0,0.0,0.0,0.0,0.0,0.0,0.0,0.0,0.0,0.0,0.0,0.0,0.0,0.0,0.0,0.0,0.0,0.0,0.0,0.0,0.0,0.0,0.0,0.0,0.0,0.0,0.0,0.0,0.0,0.0,0.0,0.0,0.0,0.0,0.0,0.0,0.0,0.0,0.0,0.0,0.0,0.0,0.0,0.0,0.0,0.0,0.0,0.0,0.0,0.0,0.0,0.0,0.0,0.0,0.0,0.0,0.0,0.0
847516684769258484158,Sissons-Tavares-Cowan,2026020002,2026,TOR,MTL,HOME,20260929,line,5on5,22.0,18.0,0.0,0.0,0.0,0.0,0.0,0.0,0.0,0.0,0.0,0.0,0.0,0.0,0.0,0.0,0.0,0.0,0.0,0.0,0.0,0.0,0.0,0.0,0.0,0.0,0.0,0.0,0.0,0.0,0.0,1.0,0.0,0.0,0.0,0.0,0.0,0.0,0.0,0.0,0.0,0.0,0.0,0.0,0.0,0.0,0.0,0.0,0.0,0.0,0.0,0.0,0.0,0.0,0.0,0.0,0.0,0.0,0.0,0.0,0.0,0.0,0.0,0.0,0.0,0.0,0.0,0.0,0.0,0.0,0.0,0.0,0.0,0.0,0.0,0.0,0.0,0.0,0.0,0.0,0.0,0.0,0.0,0.0,0.0,0.0,0.0,0.0,0.0,0.0,0.0,0.0,0.0,0.0,0.0,0.0,0.0,0.0,0.0,0.0,0.0
84751718475690,Ekman-Larsson-Tanev,2026020002,2026,TOR,MTL,HOME,20260929,pairing,5on5,132.0,6.0,0.7538,0.2857,0.5,1.674,0.196,0.198,0.341,0.002,0.669,0.594,0.196,0.181,0.181,1.0,1.0,0.0,2.0,0.0,0.0,0.0,0.0,0.0,1.0,1.0,1.0,2.0,0.0,0.0,2.0,0.0,0.0,0.0,1.0,1.0,0.0,0.008,0.187,0.0,0.0,0.0,0.0,1.941,2.0,1.955,0.0,0.039,0.0,0.0,0.235,0.218,0.218,1.31,0.064,0.13,0.249,0.005,0.71,0.842,0.064,0.068,0.067,1.0,1.0,3.0,5.0,0.0,0.0,0.0,0.0,0.0,1.0,1.0,1.0,2.0,0.0,0.0,0.0,3.0,0.0,0.0,2.0,0.0,0.0,0.064,0.0,0.0,0.0,0.0,0.0,4.989,2.0,2.061,0.0,0.026,0.0,0.0,0.09,0.095,0.093
84751718475690,Ekman-Larsson-Tanev,2026020008,2026,TOR,NYI,HOME,20260930,pairing,5on5,75.0,4.0,0.0,0.0,0.0,0.0,0.0,0.0,0.0,0.0,0.0,0.0,0.0,0.0,0.0,0.0,0.0,0.0,0.0,0.0,0.0,0.0,0.0,0.0,0.0,0.0,0.0,0.0,0.0,0.0,0.0,0.0,0.0,0.0,0.0,0.0,0.0,0.0,0.0,0.0,0.0,0.0,0.0,0.0,0.0,0.0,0.0,0.0,0.0,0.0,0.0,0.0,0.0,2.244,0.223,0.219,0.52,0.006,1.088,0.944,0.212,0.22,0.21,3.0,0.0,0.0,3.0,0.0,1.0,0.0,1.0,0.0,0.0,1.0,3.0,3.0,0.0,0.0,0.0,0.0,1.0,0.0,1.0,2.0,0.0,0.013,0.21,0.0,0.0,0.0,0.0,2.808,3.0,2.863,0.0,0.044,0.094,0.094,0.173,0.171,0.169
847692584774268486067,Paul-Sissons-Mckenna,2026020002,2026,TOR,MTL,HOME,20260929,line,5on5,67.0,7.0,0.0,0.0,0.0,0.0,0.0,0.0,0.0,0.0,0.0,0.0,0.0,0.0,0.0,0.0,0.0,0.0,0.0,0.0,0.0,0.0,0.0,0.0,0.0,0.0,0.0,0.0,0.0,0.0,1.0,0.0,0.0,0.0,0.0,0.0,0.0,0.0,0.0,0.0,0.0,0.0,0.0,0.0,0.0,0.0,0.0,0.0,0.0,0.0,0.0,0.0,0.0,1.599,0.099,0.158,0.305,0.004,0.681,0.754,0.098,0.109,0.108,1.0,1.0,0.0,2.0,0.0,0.0,0.0,1.0,0.0,0.0,1.0,1.0,2.0,0.0,0.0,1.0,0.0,0.0,0.0,1.0,1.0,0.0,0.011,0.088,0.0,0.0,0.0,0.0,2.206,2.0,2.201,0.0,0.032,0.0,0.0,0.132,0.144,0.143
847692584774268486067,Paul-Sissons-Mckenna,2026020008,2026,TOR,NYI,HOME,20260930,line,5on5,10.0,18.0,0.0,0.0,0.0,0.0,0.0,0.0,0.0,0.0,0.0,0.0,0.0,0.0,0.0,0.0,0.0,0.0,0.0,0.0,0.0,0.0,0.0,0.0,0.0,0.0,0.0,0.0,0.0,0.0,0.0,0.0,0.0,0.0,0.0,0.0,0.0,0.0,0.0,0.0,0.0,0.0,0.0,0.0,0.0,0.0,0.0,0.0,0.0,0.0,0.0,0.0,0.0,0.0,0.0,0.0,0.0,0.0,0.0,0.0,0.0,0.0,0.0,0.0,0.0,0.0,0.0,0.0,0.0,0.0,0.0,0.0,0.0,0.0,0.0,0.0,0.0,0.0,0.0,0.0,0.0,1.0,0.0,0.0,0.0,0.0,0.0,0.0,0.0,0.0,0.0,0.0,0.0,0.0,1.0,0.0,0.0,0.0,0.0,0.0,0.0
847692784795208480870,Duhaime-Blueger-Groulx,2026020008,2026,TOR,NYI,HOME,20260930,line,5on5,395.0,3.0,0.5178,0.2308,0.3333,1.867,0.131,0.192,0.381,0.005,1.182,1.108,0.131,0.133,0.133,2.0,1.0,0.0,3.0,0.0,0.0,0.0,1.0,0.0,2.0,0.0,2.0,3.0,0.0,0.0,4.0,5.0,0.0,4.0,3.0,0.0,0.0,0.131,0.0,0.0,0.0,0.0,0.0,3.222,3.0,3.151,1.0,0.04,0.0,0.0,0.171,0.173,0.173,4.223,0.122,0.289,0.737,0.015,2.14,2.698,0.122,0.121,0.121,4.0,2.0,4.0,10.0,0.0,0.0,0.0,1.0,0.0,4.0,1.0,4.0,6.0,0.0,0.0,2.0,3.0,1.0,1.0,6.0,0.0,0.0,0.122,0.0,0.0,0.0,0.0,0.0,9.648,6.0,5.802,0.0,0.058,0.0,0.0,0.18,0.179,0.179
847692784779398479520,Duhaime-Blueger-Nylander,2026020002,2026,TOR,MTL,HOME,20260929,line,5on5,41.0,9.0,1.0,1.0,1.0,0.741,0.011,0.055,0.2,0.001,0.341,0.392,0.011,0.01,0.01,1.0,0.0,1.0,2.0,0.0,0.0,0.0,0.0,0.0,1.0,0.0,1.0,1.0,0.0,0.0,0.0,0.0,0.0,0.0,1.0,0.0,0.0,0.011,0.0,0.0,0.0,0.0,0.0,1.83,1.0,0.916,0.0,0.011,0.0,0.0,0.022,0.02,0.02,0.0,0.0,0.0,0.0,0.0,0.0,0.0,0.0,0.0,0.0,0.0,0.0,0.0,0.0,0.0,0.0,0.0,0.0,0.0,0.0,0.0,0.0,0.0,0.0,0.0,1.0,0.0,0.0,1.0,0.0,0.0,0.0,0.0,0.0,0.0,0.0,0.0,0.0,0.0,0.0,0.0,1.0,0.0,0.0,0.0,0.0,0.0,0.0
847742684808708484158,Groulx-Paul-Cowan,2026020008,2026,TOR,NYI,HOME,20260930,line,5on5,10.0,17.0,1.0,1.0,1.0,0.725,0.027,0.065,0.099,0.001,0.388,0.42,0.027,0.027,0.027,1.0,0.0,0.0,1.0,0.0,0.0,0.0,0.0,0.0,0.0,1.0,1.0,1.0,0.0,0.0,0.0,0.0,0.0,0.0,1.0,0.0,0.0,0.027,0.0,0.0,0.0,0.0,0.0,1.074,1.0,1.05,0.0,0.014,0.0,0.0,0.04,0.041,0.041,0.0,0.0,0.0,0.0,0.0,0.0,0.0,0.0,0.0,0.0,0.0,0.0,0.0,0.0,0.0,0.0,0.0,0.0,0.0,0.0,0.0,0.0,0.0,0.0,0.0,0.0,0.0,0.0,0.0,0.0,0.0,0.0,0.0,0.0,0.0,0.0,0.0,0.0,0.0,0.0,0.0,0.0,0.0,0.0,0.0,0.0,0.0,0.0
847516684769258486067,Mckenna-Tavares-Sissons,2026020002,2026,TOR,MTL,HOME,20260929,line,5on5,52.0,8.0,0.8636,0.6667,0.6667,1.886,0.133,0.339,0.225,0.006,0.597,0.701,0.128,0.127,0.123,1.0,1.0,0.0,2.0,0.0,1.0,0.0,0.0,0.0,1.0,0.0,1.0,2.0,0.0,0.0,1.0,0.0,0.0,1.0,2.0,0.0,0.0,0.133,0.0,0.0,0.0,0.0,0.0,1.94,2.0,1.942,1.0,0.074,0.069,0.069,0.138,0.132,0.129,0.768,0.021,0.063,0.084,0.001,0.266,0.566,0.021,0.022,0.022,1.0,0.0,0.0,1.0,0.0,0.0,0.0,0.0,0.0,0.0,1.0,1.0,1.0,0.0,0.0,0.0,0.0,0.0,0.0,1.0,0.0,0.0,0.021,0.0,0.0,0.0,0.0,0.0,1.032,1.0,1.03,0.0,0.013,0.0,0.0,0.034,0.036,0.036
847516684784588480893,Roslovic-Tavares-Marchenko,2026020002,2026,TOR,MTL,HOME,20260929,line,5on5,14.0,24.0,0.0,0.0,0.0,0.0,0.0,0.0,0.0,0.0,0.0,0.0,0.0,0.0,0.0,0.0,0.0,0.0,0.0,0.0,0.0,0.0,0.0,0.0,0.0,0.0,0.0,0.0,0.0,0.0,0.0,0.0,0.0,0.0,0.0,0.0,0.0,0.0,0.0,0.0,0.0,0.0,0.0,0.0,0.0,0.0,0.0,0.0,0.0,0.0,0.0,0.0,0.0,0.71,0.001,0.047,0.134,0.001,0.509,0.309,0.001,0.001,0.001,1.0,0.0,0.0,1.0,0.0,0.0,0.0,1.0,0.0,0.0,0.0,1.0,1.0,0.0,0.0,0.0,2.0,0.0,0.0,1.0,0.0,0.0,0.001,0.0,0.0,0.0,0.0,0.0,1.032,1.0,1.03,0.0,0.01,0.0,0.0,0.011,0.011,0.011
847742684795208480870,Duhaime-Paul-Groulx,2026020008,2026,TOR,NYI,HOME,20260930,line,5on5,18.0,15.0,0.0,1.0,0.0,0.0,0.0,0.0,0.0,0.0,0.0,0.0,0.0,0.0,0.0,0.0,0.0,1.0,1.0,0.0,0.0,0.0,0.0,0.0,0.0,0.0,0.0,0.0,0.0,0.0,0.0,0.0,0.0,0.0,0.0,0.0,0.0,0.0,0.0,0.0,0.0,0.0,0.0,1.074,0.0,0.0,0.0,0.0,0.0,0.0,0.0,0.0,0.0,0.0,0.0,0.0,0.0,0.0,0.0,0.0,0.0,0.0,0.0,0.0,0.0,0.0,0.0,0.0,0.0,0.0,0.0,0.0,0.0,0.0,0.0,0.0,0.0,0.0,0.0,0.0,0.0,0.0,0.0,0.0,0.0,0.0,0.0,0.0,0.0,0.0,0.0,0.0,0.0,0.0,0.0,0.0,0.0,0.0,0.0,0.0,0.0
84751718476853,Rielly-Ekman-Larsson,2026020008,2026,TOR,NYI,HOME,20260930,pairing,5on5,37.0,9.0,1.0,1.0,1.0,0.666,0.102,0.073,0.109,0.002,0.292,0.421,0.102,0.103,0.103,1.0,0.0,1.0,2.0,0.0,0.0,0.0,0.0,0.0,1.0,0.0,1.0,1.0,0.0,0.0,0.0,0.0,0.0,0.0,0.0,1.0,0.0,0.0,0.102,0.0,0.0,0.0,0.0,2.148,1.0,1.05,0.0,0.015,0.0,0.0,0.117,0.118,0.118,0.0,0.0,0.0,0.0,0.0,0.0,0.0,0.0,0.0,0.0,0.0,0.0,0.0,0.0,0.0,0.0,0.0,0.0,0.0,0.0,0.0,0.0,0.0,0.0,0.0,0.0,0.0,1.0,1.0,0.0,0.0,0.0,0.0,0.0,0.0,0.0,0.0,0.0,0.0,0.0,0.0,1.0,0.0,0.0,0.0,0.0,0.0,0.0
84769318478178,Mccabe-Raddysh,2026020002,2026,TOR,MTL,HOME,20260929,pairing,5on5,40.0,11.0,1.0,1.0,1.0,0.741,0.011,0.055,0.2,0.001,0.341,0.392,0.011,0.01,0.01,1.0,0.0,1.0,2.0,0.0,0.0,0.0,0.0,0.0,1.0,0.0,1.0,1.0,0.0,0.0,0.0,0.0,0.0,0.0,1.0,0.0,0.0,0.011,0.0,0.0,0.0,0.0,0.0,1.83,1.0,0.916,0.0,0.011,0.0,0.0,0.022,0.02,0.02,0.0,0.0,0.0,0.0,0.0,0.0,0.0,0.0,0.0,0.0,0.0,0.0,0.0,0.0,0.0,0.0,0.0,0.0,0.0,0.0,0.0,0.0,0.0,0.0,0.0,0.0,0.0,0.0,3.0,0.0,0.0,0.0,0.0,0.0,0.0,0.0,0.0,0.0,0.0,0.0,0.0,2.0,0.0,0.0,0.0,0.0,0.0,0.0
84769318478178,Mccabe-Raddysh,2026020008,2026,TOR,NYI,HOME,20260930,pairing,5on5,53.0,8.0,0.5133,0.5,0.5,0.793,0.135,0.085,0.092,0.002,0.326,0.359,0.135,0.137,0.137,0.0,1.0,0.0,1.0,0.0,0.0,0.0,0.0,0.0,0.0,1.0,0.0,1.0,1.0,2.0,0.0,0.0,0.0,1.0,0.0,1.0,0.0,0.0,0.135,0.0,0.0,0.0,0.0,1.074,1.0,1.05,0.0,0.019,0.0,0.0,0.154,0.156,0.156,0.769,0.128,0.07,0.103,0.003,0.298,0.398,0.128,0.127,0.127,0.0,1.0,0.0,1.0,0.0,0.0,0.0,0.0,0.0,0.0,1.0,0.0,1.0,0.0,0.0,0.0,1.0,0.0,0.0,0.0,1.0,0.0,0.0,0.128,0.0,0.0,0.0,0.0,0.936,1.0,0.954,0.0,0.015,0.0,0.0,0.143,0.142,0.142
847692584774268484158,Paul-Sissons-Cowan,2026020002,2026,TOR,MTL,HOME,20260929,line,5on5,441.0,3.0,0.9083,0.6667,0.75,1.867,0.099,0.218,0.31,0.009,1.061,1.302,0.099,0.092,0.092,2.0,1.0,1.0,4.0,0.0,0.0,0.0,0.0,0.0,2.0,1.0,2.0,3.0,1.0,2.0,1.0,6.0,1.0,1.0,3.0,0.0,0.0,0.099,0.0,0.0,0.0,0.0,0.0,3.737,3.0,2.859,0.0,0.044,0.0,0.0,0.144,0.134,0.134,0.799,0.01,0.056,0.189,0.002,0.389,0.354,0.01,0.01,0.01,0.0,1.0,1.0,2.0,0.0,0.0,0.0,0.0,0.0,1.0,0.0,0.0,1.0,1.0,2.0,8.0,7.0,0.0,4.0,1.0,0.0,0.0,0.01,0.0,0.0,0.0,0.0,0.0,2.078,1.0,0.964,3.0,0.011,0.0,0.0,0.022,0.022,0.022
847692584774268484158,Paul-Sissons-Cowan,2026020008,2026,TOR,NYI,HOME,20260930,line,5on5,354.0,4.0,0.5909,0.625,0.6154,6.072,0.364,0.791,0.966,0.011,3.166,2.703,0.35,0.359,0.346,5.0,3.0,2.0,10.0,1.0,1.0,0.0,2.0,0.0,3.0,1.0,4.0,7.0,1.0,2.0,9.0,5.0,0.0,4.0,6.0,2.0,0.0,0.19,0.174,0.0,0.0,1.0,0.0,10.332,8.0,8.221,1.0,0.172,0.037,0.037,0.499,0.497,0.482,3.368,0.252,0.354,0.676,0.01,1.868,1.841,0.251,0.255,0.254,3.0,2.0,1.0,6.0,0.0,1.0,0.0,1.0,0.0,1.0,2.0,3.0,5.0,0.0,0.0,0.0,3.0,0.0,2.0,3.0,2.0,0.0,0.032,0.22,0.0,0.0,0.0,0.0,6.0,5.0,5.0,2.0,0.074,0.091,0.091,0.234,0.235,0.233
847845884793188486067,Mckenna-Matthews-Roslovic,2026020002,2026,TOR,MTL,HOME,20260929,line,5on5,28.0,15.0,0.0,0.0,0.0,0.0,0.0,0.0,0.0,0.0,0.0,0.0,0.0,0.0,0.0,0.0,0.0,0.0,0.0,0.0,0.0,0.0,0.0,0.0,0.0,0.0,0.0,0.0,0.0,0.0,0.0,0.0,0.0,2.0,0.0,0.0,0.0,0.0,0.0,0.0,0.0,0.0,0.0,0.0,0.0,0.0,0.0,0.0,0.0,0.0,0.0,0.0,0.0,0.558,0.092,0.092,0.059,0.004,0.33,0.423,0.092,0.097,0.097,0.0,1.0,0.0,1.0,0.0,0.0,0.0,0.0,0.0,0.0,1.0,0.0,1.0,0.0,0.0,0.0,0.0,0.0,0.0,0.0,1.0,0.0,0.0,0.092,0.0,0.0,0.0,0.0,1.032,1.0,1.03,0.0,0.02,0.0,0.0,0.112,0.117,0.117
847845884793188486067,Mckenna-Matthews-Roslovic,2026020008,2026,TOR,NYI,HOME,20260930,line,5on5,22.0,13.0,0.0,0.0,0.0,0.0,0.0,0.0,0.0,0.0,0.0,0.0,0.0,0.0,0.0,0.0,0.0,0.0,0.0,0.0,0.0,0.0,0.0,0.0,0.0,0.0,0.0,0.0,0.0,0.0,1.0,0.0,0.0,0.0,0.0,0.0,0.0,0.0,0.0,0.0,0.0,0.0,0.0,0.0,0.0,0.0,0.0,0.0,0.0,0.0,0.0,0.0,0.0,0.0,0.0,0.0,0.0,0.0,0.0,0.0,0.0,0.0,0.0,0.0,0.0,0.0,0.0,0.0,0.0,0.0,0.0,0.0,0.0,0.0,0.0,0.0,0.0,0.0,0.0,0.0,0.0,0.0,0.0,0.0,0.0,0.0,0.0,0.0,0.0,0.0,0.0,0.0,0.0,0.0,0.0,0.0,0.0,0.0,0.0,0.0,0.0
847742684779398486067,Mckenna-Paul-Nylander,2026020002,2026,TOR,MTL,HOME,20260929,line,5on5,24.0,16.0,0.0,0.0,0.0,0.0,0.0,0.0,0.0,0.0,0.0,0.0,0.0,0.0,0.0,0.0,0.0,0.0,0.0,0.0,0.0,0.0,0.0,0.0,0.0,0.0,0.0,0.0,0.0,0.0,0.0,0.0,0.0,0.0,0.0,0.0,0.0,0.0,0.0,0.0,0.0,0.0,0.0,0.0,0.0,0.0,0.0,0.0,0.0,0.0,0.0,0.0,0.0,0.681,0.011,0.052,0.165,0.001,0.329,0.442,0.011,0.012,0.012,1.0,0.0,1.0,2.0,0.0,0.0,0.0,0.0,0.0,0.0,1.0,1.0,1.0,0.0,0.0,0.0,0.0,0.0,0.0,1.0,0.0,0.0,0.011,0.0,0.0,0.0,0.0,0.0,2.078,1.0,1.1,0.0,0.01,0.0,0.0,0.021,0.023,0.023
847692584793188479520,Duhaime-Matthews-Sissons,2026020008,2026,TOR,NYI,HOME,20260930,line,5on5,21.0,14.0,0.0,0.0,0.0,0.0,0.0,0.0,0.0,0.0,0.0,0.0,0.0,0.0,0.0,0.0,0.0,0.0,0.0,0.0,0.0,0.0,0.0,0.0,0.0,0.0,0.0,0.0,0.0,0.0,0.0,0.0,0.0,0.0,0.0,0.0,0.0,0.0,0.0,0.0,0.0,0.0,0.0,0.0,0.0,0.0,0.0,0.0,0.0,0.0,0.0,0.0,0.0,0.0,0.0,0.0,0.0,0.0,0.0,0.0,0.0,0.0,0.0,0.0,0.0,0.0,0.0,0.0,0.0,0.0,0.0,0.0,0.0,0.0,0.0,0.0,0.0,0.0,0.0,1.0,0.0,0.0,0.0,0.0,0.0,0.0,0.0,0.0,0.0,0.0,0.0,0.0,0.0,0.0,0.0,0.0,0.0,0.0,0.0,0.0,0.0
847692584769278484158,Sissons-Blueger-Cowan,2026020002,2026,TOR,MTL,HOME,20260929,line,5on5,30.0,14.0,0.0,0.0,0.0,0.0,0.0,0.0,0.0,0.0,0.0,0.0,0.0,0.0,0.0,0.0,0.0,0.0,0.0,0.0,0.0,0.0,0.0,0.0,0.0,0.0,0.0,0.0,0.0,0.0,0.0,0.0,0.0,1.0,0.0,0.0,0.0,0.0,0.0,0.0,0.0,0.0,0.0,0.0,0.0,0.0,0.0,0.0,0.0,0.0,0.0,0.0,0.0,0.0,0.0,0.0,0.0,0.0,0.0,0.0,0.0,0.0,0.0,0.0,0.0,1.0,1.0,0.0,0.0,0.0,0.0,0.0,0.0,0.0,0.0,0.0,0.0,0.0,0.0,2.0,1.0,0.0,0.0,0.0,0.0,0.0,0.0,0.0,0.0,0.0,0.0,1.103,0.0,0.0,0.0,0.0,0.0,0.0,0.0,0.0,0.0
84756908478178,Raddysh-Tanev,2026020002,2026,TOR,MTL,HOME,20260929,pairing,5on5,78.0,8.0,1.0,1.0,1.0,0.585,0.048,0.071,0.144,0.002,0.404,0.331,0.048,0.048,0.048,1.0,0.0,0.0,1.0,0.0,0.0,0.0,0.0,0.0,0.0,1.0,1.0,1.0,0.0,0.0,1.0,1.0,0.0,0.0,1.0,0.0,0.0,0.048,0.0,0.0,0.0,0.0,0.0,1.026,1.0,1.038,0.0,0.014,0.0,0.0,0.062,0.062,0.062,0.0,0.0,0.0,0.0,0.0,0.0,0.0,0.0,0.0,0.0,0.0,0.0,0.0,0.0,0.0,0.0,0.0,0.0,0.0,0.0,0.0,0.0,0.0,0.0,0.0,1.0,3.0,0.0,1.0,0.0,0.0,0.0,0.0,0.0,0.0,0.0,0.0,0.0,0.0,0.0,0.0,0.0,0.0,0.0,0.0,0.0,0.0,0.0
847692784784588484158,Roslovic-Blueger-Cowan,2026020008,2026,TOR,NYI,HOME,20260930,line,5on5,46.0,9.0,0.0,0.0,0.0,0.0,0.0,0.0,0.0,0.0,0.0,0.0,0.0,0.0,0.0,0.0,0.0,0.0,0.0,0.0,0.0,0.0,0.0,0.0,0.0,0.0,0.0,0.0,0.0,0.0,0.0,1.0,0.0,0.0,0.0,0.0,0.0,0.0,0.0,0.0,0.0,0.0,0.0,0.0,0.0,0.0,0.0,0.0,0.0,0.0,0.0,0.0,0.0,0.572,0.029,0.077,0.185,0.001,0.407,0.3,0.029,0.03,0.03,0.0,1.0,0.0,1.0,0.0,0.0,0.0,0.0,0.0,1.0,0.0,0.0,1.0,0.0,0.0,1.0,1.0,0.0,0.0,1.0,0.0,0.0,0.029,0.0,0.0,0.0,0.0,0.0,0.975,1.0,0.964,0.0,0.015,0.0,0.0,0.045,0.045,0.045
847931884795208480893,Duhaime-Matthews-Marchenko,2026020008,2026,TOR,NYI,HOME,20260930,line,5on5,74.0,7.0,0.0,0.0,0.0,0.0,0.0,0.0,0.0,0.0,0.0,0.0,0.0,0.0,0.0,0.0,0.0,0.0,0.0,0.0,0.0,0.0,0.0,0.0,0.0,0.0,0.0,0.0,0.0,0.0,1.0,0.0,0.0,0.0,0.0,0.0,0.0,0.0,0.0,0.0,0.0,0.0,0.0,0.0,0.0,0.0,0.0,0.0,0.0,0.0,0.0,0.0,0.0,2.804,0.074,0.251,0.674,0.004,1.61,1.388,0.072,0.074,0.072,0.0,4.0,0.0,4.0,0.0,0.0,0.0,0.0,0.0,3.0,1.0,0.0,4.0,0.0,0.0,1.0,0.0,0.0,0.0,4.0,0.0,0.0,0.074,0.0,0.0,0.0,0.0,0.0,3.9,4.0,3.857,0.0,0.05,0.0,0.0,0.124,0.124,0.12
847742684797728484158,Cowan-Paul-Macewen,2026020002,2026,TOR,MTL,HOME,20260929,line,5on5,20.0,22.0,0.0,0.0,0.0,0.0,0.0,0.0,0.0,0.0,0.0,0.0,0.0,0.0,0.0,0.0,0.0,0.0,0.0,0.0,0.0,0.0,0.0,0.0,0.0,0.0,0.0,0.0,0.0,0.0,0.0,0.0,0.0,1.0,0.0,0.0,0.0,0.0,0.0,0.0,0.0,0.0,0.0,0.0,0.0,0.0,0.0,0.0,0.0,0.0,0.0,0.0,0.0,0.77,0.006,0.048,0.187,0.001,0.344,0.414,0.006,0.006,0.006,1.0,0.0,0.0,1.0,0.0,0.0,0.0,1.0,0.0,0.0,0.0,1.0,1.0,0.0,0.0,0.0,0.0,0.0,0.0,1.0,0.0,0.0,0.006,0.0,0.0,0.0,0.0,0.0,1.032,1.0,1.03,0.0,0.009,0.0,0.0,0.015,0.016,0.016
847692584774268479520,Duhaime-Paul-Sissons,2026020002,2026,TOR,MTL,HOME,20260929,line,5on5,30.0,13.0,1.0,1.0,1.0,0.651,0.007,0.045,0.167,0.002,0.371,0.408,0.007,0.006,0.006,0.0,1.0,1.0,2.0,0.0,0.0,0.0,1.0,0.0,0.0,0.0,0.0,1.0,0.0,0.0,0.0,0.0,0.0,0.0,1.0,0.0,0.0,0.007,0.0,0.0,0.0,0.0,0.0,1.83,1.0,0.916,0.0,0.009,0.0,0.0,0.016,0.014,0.014,0.0,0.0,0.0,0.0,0.0,0.0,0.0,0.0,0.0,0.0,0.0,0.0,0.0,0.0,0.0,0.0,0.0,0.0,0.0,0.0,0.0,0.0,0.0,0.0,0.0,0.0,0.0,0.0,0.0,0.0,0.0,0.0,0.0,0.0,0.0,0.0,0.0,0.0,0.0,0.0,0.0,0.0,0.0,0.0,0.0,0.0,0.0,0.0
84756908479442,Tanev-Stecher,2026020002,2026,TOR,MTL,HOME,20260929,pairing,5on5,55.0,10.0,0.0,0.0,0.0,0.0,0.0,0.0,0.0,0.0,0.0,0.0,0.0,0.0,0.0,0.0,0.0,0.0,0.0,0.0,0.0,0.0,0.0,0.0,0.0,0.0,0.0,0.0,0.0,0.0,0.0,1.0,0.0,2.0,0.0,0.0,0.0,0.0,0.0,0.0,0.0,0.0,0.0,0.0,0.0,0.0,2.0,0.0,0.0,0.0,0.0,0.0,0.0,2.263,0.234,0.209,0.422,0.006,1.021,1.108,0.228,0.246,0.239,2.0,1.0,0.0,3.0,0.0,0.0,0.0,0.0,0.0,2.0,1.0,2.0,3.0,0.0,0.0,0.0,2.0,1.0,0.0,2.0,1.0,0.0,0.035,0.199,0.0,0.0,0.0,0.0,3.096,3.0,3.091,0.0,0.044,0.0,0.0,0.278,0.292,0.285
84756908479442,Tanev-Stecher,2026020008,2026,TOR,NYI,HOME,20260930,pairing,5on5,35.0,10.0,0.0,0.0,0.0,0.0,0.0,0.0,0.0,0.0,0.0,0.0,0.0,0.0,0.0,0.0,0.0,0.0,0.0,0.0,0.0,0.0,0.0,0.0,0.0,0.0,0.0,0.0,0.0,0.0,0.0,0.0,0.0,0.0,0.0,0.0,0.0,0.0,0.0,0.0,0.0,0.0,0.0,0.0,0.0,0.0,0.0,0.0,0.0,0.0,0.0,0.0,0.0,0.921,0.168,0.145,0.202,0.001,0.243,0.241,0.168,0.165,0.165,1.0,0.0,0.0,1.0,0.0,0.0,0.0,0.0,0.0,0.0,1.0,1.0,1.0,0.0,0.0,0.0,0.0,0.0,0.0,0.0,1.0,0.0,0.0,0.168,0.0,0.0,0.0,0.0,0.936,1.0,0.954,0.0,0.032,0.0,0.0,0.199,0.197,0.197
84756908476931,Mccabe-Tanev,2026020002,2026,TOR,MTL,HOME,20260929,pairing,5on5,558.0,3.0,0.8019,0.6667,0.7,4.985,0.336,0.548,0.95,0.015,2.504,2.647,0.336,0.312,0.312,6.0,1.0,1.0,8.0,0.0,0.0,0.0,3.0,0.0,0.0,4.0,6.0,7.0,1.0,2.0,4.0,7.0,0.0,2.0,5.0,2.0,0.0,0.086,0.25,0.0,0.0,0.0,0.0,7.54,7.0,6.634,0.0,0.112,0.0,0.0,0.448,0.417,0.417,2.058,0.083,0.152,0.296,0.01,0.871,1.587,0.083,0.09,0.09,2.0,1.0,1.0,4.0,0.0,0.0,0.0,1.0,0.0,1.0,1.0,2.0,3.0,2.0,4.0,6.0,6.0,1.0,1.0,3.0,0.0,0.0,0.083,0.0,0.0,0.0,0.0,0.0,4.412,3.0,3.301,1.0,0.031,0.0,0.0,0.114,0.124,0.124
84756908476931,Mccabe-Tanev,2026020008,2026,TOR,NYI,HOME,20260930,pairing,5on5,728.0,2.0,0.2608,0.28,0.2778,3.675,0.175,0.458,0.611,0.006,2.02,1.731,0.175,0.177,0.177,3.0,2.0,2.0,7.0,0.0,0.0,0.0,3.0,0.0,1.0,1.0,3.0,5.0,0.0,0.0,12.0,5.0,1.0,6.0,5.0,0.0,0.0,0.175,0.0,0.0,0.0,0.0,0.0,7.518,5.0,5.252,3.0,0.104,0.0,0.0,0.278,0.282,0.282,9.383,0.496,1.06,1.864,0.019,4.676,4.886,0.493,0.499,0.496,7.0,6.0,5.0,18.0,0.0,1.0,0.0,3.0,0.0,7.0,2.0,7.0,13.0,2.0,4.0,4.0,7.0,0.0,3.0,11.0,2.0,0.0,0.313,0.183,0.0,0.0,0.0,0.0,17.58,13.0,12.751,2.0,0.218,0.091,0.091,0.622,0.622,0.617
847516684808708486067,Mckenna-Tavares-Groulx,2026020008,2026,TOR,NYI,HOME,20260930,line,5on5,35.0,10.0,1.0,1.0,1.0,0.647,0.022,0.057,0.179,0.001,0.292,0.449,0.022,0.022,0.022,0.0,1.0,1.0,2.0,0.0,0.0,0.0,0.0,0.0,1.0,0.0,0.0,1.0,0.0,0.0,0.0,0.0,0.0,0.0,1.0,0.0,0.0,0.022,0.0,0.0,0.0,0.0,0.0,2.052,1.0,1.038,0.0,0.011,0.0,0.0,0.033,0.033,0.033,0.0,0.0,0.0,0.0,0.0,0.0,0.0,0.0,0.0,0.0,0.0,0.0,0.0,0.0,0.0,0.0,0.0,0.0,0.0,0.0,0.0,0.0,0.0,1.0,2.0,0.0,0.0,0.0,0.0,0.0,0.0,0.0,0.0,0.0,0.0,0.0,0.0,0.0,0.0,0.0,0.0,0.0,0.0,0.0,0.0,0.0,0.0,0.0
847516684779398480893,Marchenko-Tavares-Nylander,2026020002,2026,TOR,MTL,HOME,20260929,line,5on5,22.0,19.0,1.0,1.0,1.0,0.731,0.042,0.067,0.185,0.002,0.33,0.375,0.042,0.042,0.042,1.0,0.0,0.0,1.0,1.0,0.0,0.0,0.0,0.0,0.0,0.0,0.0,0.0,0.0,0.0,0.0,0.0,0.0,0.0,1.0,0.0,0.0,0.042,0.0,0.0,1.0,0.0,0.0,1.026,1.0,1.038,0.0,0.014,0.0,0.0,0.055,0.055,0.055,0.0,0.0,0.0,0.0,0.0,0.0,0.0,0.0,0.0,0.0,0.0,0.0,0.0,0.0,0.0,0.0,0.0,0.0,0.0,0.0,0.0,0.0,0.0,0.0,0.0,0.0,0.0,0.0,0.0,0.0,0.0,0.0,0.0,0.0,0.0,0.0,0.0,0.0,0.0,0.0,0.0,0.0,0.0,0.0,0.0,0.0,0.0,0.0
847931884808938486067,Mckenna-Matthews-Marchenko,2026020008,2026,TOR,NYI,HOME,20260930,line,5on5,12.0,16.0,1.0,1.0,1.0,0.757,0.017,0.051,0.147,0.003,0.298,0.485,0.017,0.017,0.017,1.0,0.0,0.0,1.0,0.0,0.0,0.0,0.0,0.0,1.0,0.0,1.0,1.0,0.0,0.0,0.0,1.0,0.0,0.0,1.0,0.0,0.0,0.017,0.0,0.0,0.0,0.0,0.0,1.074,1.0,1.05,0.0,0.011,0.0,0.0,0.028,0.028,0.028,0.0,0.0,0.0,0.0,0.0,0.0,0.0,0.0,0.0,0.0,0.0,0.0,0.0,0.0,0.0,0.0,0.0,0.0,0.0,0.0,0.0,0.0,0.0,0.0,0.0,0.0,0.0,0.0,0.0,0.0,0.0,0.0,0.0,0.0,0.0,0.0,0.0,0.0,0.0,0.0,0.0,0.0,0.0,0.0,0.0,0.0,0.0,0.0
847742684795208484158,Duhaime-Paul-Cowan,2026020008,2026,TOR,NYI,HOME,20260930,line,5on5,31.0,11.0,0.0,0.0,0.0,0.0,0.0,0.0,0.0,0.0,0.0,0.0,0.0,0.0,0.0,0.0,0.0,0.0,0.0,0.0,0.0,0.0,0.0,0.0,0.0,0.0,0.0,0.0,0.0,0.0,0.0,0.0,0.0,0.0,0.0,0.0,0.0,0.0,0.0,0.0,0.0,0.0,0.0,0.0,0.0,0.0,0.0,0.0,0.0,0.0,0.0,0.0,0.0,0.921,0.168,0.145,0.202,0.001,0.243,0.241,0.168,0.165,0.165,1.0,0.0,0.0,1.0,0.0,0.0,0.0,0.0,0.0,0.0,1.0,1.0,1.0,0.0,0.0,0.0,0.0,0.0,0.0,0.0,1.0,0.0,0.0,0.168,0.0,0.0,0.0,0.0,0.936,1.0,0.954,0.0,0.032,0.0,0.0,0.199,0.197,0.197
847692584769278479520,Duhaime-Blueger-Sissons,2026020002,2026,TOR,MTL,HOME,20260929,line,5on5,75.0,6.0,0.0,0.0,0.0,0.0,0.0,0.0,0.0,0.0,0.0,0.0,0.0,0.0,0.0,0.0,0.0,0.0,0.0,0.0,0.0,0.0,0.0,0.0,0.0,0.0,0.0,0.0,0.0,0.0,1.0,1.0,0.0,0.0,0.0,0.0,0.0,0.0,0.0,0.0,0.0,0.0,0.0,0.0,0.0,0.0,0.0,0.0,0.0,0.0,0.0,0.0,0.0,0.0,0.0,0.0,0.0,0.0,0.0,0.0,0.0,0.0,0.0,0.0,0.0,0.0,0.0,0.0,0.0,0.0,0.0,0.0,0.0,0.0,0.0,0.0,0.0,0.0,0.0,2.0,0.0,0.0,0.0,0.0,0.0,0.0,0.0,0.0,0.0,0.0,0.0,0.0,0.0,0.0,0.0,0.0,0.0,0.0,0.0,0.0,0.0
847692784784588486067,Mckenna-Blueger-Roslovic,2026020002,2026,TOR,MTL,HOME,20260929,line,5on5,19.0,23.0,0.0,0.0,0.0,0.0,0.0,0.0,0.0,0.0,0.0,0.0,0.0,0.0,0.0,0.0,0.0,0.0,0.0,0.0,0.0,0.0,0.0,0.0,0.0,0.0,0.0,0.0,0.0,0.0,0.0,0.0,0.0,0.0,0.0,0.0,0.0,0.0,0.0,0.0,0.0,0.0,0.0,0.0,0.0,0.0,0.0,0.0,0.0,0.0,0.0,0.0,0.0,0.0,0.0,0.0,0.0,0.0,0.0,0.0,0.0,0.0,0.0,0.0,0.0,0.0,0.0,0.0,0.0,0.0,0.0,0.0,0.0,0.0,0.0,0.0,0.0,0.0,0.0,0.0,1.0,0.0,0.0,0.0,0.0,0.0,0.0,0.0,0.0,0.0,0.0,0.0,0.0,0.0,0.0,0.0,0.0,0.0,0.0,0.0,0.0
847742684784588486067,Mckenna-Paul-Roslovic,2026020008,2026,TOR,NYI,HOME,20260930,line,5on5,97.0,5.0,0.0,0.0,0.0,0.0,0.0,0.0,0.0,0.0,0.0,0.0,0.0,0.0,0.0,0.0,0.0,0.0,0.0,0.0,0.0,0.0,0.0,0.0,0.0,0.0,0.0,0.0,0.0,0.0,0.0,0.0,0.0,0.0,0.0,0.0,0.0,0.0,0.0,0.0,0.0,0.0,0.0,0.0,0.0,0.0,0.0,0.0,0.0,0.0,0.0,0.0,0.0,0.0,0.0,0.0,0.0,0.0,0.0,0.0,0.0,0.0,0.0,0.0,0.0,0.0,0.0,0.0,0.0,0.0,0.0,0.0,0.0,0.0,0.0,0.0,0.0,0.0,0.0,0.0,0.0,0.0,0.0,0.0,0.0,0.0,0.0,0.0,0.0,0.0,0.0,0.0,0.0,0.0,0.0,0.0,0.0,0.0,0.0,0.0,0.0
84768538476931,Mccabe-Rielly,2026020008,2026,TOR,NYI,HOME,20260930,pairing,5on5,25.0,11.0,0.0,0.0,0.0,0.0,0.0,0.0,0.0,0.0,0.0,0.0,0.0,0.0,0.0,0.0,0.0,0.0,0.0,0.0,0.0,0.0,0.0,0.0,0.0,0.0,0.0,0.0,0.0,0.0,0.0,0.0,0.0,0.0,0.0,0.0,0.0,0.0,0.0,0.0,0.0,0.0,0.0,0.0,0.0,0.0,0.0,0.0,0.0,0.0,0.0,0.0,0.0,0.0,0.0,0.0,0.0,0.0,0.0,0.0,0.0,0.0,0.0,0.0,0.0,0.0,0.0,0.0,0.0,0.0,0.0,0.0,0.0,0.0,0.0,0.0,0.0,0.0,0.0,0.0,0.0,0.0,0.0,0.0,0.0,0.0,0.0,0.0,0.0,0.0,0.0,0.0,0.0,0.0,0.0,0.0,0.0,0.0,0.0,0.0,0.0
84751718479442,Ekman-Larsson-Stecher,2026020002,2026,TOR,MTL,HOME,20260929,pairing,5on5,706.0,1.0,0.5078,0.4667,0.4,3.254,0.325,0.562,0.44,0.011,1.297,1.366,0.32,0.304,0.3,2.0,2.0,3.0,7.0,1.0,1.0,0.0,0.0,0.0,2.0,0.0,1.0,3.0,1.0,2.0,5.0,5.0,1.0,3.0,3.0,1.0,0.0,0.158,0.167,0.0,0.0,1.0,0.0,6.504,4.0,3.83,2.0,0.122,0.069,0.069,0.378,0.354,0.351,4.8,0.315,0.44,0.677,0.01,2.16,2.398,0.314,0.344,0.343,5.0,1.0,2.0,8.0,0.0,0.0,0.0,2.0,0.0,1.0,3.0,5.0,6.0,0.0,0.0,6.0,4.0,0.0,6.0,4.0,2.0,0.0,0.037,0.278,0.0,0.0,0.0,0.0,8.682,6.0,6.463,3.0,0.092,0.0,0.0,0.407,0.444,0.442
84751718479442,Ekman-Larsson-Stecher,2026020008,2026,TOR,NYI,HOME,20260930,pairing,5on5,511.0,3.0,0.7736,0.625,0.6,6.685,0.475,0.809,1.096,0.015,3.327,3.278,0.461,0.473,0.458,6.0,3.0,1.0,10.0,1.0,2.0,0.0,1.0,0.0,4.0,1.0,5.0,8.0,2.0,4.0,6.0,4.0,0.0,0.0,6.0,3.0,0.0,0.178,0.297,0.0,0.0,1.0,0.0,10.388,9.0,9.271,0.0,0.172,0.055,0.055,0.592,0.591,0.575,4.471,0.139,0.345,0.756,0.009,2.204,2.547,0.139,0.139,0.139,3.0,3.0,0.0,6.0,0.0,0.0,0.0,0.0,0.0,2.0,4.0,3.0,6.0,0.0,0.0,5.0,5.0,0.0,1.0,6.0,0.0,0.0,0.139,0.0,0.0,0.0,0.0,0.0,5.829,6.0,5.832,0.0,0.071,0.0,0.0,0.21,0.21,0.21
84769318479442,Mccabe-Stecher,2026020008,2026,TOR,NYI,HOME,20260930,pairing,5on5,65.0,5.0,0.0,0.0,0.0,0.0,0.0,0.0,0.0,0.0,0.0,0.0,0.0,0.0,0.0,0.0,0.0,0.0,0.0,0.0,0.0,0.0,0.0,0.0,0.0,0.0,0.0,0.0,0.0,0.0,0.0,0.0,0.0,0.0,0.0,0.0,0.0,0.0,0.0,0.0,0.0,0.0,0.0,0.0,0.0,0.0,0.0,0.0,0.0,0.0,0.0,0.0,0.0,0.0,0.0,0.0,0.0,0.0,0.0,0.0,0.0,0.0,0.0,0.0,0.0,0.0,0.0,0.0,0.0,0.0,0.0,0.0,0.0,0.0,0.0,0.0,0.0,0.0,0.0,0.0,0.0,1.0,0.0,0.0,0.0,0.0,0.0,0.0,0.0,0.0,0.0,0.0,0.0,0.0,1.0,0.0,0.0,0.0,0.0,0.0,0.0
847692584769278480893,Sissons-Blueger-Marchenko,2026020002,2026,TOR,MTL,HOME,20260929,line,5on5,23.0,17.0,0.0,0.0,0.0,0.0,0.0,0.0,0.0,0.0,0.0,0.0,0.0,0.0,0.0,0.0,0.0,0.0,0.0,0.0,0.0,0.0,0.0,0.0,0.0,0.0,0.0,0.0,0.0,0.0,0.0,0.0,0.0,0.0,0.0,0.0,0.0,0.0,0.0,0.0,0.0,0.0,0.0,0.0,0.0,0.0,0.0,0.0,0.0,0.0,0.0,0.0,0.0,1.31,0.064,0.13,0.249,0.005,0.71,0.842,0.064,0.068,0.067,1.0,1.0,0.0,2.0,0.0,0.0,0.0,0.0,0.0,1.0,1.0,1.0,2.0,0.0,0.0,0.0,0.0,0.0,0.0,2.0,0.0,0.0,0.064,0.0,0.0,0.0,0.0,0.0,2.064,2.0,2.061,0.0,0.026,0.0,0.0,0.09,0.095,0.093
847742684779398479318,Matthews-Paul-Nylander,2026020002,2026,TOR,MTL,HOME,20260929,line,5on5,21.0,21.0,0.0,0.0,0.0,0.0,0.0,0.0,0.0,0.0,0.0,0.0,0.0,0.0,0.0,0.0,0.0,0.0,0.0,0.0,0.0,0.0,0.0,0.0,0.0,0.0,0.0,0.0,0.0,0.0,0.0,0.0,0.0,0.0,0.0,0.0,0.0,0.0,0.0,0.0,0.0,0.0,0.0,0.0,0.0,0.0,0.0,0.0,0.0,0.0,0.0,0.0,0.0,1.701,0.467,0.204,0.228,0.006,0.566,0.529,0.43,0.486,0.446,2.0,0.0,0.0,2.0,1.0,1.0,1.0,0.0,0.0,0.0,0.0,1.0,1.0,0.0,0.0,0.0,0.0,0.0,0.0,0.0,1.0,1.0,0.0,0.103,0.364,0.0,0.0,1.0,2.007,2.0,1.995,0.0,0.043,0.364,0.364,0.147,0.148,0.146
84768538479442,Rielly-Stecher,2026020002,2026,TOR,MTL,HOME,20260929,pairing,5on5,180.0,4.0,0.0,0.0,0.0,0.0,0.0,0.0,0.0,0.0,0.0,0.0,0.0,0.0,0.0,0.0,0.0,0.0,0.0,0.0,0.0,0.0,0.0,0.0,0.0,0.0,0.0,0.0,1.0,2.0,0.0,3.0,0.0,1.0,0.0,0.0,0.0,0.0,0.0,0.0,0.0,0.0,0.0,0.0,0.0,0.0,1.0,0.0,0.0,0.0,0.0,0.0,0.0,1.569,0.016,0.104,0.376,0.003,0.733,0.768,0.016,0.017,0.017,1.0,1.0,0.0,2.0,0.0,0.0,0.0,1.0,0.0,1.0,0.0,1.0,2.0,0.0,0.0,1.0,2.0,0.0,2.0,2.0,0.0,0.0,0.016,0.0,0.0,0.0,0.0,0.0,2.007,2.0,1.995,1.0,0.021,0.0,0.0,0.037,0.038,0.038
84768538479442,Rielly-Stecher,2026020008,2026,TOR,NYI,HOME,20260930,pairing,5on5,63.0,6.0,0.0,0.0,0.0,0.0,0.0,0.0,0.0,0.0,0.0,0.0,0.0,0.0,0.0,0.0,0.0,0.0,0.0,0.0,0.0,0.0,0.0,0.0,0.0,0.0,0.0,0.0,0.0,0.0,0.0,1.0,0.0,0.0,0.0,0.0,0.0,0.0,0.0,0.0,0.0,0.0,0.0,0.0,0.0,0.0,0.0,0.0,0.0,0.0,0.0,0.0,0.0,0.64,0.011,0.055,0.214,0.001,0.363,0.357,0.011,0.011,0.011,0.0,1.0,1.0,2.0,0.0,0.0,0.0,0.0,0.0,1.0,0.0,0.0,1.0,0.0,0.0,0.0,1.0,0.0,0.0,1.0,0.0,0.0,0.011,0.0,0.0,0.0,0.0,0.0,2.064,1.0,1.03,0.0,0.01,0.0,0.0,0.021,0.022,0.022
847516684779398486067,Mckenna-Tavares-Nylander,2026020002,2026,TOR,MTL,HOME,20260929,line,5on5,492.0,2.0,0.2102,0.3333,0.4286,4.354,0.193,0.405,0.875,0.008,2.307,2.212,0.193,0.183,0.183,5.0,1.0,0.0,6.0,0.0,0.0,0.0,3.0,0.0,2.0,1.0,5.0,6.0,1.0,2.0,5.0,2.0,0.0,3.0,5.0,1.0,0.0,0.101,0.093,0.0,0.0,0.0,0.0,5.822,6.0,5.852,2.0,0.084,0.0,0.0,0.278,0.264,0.263,6.008,0.725,0.661,1.091,0.018,2.703,2.802,0.717,0.778,0.77,6.0,2.0,4.0,12.0,2.0,0.0,0.0,0.0,0.0,4.0,2.0,4.0,6.0,0.0,0.0,2.0,6.0,1.0,2.0,4.0,4.0,0.0,0.061,0.664,0.0,1.0,1.0,0.0,12.747,8.0,8.569,0.0,0.138,0.0,0.0,0.863,0.927,0.918
847516684779398486067,Mckenna-Tavares-Nylander,2026020008,2026,TOR,NYI,HOME,20260930,line,5on5,550.0,2.0,0.0713,0.1364,0.0625,0.797,0.072,0.083,0.081,0.003,0.403,0.358,0.072,0.073,0.073,1.0,0.0,2.0,3.0,0.0,0.0,0.0,0.0,0.0,0.0,1.0,1.0,1.0,1.0,2.0,0.0,0.0,1.0,3.0,1.0,0.0,0.0,0.072,0.0,0.0,0.0,0.0,0.0,3.222,1.0,1.05,3.0,0.018,0.0,0.0,0.09,0.091,0.091,11.008,0.938,1.055,1.85,0.026,5.429,5.703,0.907,0.929,0.899,10.0,5.0,4.0,19.0,0.0,1.0,0.0,2.0,0.0,5.0,7.0,10.0,15.0,0.0,0.0,3.0,0.0,1.0,1.0,9.0,6.0,0.0,0.247,0.691,0.0,0.0,0.0,0.0,18.054,15.0,14.487,0.0,0.212,0.094,0.094,1.056,1.048,1.025
847516684779398484158,Nylander-Tavares-Cowan,2026020002,2026,TOR,MTL,HOME,20260929,line,5on5,77.0,5.0,1.0,1.0,1.0,2.47,0.277,0.311,0.337,0.005,1.211,0.858,0.276,0.254,0.254,2.0,1.0,1.0,4.0,1.0,0.0,0.0,1.0,0.0,0.0,1.0,1.0,2.0,0.0,0.0,2.0,0.0,0.0,0.0,1.0,2.0,0.0,0.001,0.276,0.0,0.0,1.0,0.0,3.627,3.0,2.749,0.0,0.069,0.0,0.0,0.346,0.318,0.317,0.0,0.0,0.0,0.0,0.0,0.0,0.0,0.0,0.0,0.0,0.0,0.0,0.0,0.0,0.0,0.0,0.0,0.0,0.0,0.0,0.0,0.0,0.0,0.0,0.0,1.0,1.0,0.0,0.0,0.0,0.0,0.0,0.0,0.0,0.0,0.0,0.0,0.0,0.0,0.0,0.0,0.0,0.0,0.0,0.0,0.0,0.0,0.0
847516684779398484158,Nylander-Tavares-Cowan,2026020008,2026,TOR,NYI,HOME,20260930,line,5on5,31.0,12.0,1.0,1.0,1.0,0.745,0.021,0.059,0.192,0.001,0.267,0.46,0.021,0.021,0.021,1.0,0.0,0.0,1.0,0.0,0.0,0.0,0.0,0.0,0.0,1.0,1.0,1.0,0.0,0.0,0.0,0.0,0.0,0.0,1.0,0.0,0.0,0.021,0.0,0.0,0.0,0.0,0.0,1.074,1.0,1.05,0.0,0.011,0.0,0.0,0.032,0.033,0.033,0.0,0.0,0.0,0.0,0.0,0.0,0.0,0.0,0.0,0.0,0.0,0.0,0.0,0.0,0.0,0.0,0.0,0.0,0.0,0.0,0.0,0.0,0.0,0.0,0.0,0.0,0.0,0.0,1.0,0.0,0.0,0.0,0.0,0.0,0.0,0.0,0.0,0.0,0.0,0.0,0.0,1.0,0.0,0.0,0.0,0.0,0.0,0.0
847692784795208484158,Duhaime-Blueger-Cowan,2026020002,2026,TOR,MTL,HOME,20260929,line,5on5,39.0,10.0,0.0,0.0,0.0,0.0,0.0,0.0,0.0,0.0,0.0,0.0,0.0,0.0,0.0,0.0,0.0,0.0,0.0,0.0,0.0,0.0,0.0,0.0,0.0,0.0,0.0,0.0,0.0,0.0,0.0,1.0,0.0,0.0,0.0,0.0,0.0,0.0,0.0,0.0,0.0,0.0,0.0,0.0,0.0,0.0,0.0,0.0,0.0,0.0,0.0,0.0,0.0,0.0,0.0,0.0,0.0,0.0,0.0,0.0,0.0,0.0,0.0,0.0,0.0,1.0,1.0,0.0,0.0,0.0,0.0,0.0,0.0,0.0,0.0,0.0,0.0,0.0,1.0,1.0,0.0,0.0,0.0,0.0,0.0,0.0,0.0,0.0,0.0,0.0,0.0,1.103,0.0,0.0,0.0,0.0,0.0,0.0,0.0,0.0,0.0
84751718478178,Ekman-Larsson-Raddysh,2026020002,2026,TOR,MTL,HOME,20260929,pairing,5on5,123.0,7.0,0.0,0.0,0.0,0.0,0.0,0.0,0.0,0.0,0.0,0.0,0.0,0.0,0.0,0.0,0.0,0.0,0.0,0.0,0.0,0.0,0.0,0.0,0.0,0.0,0.0,0.0,0.0,0.0,0.0,0.0,0.0,1.0,0.0,0.0,0.0,0.0,0.0,0.0,0.0,0.0,0.0,0.0,0.0,0.0,0.0,0.0,0.0,0.0,0.0,0.0,0.0,1.701,0.467,0.204,0.228,0.006,0.566,0.529,0.43,0.486,0.446,2.0,0.0,2.0,4.0,1.0,1.0,1.0,0.0,0.0,0.0,0.0,1.0,1.0,0.0,0.0,0.0,2.0,0.0,0.0,0.0,1.0,1.0,0.0,0.103,0.364,0.0,0.0,1.0,4.213,2.0,1.995,0.0,0.043,0.364,0.364,0.147,0.148,0.146
84751718478178,Ekman-Larsson-Raddysh,2026020008,2026,TOR,NYI,HOME,20260930,pairing,5on5,62.0,7.0,0.0,0.5,0.0,0.0,0.0,0.0,0.0,0.0,0.0,0.0,0.0,0.0,0.0,0.0,0.0,2.0,2.0,0.0,0.0,0.0,0.0,0.0,0.0,0.0,0.0,0.0,0.0,0.0,0.0,0.0,0.0,0.0,0.0,0.0,0.0,0.0,0.0,0.0,0.0,0.0,0.0,2.148,0.0,0.0,0.0,0.0,0.0,0.0,0.0,0.0,0.0,0.716,0.007,0.04,0.14,0.001,0.342,0.47,0.007,0.007,0.007,1.0,0.0,1.0,2.0,0.0,0.0,0.0,0.0,0.0,1.0,0.0,1.0,1.0,1.0,2.0,0.0,0.0,1.0,0.0,1.0,0.0,0.0,0.007,0.0,0.0,0.0,0.0,0.0,1.872,1.0,0.954,0.0,0.008,0.0,0.0,0.015,0.015,0.015
84768538478178,Rielly-Raddysh,2026020002,2026,TOR,MTL,HOME,20260929,pairing,5on5,693.0,2.0,0.5796,0.6,0.6364,10.744,0.699,1.059,1.757,0.028,5.286,5.171,0.69,0.659,0.65,11.0,3.0,1.0,15.0,1.0,2.0,0.0,4.0,0.0,4.0,3.0,10.0,13.0,0.0,0.0,4.0,4.0,0.0,7.0,11.0,3.0,0.0,0.311,0.388,0.0,1.0,0.0,0.0,14.189,14.0,13.318,2.0,0.23,0.043,0.043,0.886,0.835,0.825,5.509,0.507,0.564,1.018,0.018,2.951,2.941,0.506,0.544,0.542,5.0,3.0,2.0,10.0,2.0,0.0,0.0,0.0,0.0,0.0,6.0,3.0,6.0,0.0,0.0,7.0,4.0,0.0,4.0,4.0,4.0,0.0,0.05,0.457,0.0,1.0,1.0,0.0,10.791,8.0,8.618,3.0,0.117,0.0,0.0,0.624,0.669,0.667
84768538478178,Rielly-Raddysh,2026020008,2026,TOR,NYI,HOME,20260930,pairing,5on5,785.0,1.0,0.356,0.44,0.4444,5.559,0.325,0.581,1.046,0.011,2.748,3.289,0.324,0.328,0.328,8.0,0.0,3.0,11.0,0.0,0.0,0.0,1.0,0.0,3.0,4.0,8.0,8.0,1.0,2.0,4.0,8.0,1.0,5.0,8.0,0.0,0.0,0.325,0.0,0.0,0.0,0.0,0.0,11.662,8.0,8.391,2.0,0.121,0.0,0.0,0.445,0.451,0.45,6.856,0.588,0.619,1.11,0.024,3.722,3.937,0.569,0.581,0.562,6.0,4.0,4.0,14.0,0.0,0.0,0.0,1.0,0.0,5.0,4.0,6.0,10.0,1.0,2.0,2.0,4.0,1.0,1.0,7.0,3.0,0.0,0.199,0.389,0.0,0.0,0.0,0.0,13.2,10.0,9.619,0.0,0.124,0.0,0.0,0.712,0.703,0.682
847692784795208479772,Duhaime-Blueger-Macewen,2026020002,2026,TOR,MTL,HOME,20260929,line,5on5,225.0,4.0,0.0,0.0,0.0,0.0,0.0,0.0,0.0,0.0,0.0,0.0,0.0,0.0,0.0,0.0,0.0,0.0,0.0,0.0,0.0,0.0,0.0,0.0,0.0,0.0,0.0,0.0,1.0,2.0,1.0,3.0,0.0,1.0,0.0,0.0,0.0,0.0,0.0,0.0,0.0,0.0,0.0,0.0,0.0,0.0,1.0,0.0,0.0,0.0,0.0,0.0,0.0,0.603,0.062,0.085,0.064,0.008,0.282,0.499,0.062,0.068,0.068,1.0,0.0,2.0,3.0,0.0,0.0,0.0,1.0,0.0,0.0,0.0,1.0,1.0,1.0,2.0,4.0,4.0,0.0,1.0,1.0,0.0,0.0,0.062,0.0,0.0,0.0,0.0,0.0,3.181,1.0,1.1,0.0,0.018,0.0,0.0,0.08,0.088,0.088
847845884793188480893,Roslovic-Matthews-Marchenko,2026020002,2026,TOR,MTL,HOME,20260929,line,5on5,768.0,1.0,0.8371,0.6667,0.6842,9.957,1.002,1.125,1.623,0.027,4.569,4.655,0.993,0.947,0.94,11.0,2.0,1.0,14.0,0.0,2.0,0.0,2.0,0.0,2.0,7.0,11.0,13.0,0.0,0.0,4.0,4.0,0.0,5.0,8.0,5.0,0.0,0.23,0.772,0.0,0.0,0.0,0.0,13.329,13.0,12.457,3.0,0.237,0.043,0.043,1.196,1.131,1.123,4.286,0.195,0.289,0.738,0.012,2.372,2.394,0.195,0.208,0.208,3.0,3.0,1.0,7.0,0.0,0.0,0.0,0.0,0.0,1.0,5.0,3.0,6.0,1.0,2.0,5.0,3.0,1.0,11.0,5.0,1.0,0.0,0.104,0.09,0.0,0.0,0.0,0.0,7.431,6.0,6.372,7.0,0.059,0.0,0.0,0.254,0.271,0.271
847845884793188480893,Roslovic-Matthews-Marchenko,2026020008,2026,TOR,NYI,HOME,20260930,line,5on5,556.0,1.0,0.8669,0.7692,0.7778,5.101,0.456,0.636,0.8,0.01,2.426,2.673,0.455,0.462,0.461,6.0,1.0,3.0,10.0,0.0,1.0,0.0,2.0,0.0,1.0,3.0,6.0,7.0,2.0,4.0,7.0,6.0,1.0,1.0,5.0,2.0,0.0,0.197,0.258,0.0,0.0,0.0,0.0,10.74,7.0,7.352,0.0,0.139,0.018,0.018,0.576,0.584,0.582,1.383,0.07,0.114,0.335,0.001,0.601,0.879,0.07,0.07,0.07,2.0,0.0,1.0,3.0,0.0,0.0,0.0,1.0,0.0,0.0,1.0,2.0,2.0,0.0,0.0,3.0,8.0,1.0,1.0,2.0,0.0,0.0,0.07,0.0,0.0,0.0,0.0,0.0,2.904,2.0,1.985,0.0,0.022,0.0,0.0,0.092,0.092,0.092
84781788479442,Raddysh-Stecher,2026020002,2026,TOR,MTL,HOME,20260929,pairing,5on5,75.0,9.0,0.0,0.0,0.0,0.0,0.0,0.0,0.0,0.0,0.0,0.0,0.0,0.0,0.0,0.0,0.0,0.0,0.0,0.0,0.0,0.0,0.0,0.0,0.0,0.0,0.0,0.0,0.0,0.0,0.0,1.0,0.0,1.0,0.0,0.0,0.0,0.0,0.0,0.0,0.0,0.0,0.0,0.0,0.0,0.0,1.0,0.0,0.0,0.0,0.0,0.0,0.0,1.395,0.073,0.095,0.261,0.005,0.782,0.784,0.073,0.077,0.077,1.0,1.0,0.0,2.0,0.0,0.0,0.0,0.0,0.0,1.0,1.0,1.0,2.0,1.0,2.0,0.0,0.0,0.0,0.0,2.0,0.0,0.0,0.073,0.0,0.0,0.0,0.0,0.0,2.064,2.0,2.061,0.0,0.019,0.0,0.0,0.093,0.097,0.097
84781788479442,Raddysh-Stecher,2026020008,2026,TOR,NYI,HOME,20260930,pairing,5on5,12.0,12.0,0.0,0.0,0.0,0.0,0.0,0.0,0.0,0.0,0.0,0.0,0.0,0.0,0.0,0.0,0.0,0.0,0.0,0.0,0.0,0.0,0.0,0.0,0.0,0.0,0.0,0.0,0.0,0.0,0.0,0.0,0.0,0.0,0.0,0.0,0.0,0.0,0.0,0.0,0.0,0.0,0.0,0.0,0.0,0.0,0.0,0.0,0.0,0.0,0.0,0.0,0.0,0.0,0.0,0.0,0.0,0.0,0.0,0.0,0.0,0.0,0.0,0.0,0.0,0.0,0.0,0.0,0.0,0.0,0.0,0.0,0.0,0.0,0.0,0.0,0.0,0.0,0.0,0.0,0.0,1.0,0.0,0.0,0.0,0.0,0.0,0.0,0.0,0.0,0.0,0.0,0.0,0.0,1.0,0.0,0.0,0.0,0.0,0.0,0.0
847692584779398480893,Marchenko-Sissons-Nylander,2026020008,2026,TOR,NYI,HOME,20260930,line,5on5,46.0,8.0,0.0,0.0,0.0,0.0,0.0,0.0,0.0,0.0,0.0,0.0,0.0,0.0,0.0,0.0,0.0,0.0,0.0,0.0,0.0,0.0,0.0,0.0,0.0,0.0,0.0,0.0,0.0,0.0,0.0,0.0,0.0,0.0,0.0,0.0,0.0,0.0,0.0,0.0,0.0,0.0,0.0,0.0,0.0,0.0,0.0,0.0,0.0,0.0,0.0,0.0,0.0,0.917,0.038,0.207,0.142,0.001,0.337,0.275,0.038,0.038,0.038,0.0,1.0,1.0,2.0,0.0,0.0,0.0,0.0,0.0,1.0,0.0,0.0,1.0,0.0,0.0,1.0,2.0,0.0,0.0,1.0,0.0,0.0,0.038,0.0,0.0,0.0,0.0,0.0,1.872,1.0,0.954,0.0,0.045,0.0,0.0,0.083,0.082,0.082
847847484808558482699,Crouse-Mcbain-Guenther,2026020013,2026,UTA,CHI,HOME,20261001,line,5on5,27.0,14.0,0.0,0.0,0.0,0.0,0.0,0.0,0.0,0.0,0.0,0.0,0.0,0.0,0.0,0.0,0.0,0.0,0.0,0.0,0.0,0.0,0.0,0.0,0.0,0.0,0.0,0.0,0.0,0.0,1.0,0.0,0.0,0.0,0.0,0.0,0.0,0.0,0.0,0.0,0.0,0.0,0.0,0.0,0.0,0.0,0.0,0.0,0.0,0.0,0.0,0.0,0.0,0.631,0.019,0.06,0.168,0.001,0.415,0.338,0.019,0.018,0.018,1.0,0.0,0.0,1.0,0.0,0.0,0.0,0.0,0.0,1.0,0.0,1.0,1.0,0.0,0.0,0.0,0.0,0.0,0.0,1.0,0.0,0.0,0.019,0.0,0.0,0.0,0.0,0.0,0.895,1.0,0.954,0.0,0.012,0.0,0.0,0.03,0.029,0.029
847795184793438482699,Keller-Schmaltz-Guenther,2026020013,2026,UTA,CHI,HOME,20261001,line,5on5,40.0,10.0,0.0,1.0,0.0,0.0,0.0,0.0,0.0,0.0,0.0,0.0,0.0,0.0,0.0,0.0,0.0,1.0,1.0,0.0,0.0,0.0,0.0,0.0,0.0,0.0,0.0,0.0,0.0,0.0,0.0,0.0,0.0,0.0,0.0,0.0,0.0,0.0,0.0,0.0,0.0,0.0,0.0,0.97,0.0,0.0,0.0,0.0,0.0,0.0,0.0,0.0,0.0,0.0,0.0,0.0,0.0,0.0,0.0,0.0,0.0,0.0,0.0,0.0,0.0,0.0,0.0,0.0,0.0,0.0,0.0,0.0,0.0,0.0,0.0,0.0,0.0,0.0,0.0,0.0,0.0,0.0,0.0,0.0,0.0,0.0,0.0,0.0,0.0,0.0,0.0,0.0,0.0,0.0,0.0,0.0,0.0,0.0,0.0,0.0,0.0
847531484826998483431,Lee-Cooley-Guenther,2026020013,2026,UTA,CHI,HOME,20261001,line,5on5,535.0,2.0,0.7596,0.6087,0.6667,9.063,1.093,0.943,1.443,0.029,4.292,4.199,1.014,1.072,0.992,8.0,4.0,2.0,14.0,1.0,0.0,0.0,3.0,0.0,4.0,4.0,7.0,11.0,0.0,0.0,6.0,7.0,1.0,2.0,6.0,5.0,1.0,0.243,0.626,0.223,0.0,1.0,0.0,14.482,12.0,12.05,1.0,0.197,0.0,0.0,1.29,1.266,1.163,4.285,0.346,0.336,0.822,0.009,2.287,2.2,0.346,0.336,0.336,2.0,4.0,3.0,9.0,0.0,0.0,0.0,0.0,0.0,4.0,2.0,2.0,6.0,0.0,0.0,4.0,3.0,1.0,3.0,3.0,3.0,0.0,0.03,0.316,0.0,0.0,0.0,0.0,8.411,6.0,5.802,1.0,0.068,0.0,0.0,0.414,0.403,0.403
847883184808558484388,But-Stenlund-Mcbain,2026020013,2026,UTA,CHI,HOME,20261001,line,5on5,22.0,21.0,0.0,0.0,0.0,0.0,0.0,0.0,0.0,0.0,0.0,0.0,0.0,0.0,0.0,0.0,0.0,0.0,0.0,0.0,0.0,0.0,0.0,0.0,0.0,0.0,0.0,0.0,0.0,0.0,0.0,0.0,0.0,0.0,0.0,0.0,0.0,0.0,0.0,0.0,0.0,0.0,0.0,0.0,0.0,0.0,0.0,0.0,0.0,0.0,0.0,0.0,0.0,0.0,0.0,0.0,0.0,0.0,0.0,0.0,0.0,0.0,0.0,0.0,0.0,0.0,0.0,0.0,0.0,0.0,0.0,0.0,0.0,0.0,0.0,0.0,0.0,0.0,0.0,0.0,0.0,2.0,0.0,0.0,0.0,0.0,0.0,0.0,0.0,0.0,0.0,0.0,0.0,0.0,2.0,0.0,0.0,0.0,0.0,0.0,0.0
847883184796198483431,Carcone-Cooley-Stenlund,2026020013,2026,UTA,CHI,HOME,20261001,line,5on5,42.0,8.0,0.0,0.0,0.0,0.0,0.0,0.0,0.0,0.0,0.0,0.0,0.0,0.0,0.0,0.0,0.0,0.0,0.0,0.0,0.0,0.0,0.0,0.0,0.0,0.0,0.0,0.0,0.0,0.0,0.0,0.0,1.0,0.0,0.0,0.0,0.0,0.0,0.0,0.0,0.0,0.0,0.0,0.0,0.0,0.0,0.0,0.0,0.0,0.0,0.0,0.0,0.0,0.0,0.0,0.0,0.0,0.0,0.0,0.0,0.0,0.0,0.0,0.0,0.0,0.0,0.0,0.0,0.0,0.0,0.0,0.0,0.0,0.0,0.0,0.0,0.0,0.0,1.0,0.0,1.0,0.0,0.0,0.0,0.0,0.0,0.0,0.0,0.0,0.0,0.0,0.0,0.0,0.0,0.0,0.0,0.0,0.0,0.0,0.0,0.0
84772208478507,Schmidt-Marino,2026020013,2026,UTA,CHI,HOME,20261001,pairing,5on5,850.0,2.0,0.6656,0.5909,0.625,7.402,0.85,0.838,1.189,0.018,3.43,3.676,0.718,0.843,0.713,4.0,6.0,3.0,13.0,1.0,1.0,0.0,1.0,0.0,3.0,4.0,3.0,9.0,1.0,2.0,8.0,8.0,5.0,3.0,7.0,2.0,1.0,0.389,0.243,0.217,1.0,0.0,0.0,13.558,10.0,10.187,2.0,0.177,0.061,0.061,0.966,0.957,0.828,4.575,0.427,0.32,0.701,0.015,2.229,2.308,0.425,0.438,0.437,3.0,3.0,3.0,9.0,0.0,0.0,0.0,0.0,0.0,4.0,2.0,3.0,6.0,1.0,2.0,7.0,2.0,1.0,7.0,2.0,4.0,0.0,0.02,0.407,0.0,0.0,0.0,0.0,8.957,6.0,6.041,5.0,0.066,0.0,0.0,0.492,0.506,0.505
847961984834318484388,But-Cooley-Carcone,2026020013,2026,UTA,CHI,HOME,20261001,line,5on5,54.0,7.0,0.0,0.0,0.0,0.0,0.0,0.0,0.0,0.0,0.0,0.0,0.0,0.0,0.0,0.0,0.0,0.0,0.0,0.0,0.0,0.0,0.0,0.0,0.0,0.0,0.0,0.0,0.0,0.0,0.0,0.0,0.0,0.0,0.0,0.0,0.0,0.0,0.0,0.0,0.0,0.0,0.0,0.0,0.0,0.0,0.0,0.0,0.0,0.0,0.0,0.0,0.0,0.847,0.144,0.082,0.087,0.002,0.297,0.387,0.144,0.139,0.139,0.0,1.0,0.0,1.0,0.0,0.0,0.0,0.0,0.0,0.0,1.0,0.0,1.0,0.0,0.0,0.0,0.0,0.0,1.0,0.0,1.0,0.0,0.0,0.144,0.0,0.0,0.0,0.0,0.895,1.0,0.954,0.0,0.017,0.0,0.0,0.161,0.155,0.155
847638984779518479619,Carcone-Trocheck-Schmaltz,2026020013,2026,UTA,CHI,HOME,20261001,line,5on5,14.0,25.0,0.0,0.0,0.0,0.0,0.0,0.0,0.0,0.0,0.0,0.0,0.0,0.0,0.0,0.0,0.0,0.0,0.0,0.0,0.0,0.0,0.0,0.0,0.0,0.0,0.0,0.0,0.0,0.0,0.0,1.0,0.0,0.0,0.0,0.0,0.0,0.0,0.0,0.0,0.0,0.0,0.0,0.0,0.0,0.0,0.0,0.0,0.0,0.0,0.0,0.0,0.0,0.78,0.129,0.06,0.106,0.005,0.279,0.421,0.129,0.135,0.135,1.0,0.0,0.0,1.0,0.0,0.0,0.0,0.0,0.0,1.0,0.0,1.0,1.0,0.0,0.0,0.0,0.0,0.0,1.0,0.0,1.0,0.0,0.0,0.129,0.0,0.0,0.0,0.0,1.032,1.0,1.03,0.0,0.013,0.0,0.0,0.142,0.149,0.149
84785078479410,Sergachev-Marino,2026020013,2026,UTA,CHI,HOME,20261001,pairing,5on5,80.0,4.0,0.0,0.0,0.0,0.0,0.0,0.0,0.0,0.0,0.0,0.0,0.0,0.0,0.0,0.0,0.0,0.0,0.0,0.0,0.0,0.0,0.0,0.0,0.0,0.0,0.0,0.0,0.0,0.0,0.0,2.0,0.0,0.0,0.0,0.0,0.0,0.0,0.0,0.0,0.0,0.0,0.0,0.0,0.0,0.0,0.0,0.0,0.0,0.0,0.0,0.0,0.0,0.0,0.0,0.0,0.0,0.0,0.0,0.0,0.0,0.0,0.0,0.0,0.0,0.0,0.0,0.0,0.0,0.0,0.0,0.0,0.0,0.0,0.0,0.0,0.0,0.0,0.0,0.0,0.0,0.0,0.0,0.0,0.0,0.0,0.0,0.0,0.0,0.0,0.0,0.0,0.0,0.0,0.0,0.0,0.0,0.0,0.0,0.0,0.0
84785078479369,Marino-Peeke,2026020013,2026,UTA,CHI,HOME,20261001,pairing,5on5,65.0,8.0,0.0,0.0,0.0,0.0,0.0,0.0,0.0,0.0,0.0,0.0,0.0,0.0,0.0,0.0,0.0,0.0,0.0,0.0,0.0,0.0,0.0,0.0,0.0,0.0,0.0,0.0,0.0,0.0,1.0,0.0,0.0,0.0,0.0,0.0,0.0,0.0,0.0,0.0,0.0,0.0,0.0,0.0,0.0,0.0,0.0,0.0,0.0,0.0,0.0,0.0,0.0,0.631,0.019,0.06,0.168,0.001,0.415,0.338,0.019,0.018,0.018,1.0,0.0,0.0,1.0,0.0,0.0,0.0,0.0,0.0,1.0,0.0,1.0,1.0,0.0,0.0,0.0,0.0,0.0,0.0,1.0,0.0,0.0,0.019,0.0,0.0,0.0,0.0,0.0,0.895,1.0,0.954,0.0,0.012,0.0,0.0,0.03,0.029,0.029
84773468478507,Marino-Weegar,2026020013,2026,UTA,CHI,HOME,20261001,pairing,5on5,65.0,7.0,1.0,1.0,1.0,0.699,0.034,0.061,0.182,0.004,0.327,0.392,0.034,0.035,0.035,1.0,0.0,1.0,2.0,0.0,0.0,0.0,0.0,0.0,0.0,1.0,1.0,1.0,0.0,0.0,0.0,0.0,0.0,0.0,1.0,0.0,0.0,0.034,0.0,0.0,0.0,0.0,0.0,2.148,1.0,1.05,0.0,0.012,0.0,0.0,0.046,0.047,0.047,0.0,0.0,0.0,0.0,0.0,0.0,0.0,0.0,0.0,0.0,0.0,0.0,0.0,0.0,0.0,0.0,0.0,0.0,0.0,0.0,0.0,0.0,0.0,0.0,0.0,0.0,0.0,0.0,0.0,0.0,0.0,0.0,0.0,0.0,0.0,0.0,0.0,0.0,0.0,0.0,0.0,0.0,0.0,0.0,0.0,0.0,0.0,0.0
84793698484386,Simashev-Peeke,2026020013,2026,UTA,CHI,HOME,20261001,pairing,5on5,755.0,3.0,0.729,0.619,0.6471,7.869,0.788,0.782,1.319,0.025,4.014,4.072,0.712,0.795,0.717,7.0,4.0,2.0,13.0,2.0,0.0,0.0,2.0,0.0,3.0,4.0,5.0,9.0,1.0,2.0,7.0,10.0,1.0,6.0,6.0,4.0,1.0,0.189,0.376,0.223,0.0,2.0,0.0,13.836,11.0,11.316,2.0,0.165,0.0,0.0,0.953,0.961,0.859,4.164,0.293,0.36,0.893,0.008,2.176,2.27,0.293,0.288,0.288,2.0,4.0,2.0,8.0,0.0,1.0,0.0,1.0,0.0,2.0,2.0,2.0,6.0,0.0,0.0,3.0,5.0,1.0,7.0,4.0,2.0,0.0,0.087,0.206,0.0,0.0,0.0,0.0,7.557,6.0,5.878,4.0,0.072,0.015,0.015,0.35,0.345,0.344
847531484788318484388,But-Stenlund-Lee,2026020013,2026,UTA,CHI,HOME,20261001,line,5on5,23.0,20.0,0.0,0.0,0.0,0.0,0.0,0.0,0.0,0.0,0.0,0.0,0.0,0.0,0.0,0.0,0.0,0.0,0.0,0.0,0.0,0.0,0.0,0.0,0.0,0.0,0.0,0.0,0.0,0.0,0.0,0.0,0.0,0.0,0.0,0.0,0.0,0.0,0.0,0.0,0.0,0.0,0.0,0.0,0.0,0.0,0.0,0.0,0.0,0.0,0.0,0.0,0.0,1.301,0.145,0.102,0.202,0.004,0.613,0.934,0.14,0.14,0.136,0.0,2.0,0.0,2.0,0.0,1.0,0.0,0.0,0.0,0.0,1.0,0.0,2.0,0.0,0.0,0.0,0.0,0.0,0.0,1.0,1.0,0.0,0.048,0.097,0.0,0.0,0.0,0.0,1.79,2.0,1.909,0.0,0.021,0.048,0.048,0.118,0.115,0.114
847638984779518479343,Schmaltz-Trocheck-Keller,2026020013,2026,UTA,CHI,HOME,20261001,line,5on5,686.0,1.0,0.8307,0.75,0.7778,10.047,0.736,1.13,1.812,0.024,5.434,4.864,0.646,0.723,0.637,9.0,5.0,1.0,15.0,1.0,2.0,1.0,5.0,0.0,4.0,2.0,8.0,13.0,1.0,2.0,8.0,8.0,1.0,6.0,10.0,4.0,0.0,0.319,0.417,0.0,0.0,1.0,0.0,15.498,14.0,14.15,4.0,0.236,0.119,0.119,0.852,0.833,0.734,2.832,0.15,0.246,0.771,0.004,1.282,1.547,0.15,0.15,0.149,1.0,3.0,1.0,5.0,0.0,1.0,0.0,1.0,0.0,1.0,1.0,1.0,4.0,1.0,2.0,3.0,1.0,1.0,3.0,4.0,0.0,0.0,0.15,0.0,0.0,0.0,0.0,0.0,4.927,4.0,3.97,3.0,0.049,0.015,0.015,0.184,0.184,0.183
847847484788318479619,Carcone-Stenlund-Crouse,2026020013,2026,UTA,CHI,HOME,20261001,line,5on5,24.0,17.0,1.0,1.0,1.0,0.734,0.093,0.069,0.102,0.004,0.343,0.388,0.093,0.095,0.095,1.0,0.0,0.0,1.0,1.0,0.0,0.0,0.0,0.0,0.0,0.0,0.0,0.0,0.0,0.0,0.0,1.0,0.0,1.0,0.0,1.0,0.0,0.0,0.093,0.0,0.0,1.0,0.0,1.074,1.0,1.05,0.0,0.015,0.0,0.0,0.108,0.11,0.11,0.0,0.0,0.0,0.0,0.0,0.0,0.0,0.0,0.0,0.0,0.0,0.0,0.0,0.0,0.0,0.0,0.0,0.0,0.0,0.0,0.0,0.0,0.0,0.0,0.0,0.0,0.0,0.0,0.0,0.0,0.0,0.0,0.0,0.0,0.0,0.0,0.0,0.0,0.0,0.0,0.0,0.0,0.0,0.0,0.0,0.0,0.0,0.0
847961984808558484388,But-Mcbain-Carcone,2026020013,2026,UTA,CHI,HOME,20261001,line,5on5,24.0,18.0,0.0,0.0,0.0,0.0,0.0,0.0,0.0,0.0,0.0,0.0,0.0,0.0,0.0,0.0,0.0,0.0,0.0,0.0,0.0,0.0,0.0,0.0,0.0,0.0,0.0,0.0,0.0,0.0,0.0,0.0,0.0,0.0,0.0,0.0,0.0,0.0,0.0,0.0,0.0,0.0,0.0,0.0,0.0,0.0,0.0,0.0,0.0,0.0,0.0,0.0,0.0,1.731,0.03,0.143,0.33,0.002,0.898,0.597,0.028,0.029,0.027,2.0,0.0,1.0,3.0,0.0,1.0,0.0,0.0,0.0,1.0,0.0,2.0,2.0,0.0,0.0,1.0,0.0,0.0,0.0,2.0,0.0,0.0,0.03,0.0,0.0,0.0,0.0,0.0,2.685,2.0,1.909,0.0,0.033,0.029,0.029,0.035,0.033,0.031
84794108484386,Sergachev-Simashev,2026020013,2026,UTA,CHI,HOME,20261001,pairing,5on5,39.0,10.0,1.0,1.0,1.0,2.872,0.168,0.345,0.618,0.006,1.576,1.288,0.165,0.173,0.17,1.0,3.0,0.0,4.0,1.0,1.0,1.0,0.0,0.0,1.0,1.0,0.0,3.0,0.0,0.0,0.0,0.0,0.0,0.0,3.0,1.0,0.0,0.08,0.088,0.0,0.0,1.0,0.0,4.354,4.0,4.201,0.0,0.066,0.088,0.088,0.147,0.15,0.148,0.0,0.0,0.0,0.0,0.0,0.0,0.0,0.0,0.0,0.0,0.0,0.0,0.0,0.0,0.0,0.0,0.0,0.0,0.0,0.0,0.0,0.0,0.0,1.0,2.0,0.0,0.0,0.0,0.0,0.0,0.0,0.0,0.0,0.0,0.0,0.0,0.0,0.0,0.0,0.0,0.0,0.0,0.0,0.0,0.0,0.0,0.0,0.0
847638984808498480855,Mcbain-Trocheck-Hayton,2026020013,2026,UTA,CHI,HOME,20261001,line,5on5,38.0,11.0,0.8077,0.5,0.5,0.781,0.021,0.055,0.187,0.001,0.322,0.413,0.021,0.02,0.02,1.0,0.0,0.0,1.0,0.0,0.0,0.0,0.0,0.0,1.0,0.0,1.0,1.0,0.0,0.0,0.0,1.0,0.0,1.0,1.0,0.0,0.0,0.021,0.0,0.0,0.0,0.0,0.0,0.97,1.0,0.971,1.0,0.011,0.0,0.0,0.032,0.03,0.03,0.742,0.005,0.02,0.112,0.001,0.348,0.513,0.005,0.005,0.005,1.0,0.0,0.0,1.0,0.0,0.0,0.0,0.0,0.0,0.0,1.0,1.0,1.0,0.0,0.0,0.0,0.0,0.0,0.0,1.0,0.0,0.0,0.005,0.0,0.0,0.0,0.0,0.0,0.895,1.0,0.954,0.0,0.004,0.0,0.0,0.009,0.009,0.009
847638984784748480855,Crouse-Trocheck-Mcbain,2026020013,2026,UTA,CHI,HOME,20261001,line,5on5,23.0,19.0,0.0,0.0,0.0,0.0,0.0,0.0,0.0,0.0,0.0,0.0,0.0,0.0,0.0,0.0,0.0,0.0,0.0,0.0,0.0,0.0,0.0,0.0,0.0,0.0,0.0,0.0,0.0,0.0,1.0,1.0,0.0,0.0,0.0,0.0,0.0,0.0,0.0,0.0,0.0,0.0,0.0,0.0,0.0,0.0,0.0,0.0,0.0,0.0,0.0,0.0,0.0,0.0,0.0,0.0,0.0,0.0,0.0,0.0,0.0,0.0,0.0,0.0,0.0,1.0,1.0,0.0,0.0,0.0,0.0,0.0,0.0,0.0,0.0,0.0,0.0,0.0,0.0,0.0,0.0,0.0,0.0,0.0,0.0,0.0,0.0,0.0,0.0,0.0,0.0,0.895,0.0,0.0,0.0,0.0,0.0,0.0,0.0,0.0,0.0
847531484808498483431,Lee-Hayton-Cooley,2026020013,2026,UTA,CHI,HOME,20261001,line,5on5,19.0,23.0,0.0,0.0,0.0,0.0,0.0,0.0,0.0,0.0,0.0,0.0,0.0,0.0,0.0,0.0,0.0,0.0,0.0,0.0,0.0,0.0,0.0,0.0,0.0,0.0,0.0,0.0,1.0,2.0,1.0,0.0,0.0,0.0,0.0,0.0,0.0,0.0,0.0,0.0,0.0,0.0,0.0,0.0,0.0,0.0,0.0,0.0,0.0,0.0,0.0,0.0,0.0,0.0,0.0,0.0,0.0,0.0,0.0,0.0,0.0,0.0,0.0,0.0,0.0,0.0,0.0,0.0,0.0,0.0,0.0,0.0,0.0,0.0,0.0,0.0,0.0,0.0,1.0,0.0,0.0,0.0,0.0,0.0,0.0,0.0,0.0,0.0,0.0,0.0,0.0,0.0,0.0,0.0,0.0,0.0,0.0,0.0,0.0,0.0,0.0
84772208484386,Schmidt-Simashev,2026020013,2026,UTA,CHI,HOME,20261001,pairing,5on5,23.0,13.0,0.0,0.0,0.0,0.0,0.0,0.0,0.0,0.0,0.0,0.0,0.0,0.0,0.0,0.0,0.0,0.0,0.0,0.0,0.0,0.0,0.0,0.0,0.0,0.0,0.0,0.0,0.0,0.0,0.0,0.0,0.0,1.0,0.0,0.0,0.0,0.0,0.0,0.0,0.0,0.0,0.0,0.0,0.0,0.0,0.0,0.0,0.0,0.0,0.0,0.0,0.0,0.0,0.0,0.0,0.0,0.0,0.0,0.0,0.0,0.0,0.0,0.0,0.0,0.0,0.0,0.0,0.0,0.0,0.0,0.0,0.0,0.0,0.0,0.0,0.0,0.0,0.0,0.0,0.0,0.0,0.0,0.0,0.0,0.0,0.0,0.0,0.0,0.0,0.0,0.0,0.0,0.0,0.0,0.0,0.0,0.0,0.0,0.0,0.0
847795184784748479343,Crouse-Schmaltz-Keller,2026020013,2026,UTA,CHI,HOME,20261001,line,5on5,70.0,5.0,0.0,0.0,0.0,0.0,0.0,0.0,0.0,0.0,0.0,0.0,0.0,0.0,0.0,0.0,0.0,0.0,0.0,0.0,0.0,0.0,0.0,0.0,0.0,0.0,0.0,0.0,0.0,0.0,0.0,2.0,0.0,0.0,0.0,0.0,0.0,0.0,0.0,0.0,0.0,0.0,0.0,0.0,0.0,0.0,0.0,0.0,0.0,0.0,0.0,0.0,0.0,1.265,0.041,0.133,0.264,0.002,0.823,0.736,0.041,0.04,0.04,0.0,2.0,2.0,4.0,0.0,0.0,0.0,0.0,0.0,1.0,1.0,0.0,2.0,1.0,2.0,0.0,0.0,0.0,0.0,2.0,0.0,0.0,0.041,0.0,0.0,0.0,0.0,0.0,3.621,2.0,1.909,0.0,0.025,0.0,0.0,0.066,0.064,0.064
84793698479410,Sergachev-Peeke,2026020013,2026,UTA,CHI,HOME,20261001,pairing,5on5,30.0,12.0,0.0,0.0,0.0,0.0,0.0,0.0,0.0,0.0,0.0,0.0,0.0,0.0,0.0,0.0,0.0,0.0,0.0,0.0,0.0,0.0,0.0,0.0,0.0,0.0,0.0,0.0,0.0,0.0,0.0,0.0,0.0,0.0,0.0,0.0,0.0,0.0,0.0,0.0,0.0,0.0,0.0,0.0,0.0,0.0,0.0,0.0,0.0,0.0,0.0,0.0,0.0,1.731,0.03,0.143,0.33,0.002,0.898,0.597,0.028,0.029,0.027,2.0,0.0,1.0,3.0,0.0,1.0,0.0,0.0,0.0,1.0,0.0,2.0,2.0,0.0,0.0,1.0,0.0,0.0,0.0,2.0,0.0,0.0,0.03,0.0,0.0,0.0,0.0,0.0,2.685,2.0,1.909,0.0,0.033,0.029,0.029,0.035,0.033,0.031
847531484779518482699,Lee-Schmaltz-Guenther,2026020013,2026,UTA,CHI,HOME,20261001,line,5on5,30.0,12.0,0.0,0.0,0.0,0.0,0.0,0.0,0.0,0.0,0.0,0.0,0.0,0.0,0.0,0.0,0.0,0.0,0.0,0.0,0.0,0.0,0.0,0.0,0.0,0.0,0.0,0.0,0.0,0.0,0.0,0.0,0.0,1.0,0.0,0.0,0.0,0.0,0.0,0.0,0.0,0.0,0.0,0.0,0.0,0.0,0.0,0.0,0.0,0.0,0.0,0.0,0.0,0.795,0.08,0.056,0.172,0.004,0.264,0.424,0.08,0.084,0.084,1.0,0.0,0.0,1.0,0.0,0.0,0.0,0.0,0.0,0.0,1.0,1.0,1.0,0.0,0.0,0.0,0.0,0.0,0.0,0.0,1.0,0.0,0.0,0.08,0.0,0.0,0.0,0.0,1.032,1.0,1.03,0.0,0.011,0.0,0.0,0.091,0.096,0.096
847531484834318484388,But-Cooley-Lee,2026020013,2026,UTA,CHI,HOME,20261001,line,5on5,28.0,13.0,0.0,0.0,0.0,0.0,0.0,0.0,0.0,0.0,0.0,0.0,0.0,0.0,0.0,0.0,0.0,0.0,0.0,0.0,0.0,0.0,0.0,0.0,0.0,0.0,0.0,0.0,0.0,0.0,0.0,1.0,0.0,0.0,0.0,0.0,0.0,0.0,0.0,0.0,0.0,0.0,0.0,0.0,0.0,0.0,0.0,0.0,0.0,0.0,0.0,0.0,0.0,0.0,0.0,0.0,0.0,0.0,0.0,0.0,0.0,0.0,0.0,0.0,0.0,0.0,0.0,0.0,0.0,0.0,0.0,0.0,0.0,0.0,0.0,0.0,0.0,0.0,0.0,0.0,0.0,0.0,0.0,0.0,0.0,0.0,0.0,0.0,0.0,0.0,0.0,0.0,0.0,0.0,0.0,0.0,0.0,0.0,0.0,0.0,0.0
847847484793438480849,Crouse-Hayton-Keller,2026020013,2026,UTA,CHI,HOME,20261001,line,5on5,17.0,24.0,0.0,0.0,0.0,0.0,0.0,0.0,0.0,0.0,0.0,0.0,0.0,0.0,0.0,0.0,0.0,0.0,0.0,0.0,0.0,0.0,0.0,0.0,0.0,0.0,0.0,0.0,0.0,0.0,0.0,0.0,0.0,0.0,0.0,0.0,0.0,0.0,0.0,0.0,0.0,0.0,0.0,0.0,0.0,0.0,0.0,0.0,0.0,0.0,0.0,0.0,0.0,0.0,0.0,0.0,0.0,0.0,0.0,0.0,0.0,0.0,0.0,0.0,0.0,0.0,0.0,0.0,0.0,0.0,0.0,0.0,0.0,0.0,0.0,0.0,0.0,0.0,0.0,0.0,0.0,1.0,0.0,0.0,0.0,0.0,0.0,0.0,0.0,0.0,0.0,0.0,0.0,0.0,1.0,0.0,0.0,0.0,0.0,0.0,0.0
847795184784748480855,Crouse-Mcbain-Schmaltz,2026020013,2026,UTA,CHI,HOME,20261001,line,5on5,27.0,15.0,0.0,0.0,0.0,0.0,0.0,0.0,0.0,0.0,0.0,0.0,0.0,0.0,0.0,0.0,0.0,0.0,0.0,0.0,0.0,0.0,0.0,0.0,0.0,0.0,0.0,0.0,0.0,0.0,0.0,1.0,1.0,0.0,0.0,0.0,0.0,0.0,0.0,0.0,0.0,0.0,0.0,0.0,0.0,0.0,0.0,0.0,0.0,0.0,0.0,0.0,0.0,0.0,0.0,0.0,0.0,0.0,0.0,0.0,0.0,0.0,0.0,0.0,0.0,0.0,0.0,0.0,0.0,0.0,0.0,0.0,0.0,0.0,0.0,0.0,0.0,0.0,0.0,0.0,0.0,0.0,0.0,0.0,0.0,0.0,0.0,0.0,0.0,0.0,0.0,0.0,0.0,0.0,0.0,0.0,0.0,0.0,0.0,0.0,0.0
847847484808498480855,Crouse-Hayton-Mcbain,2026020013,2026,UTA,CHI,HOME,20261001,line,5on5,509.0,3.0,0.9848,0.8667,0.8333,7.616,0.84,0.806,1.454,0.031,3.407,3.462,0.785,0.863,0.805,5.0,5.0,3.0,13.0,0.0,2.0,0.0,2.0,0.0,2.0,4.0,5.0,10.0,2.0,7.0,6.0,6.0,4.0,1.0,7.0,2.0,1.0,0.233,0.276,0.331,0.0,0.0,0.0,14.044,10.0,10.424,0.0,0.164,0.336,0.336,0.668,0.681,0.677,1.729,0.013,0.058,0.182,0.003,0.767,0.978,0.013,0.013,0.013,1.0,1.0,0.0,2.0,0.0,0.0,0.0,0.0,0.0,0.0,2.0,1.0,2.0,1.0,5.0,1.0,4.0,0.0,0.0,2.0,0.0,0.0,0.013,0.0,0.0,0.0,0.0,0.0,1.87,2.0,1.919,0.0,0.012,0.0,0.0,0.025,0.024,0.024
84772208477346,Schmidt-Weegar,2026020013,2026,UTA,CHI,HOME,20261001,pairing,5on5,38.0,11.0,0.0,1.0,0.0,0.0,0.0,0.0,0.0,0.0,0.0,0.0,0.0,0.0,0.0,0.0,0.0,1.0,1.0,0.0,0.0,0.0,0.0,0.0,0.0,0.0,0.0,0.0,0.0,0.0,0.0,2.0,2.0,0.0,0.0,0.0,0.0,0.0,0.0,0.0,0.0,0.0,0.0,0.97,0.0,0.0,0.0,0.0,0.0,0.0,0.0,0.0,0.0,0.0,0.0,0.0,0.0,0.0,0.0,0.0,0.0,0.0,0.0,0.0,0.0,0.0,0.0,0.0,0.0,0.0,0.0,0.0,0.0,0.0,0.0,0.0,0.0,0.0,0.0,0.0,0.0,0.0,0.0,0.0,0.0,0.0,0.0,0.0,0.0,0.0,0.0,0.0,0.0,0.0,0.0,0.0,0.0,0.0,0.0,0.0,0.0
847934384808498482699,Keller-Hayton-Guenther,2026020013,2026,UTA,CHI,HOME,20261001,line,5on5,42.0,9.0,0.0,0.0,0.0,0.0,0.0,0.0,0.0,0.0,0.0,0.0,0.0,0.0,0.0,0.0,0.0,0.0,0.0,0.0,0.0,0.0,0.0,0.0,0.0,0.0,0.0,0.0,0.0,0.0,0.0,0.0,0.0,0.0,0.0,0.0,0.0,0.0,0.0,0.0,0.0,0.0,0.0,0.0,0.0,0.0,0.0,0.0,0.0,0.0,0.0,0.0,0.0,0.0,0.0,0.0,0.0,0.0,0.0,0.0,0.0,0.0,0.0,0.0,0.0,0.0,0.0,0.0,0.0,0.0,0.0,0.0,0.0,0.0,0.0,0.0,0.0,0.0,0.0,0.0,1.0,0.0,0.0,0.0,0.0,0.0,0.0,0.0,0.0,0.0,0.0,0.0,0.0,0.0,0.0,0.0,0.0,0.0,0.0,0.0,0.0
847638984784748480849,Crouse-Trocheck-Hayton,2026020013,2026,UTA,CHI,HOME,20261001,line,5on5,19.0,22.0,0.0,0.0,0.0,0.0,0.0,0.0,0.0,0.0,0.0,0.0,0.0,0.0,0.0,0.0,0.0,0.0,0.0,0.0,0.0,0.0,0.0,0.0,0.0,0.0,0.0,0.0,0.0,0.0,1.0,1.0,0.0,0.0,0.0,0.0,0.0,0.0,0.0,0.0,0.0,0.0,0.0,0.0,0.0,0.0,0.0,0.0,0.0,0.0,0.0,0.0,0.0,0.697,0.087,0.087,0.1,0.003,0.419,0.304,0.086,0.092,0.09,0.0,1.0,0.0,1.0,0.0,0.0,0.0,0.0,0.0,1.0,0.0,0.0,1.0,0.0,0.0,0.0,0.0,0.0,0.0,0.0,1.0,0.0,0.0,0.087,0.0,0.0,0.0,0.0,1.032,1.0,1.03,0.0,0.018,0.0,0.0,0.106,0.111,0.109
84785078484386,Simashev-Marino,2026020013,2026,UTA,CHI,HOME,20261001,pairing,5on5,72.0,5.0,0.0,0.0,0.0,0.0,0.0,0.0,0.0,0.0,0.0,0.0,0.0,0.0,0.0,0.0,0.0,0.0,0.0,0.0,0.0,0.0,0.0,0.0,0.0,0.0,0.0,0.0,0.0,0.0,0.0,0.0,0.0,1.0,0.0,0.0,0.0,0.0,0.0,0.0,0.0,0.0,0.0,0.0,0.0,0.0,1.0,0.0,0.0,0.0,0.0,0.0,0.0,1.631,0.217,0.162,0.224,0.003,0.598,0.795,0.217,0.21,0.21,1.0,1.0,0.0,2.0,0.0,0.0,0.0,0.0,0.0,1.0,1.0,1.0,2.0,0.0,0.0,0.0,0.0,0.0,0.0,1.0,1.0,0.0,0.073,0.144,0.0,0.0,0.0,0.0,1.79,2.0,1.909,0.0,0.034,0.0,0.0,0.251,0.243,0.243
847638984788318479619,Carcone-Trocheck-Stenlund,2026020013,2026,UTA,CHI,HOME,20261001,line,5on5,11.0,26.0,0.0,0.0,0.0,0.0,0.0,0.0,0.0,0.0,0.0,0.0,0.0,0.0,0.0,0.0,0.0,0.0,0.0,0.0,0.0,0.0,0.0,0.0,0.0,0.0,0.0,0.0,0.0,0.0,0.0,0.0,0.0,0.0,0.0,0.0,0.0,0.0,0.0,0.0,0.0,0.0,0.0,0.0,0.0,0.0,0.0,0.0,0.0,0.0,0.0,0.0,0.0,0.785,0.073,0.08,0.137,0.001,0.3,0.408,0.073,0.071,0.071,1.0,0.0,0.0,1.0,0.0,0.0,0.0,0.0,0.0,1.0,0.0,1.0,1.0,0.0,0.0,0.0,0.0,0.0,0.0,1.0,0.0,0.0,0.073,0.0,0.0,0.0,0.0,0.0,0.895,1.0,0.954,0.0,0.017,0.0,0.0,0.09,0.087,0.087
84772208479369,Schmidt-Peeke,2026020013,2026,UTA,CHI,HOME,20261001,pairing,5on5,71.0,6.0,0.0,0.0,0.0,0.0,0.0,0.0,0.0,0.0,0.0,0.0,0.0,0.0,0.0,0.0,0.0,0.0,0.0,0.0,0.0,0.0,0.0,0.0,0.0,0.0,0.0,0.0,0.0,0.0,1.0,0.0,0.0,0.0,0.0,0.0,0.0,0.0,0.0,0.0,0.0,0.0,0.0,0.0,0.0,0.0,0.0,0.0,0.0,0.0,0.0,0.0,0.0,0.796,0.012,0.045,0.204,0.001,0.324,0.415,0.012,0.011,0.011,1.0,0.0,0.0,1.0,0.0,0.0,0.0,0.0,0.0,1.0,0.0,1.0,1.0,0.0,0.0,0.0,0.0,1.0,0.0,1.0,0.0,0.0,0.012,0.0,0.0,0.0,0.0,0.0,0.895,1.0,0.954,0.0,0.008,0.0,0.0,0.02,0.02,0.02
84773468479369,Weegar-Peeke,2026020013,2026,UTA,CHI,HOME,20261001,pairing,5on5,21.0,14.0,0.0,1.0,0.0,0.0,0.0,0.0,0.0,0.0,0.0,0.0,0.0,0.0,0.0,0.0,0.0,1.0,1.0,0.0,0.0,0.0,0.0,0.0,0.0,0.0,0.0,0.0,0.0,0.0,0.0,0.0,0.0,0.0,0.0,0.0,0.0,0.0,0.0,0.0,0.0,0.0,0.0,0.97,0.0,0.0,0.0,0.0,0.0,0.0,0.0,0.0,0.0,0.0,0.0,0.0,0.0,0.0,0.0,0.0,0.0,0.0,0.0,0.0,0.0,0.0,0.0,0.0,0.0,0.0,0.0,0.0,0.0,0.0,0.0,0.0,0.0,0.0,0.0,0.0,0.0,1.0,0.0,0.0,0.0,0.0,0.0,0.0,0.0,0.0,0.0,0.0,0.0,0.0,1.0,0.0,0.0,0.0,0.0,0.0,0.0
84773468484386,Simashev-Weegar,2026020013,2026,UTA,CHI,HOME,20261001,pairing,5on5,43.0,9.0,1.0,1.0,1.0,3.254,0.563,0.362,0.618,0.013,1.236,1.207,0.507,0.583,0.525,3.0,1.0,0.0,4.0,0.0,1.0,0.0,1.0,0.0,2.0,0.0,3.0,4.0,1.0,5.0,0.0,1.0,0.0,1.0,2.0,1.0,1.0,0.065,0.167,0.331,0.0,0.0,0.0,4.528,4.0,4.201,0.0,0.074,0.331,0.331,0.306,0.317,0.311,0.0,0.0,0.0,0.0,0.0,0.0,0.0,0.0,0.0,0.0,0.0,0.0,0.0,0.0,0.0,0.0,0.0,0.0,0.0,0.0,0.0,0.0,0.0,1.0,5.0,0.0,0.0,0.0,0.0,0.0,0.0,0.0,0.0,0.0,0.0,0.0,0.0,0.0,0.0,0.0,0.0,0.0,0.0,0.0,0.0,0.0,0.0,0.0
848084984826998483431,Cooley-Hayton-Guenther,2026020013,2026,UTA,CHI,HOME,20261001,line,5on5,10.0,27.0,0.0,0.0,0.0,0.0,0.0,0.0,0.0,0.0,0.0,0.0,0.0,0.0,0.0,0.0,0.0,0.0,0.0,0.0,0.0,0.0,0.0,0.0,0.0,0.0,0.0,0.0,0.0,0.0,1.0,0.0,0.0,0.0,0.0,0.0,0.0,0.0,0.0,0.0,0.0,0.0,0.0,0.0,0.0,0.0,0.0,0.0,0.0,0.0,0.0,0.0,0.0,0.0,0.0,0.0,0.0,0.0,0.0,0.0,0.0,0.0,0.0,0.0,0.0,0.0,0.0,0.0,0.0,0.0,0.0,0.0,0.0,0.0,0.0,0.0,0.0,0.0,0.0,1.0,0.0,0.0,0.0,0.0,0.0,0.0,0.0,0.0,0.0,0.0,0.0,0.0,0.0,0.0,0.0,0.0,0.0,0.0,0.0,0.0,0.0
847883184796198484388,But-Stenlund-Carcone,2026020013,2026,UTA,CHI,HOME,20261001,line,5on5,472.0,4.0,0.86,0.6667,0.75,6.427,0.602,0.63,1.255,0.013,3.12,3.381,0.527,0.608,0.533,4.0,5.0,1.0,10.0,1.0,1.0,0.0,0.0,0.0,3.0,4.0,3.0,8.0,0.0,0.0,5.0,10.0,2.0,2.0,7.0,1.0,1.0,0.289,0.096,0.217,1.0,0.0,0.0,10.926,9.0,9.374,0.0,0.128,0.061,0.061,0.669,0.676,0.612,2.093,0.098,0.182,0.469,0.005,1.111,1.135,0.098,0.1,0.1,3.0,0.0,2.0,5.0,0.0,0.0,0.0,0.0,0.0,1.0,2.0,3.0,3.0,0.0,0.0,2.0,2.0,0.0,2.0,3.0,0.0,0.0,0.098,0.0,0.0,0.0,0.0,0.0,4.79,3.0,3.015,2.0,0.036,0.0,0.0,0.134,0.137,0.137
847934384826998483431,Keller-Cooley-Guenther,2026020013,2026,UTA,CHI,HOME,20261001,line,5on5,26.0,16.0,0.0,0.0,0.0,0.0,0.0,0.0,0.0,0.0,0.0,0.0,0.0,0.0,0.0,0.0,0.0,0.0,0.0,0.0,0.0,0.0,0.0,0.0,0.0,0.0,0.0,0.0,0.0,0.0,0.0,0.0,0.0,1.0,0.0,0.0,0.0,0.0,0.0,0.0,0.0,0.0,0.0,0.0,0.0,0.0,0.0,0.0,0.0,0.0,0.0,0.0,0.0,0.0,0.0,0.0,0.0,0.0,0.0,0.0,0.0,0.0,0.0,0.0,0.0,0.0,0.0,0.0,0.0,0.0,0.0,0.0,0.0,0.0,0.0,0.0,0.0,0.0,0.0,0.0,0.0,1.0,0.0,0.0,0.0,0.0,0.0,0.0,0.0,0.0,0.0,0.0,0.0,0.0,0.0,0.0,0.0,0.0,0.0,0.0,0.0
847638984793438480849,Hayton-Trocheck-Keller,2026020013,2026,UTA,CHI,HOME,20261001,line,5on5,65.0,6.0,1.0,1.0,1.0,0.665,0.049,0.069,0.169,0.001,0.342,0.37,0.049,0.049,0.049,0.0,1.0,2.0,3.0,0.0,0.0,0.0,0.0,0.0,0.0,1.0,0.0,1.0,0.0,0.0,0.0,2.0,0.0,0.0,1.0,0.0,0.0,0.049,0.0,0.0,0.0,0.0,0.0,3.014,1.0,1.05,0.0,0.012,0.0,0.0,0.061,0.062,0.062,0.0,0.0,0.0,0.0,0.0,0.0,0.0,0.0,0.0,0.0,0.0,0.0,0.0,0.0,0.0,0.0,0.0,0.0,0.0,0.0,0.0,0.0,0.0,0.0,0.0,0.0,1.0,0.0,1.0,0.0,0.0,0.0,0.0,0.0,0.0,0.0,0.0,0.0,0.0,0.0,0.0,1.0,0.0,0.0,0.0,0.0,0.0,0.0
84773468479410,Sergachev-Weegar,2026020013,2026,UTA,CHI,HOME,20261001,pairing,5on5,968.0,1.0,0.7389,0.5882,0.6429,13.238,1.03,1.315,2.495,0.039,6.679,6.442,0.999,1.002,0.972,12.0,6.0,2.0,20.0,0.0,2.0,0.0,6.0,0.0,5.0,5.0,12.0,18.0,1.0,2.0,13.0,19.0,2.0,3.0,13.0,5.0,0.0,0.396,0.633,0.0,0.0,0.0,0.0,20.614,18.0,18.114,1.0,0.267,0.036,0.036,1.26,1.227,1.194,6.983,0.364,0.556,1.402,0.015,3.463,4.2,0.359,0.356,0.352,4.0,6.0,4.0,14.0,0.0,1.0,0.0,0.0,0.0,2.0,7.0,4.0,10.0,0.0,0.0,2.0,5.0,1.0,0.0,9.0,1.0,0.0,0.266,0.097,0.0,0.0,0.0,0.0,12.886,10.0,9.695,0.0,0.111,0.048,0.048,0.427,0.42,0.419
84836788484240,Pettersson-Willander,2026020015,2026,VAN,EDM,HOME,20261001,pairing,5on5,199.0,7.0,0.9767,0.8,0.6667,1.76,0.42,0.217,0.23,0.008,0.458,0.666,0.389,0.371,0.344,2.0,0.0,2.0,4.0,1.0,1.0,1.0,0.0,0.0,0.0,0.0,1.0,1.0,0.0,0.0,1.0,1.0,0.0,1.0,0.0,1.0,1.0,0.0,0.093,0.327,0.0,0.0,1.0,3.4,2.0,1.757,1.0,0.049,0.327,0.327,0.142,0.126,0.124,0.744,0.01,0.02,0.102,0.001,0.306,0.56,0.01,0.012,0.012,1.0,0.0,0.0,1.0,0.0,0.0,0.0,0.0,0.0,0.0,1.0,1.0,1.0,1.0,2.0,2.0,1.0,0.0,1.0,1.0,0.0,0.0,0.01,0.0,0.0,0.0,0.0,0.0,1.214,1.0,1.161,1.0,0.004,0.0,0.0,0.014,0.017,0.017
84764678483678,Oleksiak-Pettersson,2026020004,2026,VAN,EDM,AWAY,20260929,pairing,5on5,73.0,6.0,0.0,0.0,0.0,0.0,0.0,0.0,0.0,0.0,0.0,0.0,0.0,0.0,0.0,0.0,0.0,0.0,0.0,0.0,0.0,0.0,0.0,0.0,0.0,0.0,0.0,0.0,0.0,0.0,0.0,1.0,0.0,0.0,0.0,0.0,0.0,0.0,0.0,0.0,0.0,0.0,0.0,0.0,0.0,0.0,0.0,0.0,0.0,0.0,0.0,0.0,0.0,0.586,0.038,0.071,0.192,0.001,0.381,0.316,0.038,0.036,0.036,1.0,0.0,2.0,3.0,1.0,0.0,0.0,0.0,0.0,0.0,0.0,0.0,0.0,0.0,0.0,1.0,0.0,0.0,0.0,1.0,0.0,0.0,0.038,0.0,0.0,1.0,0.0,0.0,2.91,1.0,0.971,0.0,0.015,0.0,0.0,0.052,0.05,0.05
848001284810248482055,O'Connor-Pettersson-Karlsson,2026020004,2026,VAN,EDM,AWAY,20260929,line,5on5,32.0,9.0,0.0,0.0,0.0,0.0,0.0,0.0,0.0,0.0,0.0,0.0,0.0,0.0,0.0,0.0,0.0,0.0,0.0,0.0,0.0,0.0,0.0,0.0,0.0,0.0,0.0,0.0,0.0,0.0,0.0,0.0,0.0,0.0,0.0,0.0,0.0,0.0,0.0,0.0,0.0,0.0,0.0,0.0,0.0,0.0,0.0,0.0,0.0,0.0,0.0,0.0,0.0,1.521,0.219,0.139,0.281,0.003,0.671,0.688,0.219,0.208,0.208,2.0,0.0,0.0,2.0,1.0,0.0,0.0,0.0,0.0,0.0,1.0,1.0,1.0,0.0,0.0,0.0,0.0,0.0,0.0,1.0,0.0,1.0,0.009,0.0,0.21,0.0,0.0,1.0,1.885,2.0,1.888,0.0,0.028,0.0,0.0,0.246,0.235,0.235
848102484810328482055,O'Connor-Cotter-Karlsson,2026020004,2026,VAN,EDM,AWAY,20260929,line,5on5,18.0,14.0,0.0,0.5,0.0,0.0,0.0,0.0,0.0,0.0,0.0,0.0,0.0,0.0,0.0,0.0,0.0,1.0,1.0,0.0,0.0,0.0,0.0,0.0,0.0,0.0,0.0,0.0,0.0,0.0,0.0,0.0,0.0,0.0,0.0,0.0,0.0,0.0,0.0,0.0,0.0,0.0,0.0,1.103,0.0,0.0,0.0,0.0,0.0,0.0,0.0,0.0,0.0,0.759,0.021,0.072,0.093,0.001,0.369,0.443,0.021,0.02,0.02,1.0,0.0,0.0,1.0,0.0,0.0,0.0,1.0,0.0,0.0,0.0,1.0,1.0,0.0,0.0,0.0,0.0,0.0,0.0,1.0,0.0,0.0,0.021,0.0,0.0,0.0,0.0,0.0,0.915,1.0,0.916,0.0,0.015,0.0,0.0,0.037,0.034,0.034
84764678479425,Oleksiak-Hronek,2026020004,2026,VAN,EDM,AWAY,20260929,pairing,5on5,128.0,5.0,1.0,0.5,1.0,0.728,0.034,0.058,0.173,0.004,0.38,0.351,0.034,0.037,0.037,1.0,0.0,0.0,1.0,0.0,0.0,0.0,0.0,0.0,1.0,0.0,1.0,1.0,0.0,0.0,0.0,0.0,0.0,2.0,1.0,0.0,0.0,0.034,0.0,0.0,0.0,0.0,0.0,1.103,1.0,1.1,1.0,0.011,0.0,0.0,0.045,0.05,0.05,0.0,0.0,0.0,0.0,0.0,0.0,0.0,0.0,0.0,0.0,0.0,0.0,1.0,1.0,0.0,0.0,0.0,0.0,0.0,0.0,0.0,0.0,0.0,0.0,0.0,0.0,0.0,0.0,1.0,0.0,0.0,0.0,0.0,0.0,0.0,0.0,0.0,0.0,0.97,0.0,0.0,0.0,0.0,0.0,0.0,0.0,0.0,0.0
84764678479425,Oleksiak-Hronek,2026020015,2026,VAN,EDM,HOME,20261001,pairing,5on5,243.0,5.0,1.0,1.0,1.0,2.182,0.38,0.281,0.35,0.004,0.97,1.016,0.358,0.338,0.319,2.0,1.0,1.0,4.0,1.0,0.0,0.0,0.0,0.0,1.0,1.0,1.0,2.0,0.0,0.0,3.0,2.0,0.0,0.0,1.0,1.0,1.0,0.071,0.105,0.204,0.0,1.0,0.0,3.432,3.0,2.644,0.0,0.062,0.0,0.0,0.441,0.393,0.371,0.0,0.0,0.0,0.0,0.0,0.0,0.0,0.0,0.0,0.0,0.0,0.0,0.0,0.0,0.0,0.0,0.0,0.0,0.0,0.0,0.0,0.0,0.0,0.0,0.0,1.0,1.0,0.0,2.0,0.0,0.0,0.0,0.0,0.0,0.0,0.0,0.0,0.0,0.0,0.0,0.0,1.0,0.0,0.0,0.0,0.0,0.0,0.0
848102484834998484136,Ohgren-Sasson-Karlsson,2026020004,2026,VAN,EDM,AWAY,20260929,line,5on5,27.0,10.0,0.0,0.0,0.0,0.0,0.0,0.0,0.0,0.0,0.0,0.0,0.0,0.0,0.0,0.0,0.0,0.0,0.0,0.0,0.0,0.0,0.0,0.0,0.0,0.0,0.0,0.0,0.0,0.0,0.0,0.0,0.0,0.0,0.0,0.0,0.0,0.0,0.0,0.0,0.0,0.0,0.0,0.0,0.0,0.0,0.0,0.0,0.0,0.0,0.0,0.0,0.0,0.0,0.0,0.0,0.0,0.0,0.0,0.0,0.0,0.0,0.0,0.0,0.0,0.0,0.0,0.0,0.0,0.0,0.0,0.0,0.0,0.0,0.0,0.0,0.0,0.0,0.0,1.0,0.0,1.0,0.0,0.0,0.0,0.0,0.0,0.0,0.0,0.0,0.0,0.0,0.0,0.0,0.0,0.0,0.0,0.0,0.0,0.0,0.0
847849884800128482055,Debrusk-Pettersson-O'Connor,2026020004,2026,VAN,EDM,AWAY,20260929,line,5on5,41.0,7.0,0.0,0.0,0.0,0.0,0.0,0.0,0.0,0.0,0.0,0.0,0.0,0.0,0.0,0.0,0.0,0.0,0.0,0.0,0.0,0.0,0.0,0.0,0.0,0.0,0.0,0.0,0.0,0.0,0.0,0.0,0.0,0.0,0.0,0.0,0.0,0.0,0.0,0.0,0.0,0.0,0.0,0.0,0.0,0.0,0.0,0.0,0.0,0.0,0.0,0.0,0.0,0.0,0.0,0.0,0.0,0.0,0.0,0.0,0.0,0.0,0.0,0.0,0.0,0.0,0.0,0.0,0.0,0.0,0.0,0.0,0.0,0.0,0.0,0.0,0.0,0.0,1.0,0.0,0.0,0.0,0.0,0.0,0.0,0.0,0.0,0.0,0.0,0.0,0.0,0.0,0.0,0.0,0.0,0.0,0.0,0.0,0.0,0.0,0.0
84836788484798,Buium-Pettersson,2026020004,2026,VAN,EDM,AWAY,20260929,pairing,5on5,39.0,8.0,0.0,0.0,0.0,0.0,0.0,0.0,0.0,0.0,0.0,0.0,0.0,0.0,0.0,0.0,0.0,0.0,0.0,0.0,0.0,0.0,0.0,0.0,0.0,0.0,0.0,0.0,0.0,0.0,0.0,0.0,0.0,1.0,0.0,0.0,0.0,0.0,0.0,0.0,0.0,0.0,0.0,0.0,0.0,0.0,0.0,0.0,0.0,0.0,0.0,0.0,0.0,0.0,0.0,0.0,0.0,0.0,0.0,0.0,0.0,0.0,0.0,0.0,0.0,0.0,0.0,0.0,0.0,0.0,0.0,0.0,0.0,0.0,0.0,0.0,0.0,0.0,0.0,1.0,0.0,1.0,0.0,0.0,0.0,0.0,0.0,0.0,0.0,0.0,0.0,0.0,0.0,0.0,0.0,0.0,0.0,0.0,0.0,0.0,0.0
84745688484798,Buium-Schenn,2026020015,2026,VAN,EDM,HOME,20261001,pairing,5on5,234.0,6.0,0.7485,0.8333,0.7778,5.372,0.762,0.623,0.805,0.017,2.372,2.421,0.7,0.674,0.62,3.0,4.0,3.0,10.0,1.0,1.0,1.0,0.0,0.0,2.0,3.0,2.0,6.0,1.0,2.0,1.0,2.0,1.0,1.0,4.0,1.0,2.0,0.109,0.181,0.472,0.0,0.0,1.0,8.772,7.0,6.241,0.0,0.132,0.21,0.21,0.684,0.607,0.563,1.66,0.256,0.157,0.208,0.003,0.554,0.823,0.256,0.295,0.295,0.0,2.0,0.0,2.0,0.0,0.0,0.0,0.0,0.0,1.0,1.0,0.0,2.0,0.0,0.0,0.0,3.0,0.0,1.0,1.0,0.0,1.0,0.022,0.0,0.234,0.0,0.0,0.0,2.428,2.0,2.322,0.0,0.033,0.0,0.0,0.29,0.334,0.334
847584884820558484136,O'Connor-Sasson-Gallagher,2026020004,2026,VAN,EDM,AWAY,20260929,line,5on5,41.0,6.0,1.0,1.0,1.0,0.939,0.108,0.137,0.123,0.003,0.273,0.356,0.108,0.113,0.113,1.0,0.0,1.0,2.0,0.0,0.0,0.0,0.0,0.0,1.0,0.0,1.0,1.0,0.0,0.0,0.0,2.0,0.0,0.0,0.0,1.0,0.0,0.0,0.108,0.0,0.0,0.0,0.0,2.064,1.0,1.03,0.0,0.03,0.0,0.0,0.138,0.145,0.145,0.0,0.0,0.0,0.0,0.0,0.0,0.0,0.0,0.0,0.0,0.0,0.0,0.0,0.0,0.0,0.0,0.0,0.0,0.0,0.0,0.0,0.0,0.0,0.0,0.0,0.0,2.0,0.0,0.0,0.0,0.0,0.0,0.0,0.0,0.0,0.0,0.0,0.0,0.0,0.0,0.0,0.0,0.0,0.0,0.0,0.0,0.0,0.0
847584884820558484136,O'Connor-Sasson-Gallagher,2026020015,2026,VAN,EDM,HOME,20261001,line,5on5,337.0,3.0,0.7056,0.6364,0.6667,4.595,0.81,0.583,0.693,0.019,1.658,2.237,0.762,0.716,0.673,1.0,5.0,1.0,7.0,0.0,0.0,0.0,0.0,0.0,2.0,4.0,1.0,6.0,0.0,0.0,2.0,4.0,0.0,1.0,2.0,3.0,1.0,0.055,0.494,0.261,0.0,0.0,0.0,5.95,6.0,5.27,0.0,0.123,0.0,0.0,0.933,0.824,0.778,2.409,0.338,0.235,0.313,0.005,0.92,1.189,0.338,0.389,0.389,0.0,3.0,1.0,4.0,0.0,0.0,0.0,0.0,0.0,1.0,2.0,0.0,3.0,1.0,2.0,1.0,1.0,0.0,1.0,1.0,1.0,1.0,0.022,0.082,0.234,0.0,0.0,0.0,4.856,3.0,3.483,1.0,0.05,0.0,0.0,0.389,0.447,0.447
848102484834768483499,Ohgren-Karlsson-Lekkerimaki,2026020015,2026,VAN,EDM,HOME,20261001,line,5on5,34.0,12.0,0.0,0.0,0.0,0.0,0.0,0.0,0.0,0.0,0.0,0.0,0.0,0.0,0.0,0.0,0.0,0.0,0.0,0.0,0.0,0.0,0.0,0.0,0.0,0.0,0.0,0.0,0.0,0.0,0.0,0.0,0.0,0.0,0.0,0.0,0.0,0.0,0.0,0.0,0.0,0.0,0.0,0.0,0.0,0.0,0.0,0.0,0.0,0.0,0.0,0.0,0.0,0.0,0.0,0.0,0.0,0.0,0.0,0.0,0.0,0.0,0.0,0.0,0.0,0.0,0.0,0.0,0.0,0.0,0.0,0.0,0.0,0.0,0.0,0.0,0.0,0.0,0.0,0.0,0.0,0.0,0.0,0.0,0.0,0.0,0.0,0.0,0.0,0.0,0.0,0.0,0.0,0.0,0.0,0.0,0.0,0.0,0.0,0.0,0.0
847844484784988480012,Debrusk-Pettersson-Boeser,2026020015,2026,VAN,EDM,HOME,20261001,line,5on5,107.0,9.0,0.0,0.0,0.0,0.0,0.0,0.0,0.0,0.0,0.0,0.0,0.0,0.0,0.0,0.0,0.0,0.0,0.0,0.0,0.0,0.0,0.0,0.0,0.0,0.0,0.0,0.0,0.0,0.0,1.0,0.0,0.0,0.0,0.0,0.0,0.0,0.0,0.0,0.0,0.0,0.0,0.0,0.0,0.0,0.0,0.0,0.0,0.0,0.0,0.0,0.0,0.0,0.765,0.004,0.008,0.029,0.001,0.407,0.55,0.004,0.005,0.005,1.0,0.0,0.0,1.0,0.0,0.0,0.0,0.0,0.0,0.0,1.0,1.0,1.0,0.0,0.0,0.0,0.0,0.0,0.0,1.0,0.0,0.0,0.004,0.0,0.0,0.0,0.0,0.0,1.154,1.0,1.146,0.0,0.002,0.0,0.0,0.006,0.007,0.007
84764678484798,Oleksiak-Buium,2026020004,2026,VAN,EDM,AWAY,20260929,pairing,5on5,43.0,7.0,0.0,0.0,0.0,0.0,0.0,0.0,0.0,0.0,0.0,0.0,0.0,0.0,0.0,0.0,0.0,0.0,0.0,0.0,0.0,0.0,0.0,0.0,0.0,0.0,0.0,0.0,0.0,0.0,0.0,1.0,0.0,0.0,0.0,0.0,0.0,0.0,0.0,0.0,0.0,0.0,0.0,0.0,0.0,0.0,0.0,0.0,0.0,0.0,0.0,0.0,0.0,0.0,0.0,0.0,0.0,0.0,0.0,0.0,0.0,0.0,0.0,0.0,0.0,0.0,0.0,0.0,0.0,0.0,0.0,0.0,0.0,0.0,0.0,0.0,0.0,0.0,0.0,0.0,0.0,0.0,0.0,0.0,0.0,0.0,0.0,0.0,0.0,0.0,0.0,0.0,0.0,0.0,0.0,0.0,0.0,0.0,0.0,0.0,0.0
84764678484798,Oleksiak-Buium,2026020015,2026,VAN,EDM,HOME,20261001,pairing,5on5,168.0,8.0,0.1111,0.3333,0.2,0.737,0.041,0.061,0.179,0.001,0.271,0.446,0.041,0.036,0.036,1.0,0.0,1.0,2.0,0.0,0.0,0.0,0.0,0.0,1.0,0.0,1.0,1.0,0.0,0.0,0.0,0.0,0.0,4.0,1.0,0.0,0.0,0.041,0.0,0.0,0.0,0.0,0.0,1.7,1.0,0.878,0.0,0.012,0.0,0.0,0.053,0.047,0.047,2.886,0.328,0.463,0.397,0.008,1.597,1.208,0.302,0.363,0.335,2.0,2.0,0.0,4.0,1.0,1.0,0.0,0.0,0.0,2.0,0.0,1.0,3.0,0.0,0.0,0.0,1.0,0.0,1.0,2.0,1.0,1.0,0.023,0.091,0.214,0.0,0.0,1.0,4.463,4.0,4.447,1.0,0.092,0.01,0.01,0.409,0.453,0.417
847849884800128481024,Debrusk-Pettersson-Karlsson,2026020015,2026,VAN,EDM,HOME,20261001,line,5on5,370.0,2.0,0.9223,0.5714,0.6,2.182,0.38,0.281,0.35,0.004,0.97,1.016,0.358,0.338,0.319,2.0,1.0,1.0,4.0,1.0,0.0,0.0,0.0,0.0,1.0,1.0,1.0,2.0,1.0,2.0,4.0,2.0,1.0,2.0,1.0,1.0,1.0,0.071,0.105,0.204,0.0,1.0,0.0,3.432,3.0,2.644,0.0,0.062,0.0,0.0,0.441,0.393,0.371,1.383,0.032,0.136,0.197,0.006,0.851,0.779,0.032,0.037,0.037,2.0,0.0,1.0,3.0,1.0,0.0,0.0,1.0,0.0,0.0,0.0,1.0,1.0,1.0,2.0,5.0,2.0,0.0,3.0,2.0,0.0,0.0,0.032,0.0,0.0,1.0,0.0,0.0,3.642,2.0,2.322,1.0,0.027,0.0,0.0,0.059,0.068,0.068
848205584820798484136,O'Connor-Sasson-Rossi,2026020004,2026,VAN,EDM,AWAY,20260929,line,5on5,12.0,16.0,1.0,1.0,1.0,0.783,0.01,0.057,0.168,0.003,0.366,0.398,0.01,0.011,0.011,1.0,0.0,0.0,1.0,0.0,0.0,0.0,0.0,0.0,0.0,1.0,1.0,1.0,0.0,0.0,0.0,0.0,0.0,0.0,1.0,0.0,0.0,0.01,0.0,0.0,0.0,0.0,0.0,1.103,1.0,1.1,0.0,0.012,0.0,0.0,0.021,0.023,0.023,0.0,0.0,0.0,0.0,0.0,0.0,0.0,0.0,0.0,0.0,0.0,0.0,0.0,0.0,0.0,0.0,0.0,0.0,0.0,0.0,0.0,0.0,0.0,0.0,0.0,0.0,0.0,0.0,0.0,0.0,0.0,0.0,0.0,0.0,0.0,0.0,0.0,0.0,0.0,0.0,0.0,0.0,0.0,0.0,0.0,0.0,0.0,0.0
84794258483678,Pettersson-Hronek,2026020015,2026,VAN,EDM,HOME,20261001,pairing,5on5,101.0,9.0,0.6515,0.6667,0.3333,0.667,0.043,0.067,0.185,0.001,0.376,0.329,0.043,0.038,0.038,1.0,0.0,3.0,4.0,0.0,0.0,0.0,1.0,0.0,0.0,0.0,1.0,1.0,0.0,0.0,1.0,0.0,0.0,2.0,1.0,0.0,0.0,0.043,0.0,0.0,0.0,0.0,0.0,3.4,1.0,0.878,1.0,0.013,0.0,0.0,0.056,0.049,0.049,1.556,0.023,0.133,0.254,0.002,0.867,0.722,0.023,0.027,0.027,1.0,1.0,0.0,2.0,0.0,0.0,0.0,0.0,0.0,1.0,1.0,1.0,2.0,0.0,0.0,1.0,0.0,0.0,1.0,2.0,0.0,0.0,0.023,0.0,0.0,0.0,0.0,0.0,2.428,2.0,2.322,0.0,0.028,0.0,0.0,0.051,0.059,0.059
848207984833958483476,Bains-Rossi-Lekkerimaki,2026020015,2026,VAN,EDM,HOME,20261001,line,5on5,271.0,4.0,0.6363,0.8333,0.75,4.583,0.747,0.552,0.775,0.015,1.879,2.031,0.697,0.661,0.616,5.0,1.0,4.0,10.0,2.0,2.0,2.0,1.0,0.0,1.0,0.0,3.0,4.0,1.0,2.0,1.0,2.0,1.0,3.0,3.0,1.0,2.0,0.117,0.093,0.537,0.0,0.0,2.0,8.532,6.0,5.27,1.0,0.12,0.537,0.537,0.33,0.292,0.286,1.716,0.427,0.223,0.204,0.007,0.539,0.601,0.384,0.492,0.442,2.0,0.0,0.0,2.0,1.0,1.0,1.0,0.0,0.0,0.0,0.0,1.0,1.0,0.0,0.0,1.0,3.0,1.0,5.0,0.0,1.0,1.0,0.0,0.165,0.262,0.0,0.0,1.0,2.428,2.0,2.322,3.0,0.049,0.262,0.262,0.214,0.247,0.242
848102484810328483499,Ohgren-Cotter-Karlsson,2026020015,2026,VAN,EDM,HOME,20261001,line,5on5,29.0,13.0,0.0,0.0,0.0,0.0,0.0,0.0,0.0,0.0,0.0,0.0,0.0,0.0,0.0,0.0,0.0,0.0,0.0,0.0,0.0,0.0,0.0,0.0,0.0,0.0,0.0,0.0,0.0,0.0,1.0,1.0,0.0,0.0,0.0,0.0,0.0,0.0,0.0,0.0,0.0,0.0,0.0,0.0,0.0,0.0,0.0,0.0,0.0,0.0,0.0,0.0,0.0,0.0,0.0,0.0,0.0,0.0,0.0,0.0,0.0,0.0,0.0,0.0,0.0,0.0,0.0,0.0,0.0,0.0,0.0,0.0,0.0,0.0,0.0,0.0,0.0,0.0,0.0,0.0,0.0,0.0,0.0,0.0,0.0,0.0,0.0,0.0,0.0,0.0,0.0,0.0,0.0,0.0,0.0,0.0,0.0,0.0,0.0,0.0,0.0
847844484820558484136,O'Connor-Sasson-Boeser,2026020004,2026,VAN,EDM,AWAY,20260929,line,5on5,19.0,13.0,0.0,0.0,0.0,0.0,0.0,0.0,0.0,0.0,0.0,0.0,0.0,0.0,0.0,0.0,0.0,0.0,0.0,0.0,0.0,0.0,0.0,0.0,0.0,0.0,0.0,0.0,0.0,0.0,0.0,0.0,0.0,1.0,0.0,0.0,0.0,0.0,0.0,0.0,0.0,0.0,0.0,0.0,0.0,0.0,0.0,0.0,0.0,0.0,0.0,0.0,0.0,0.0,0.0,0.0,0.0,0.0,0.0,0.0,0.0,0.0,0.0,0.0,0.0,0.0,0.0,0.0,0.0,0.0,0.0,0.0,0.0,0.0,0.0,0.0,0.0,0.0,0.0,0.0,0.0,0.0,0.0,0.0,0.0,0.0,0.0,0.0,0.0,0.0,0.0,0.0,0.0,0.0,0.0,0.0,0.0,0.0,0.0,0.0,0.0
847849884820798483476,Debrusk-Rossi-Lekkerimaki,2026020004,2026,VAN,EDM,AWAY,20260929,line,5on5,24.0,11.0,0.0,0.0,0.0,0.0,0.0,0.0,0.0,0.0,0.0,0.0,0.0,0.0,0.0,0.0,0.0,0.0,0.0,0.0,0.0,0.0,0.0,0.0,0.0,0.0,0.0,0.0,0.0,0.0,0.0,0.0,0.0,0.0,0.0,0.0,0.0,0.0,0.0,0.0,0.0,0.0,0.0,0.0,0.0,0.0,0.0,0.0,0.0,0.0,0.0,0.0,0.0,2.464,0.219,0.244,0.213,0.003,0.804,1.518,0.217,0.201,0.199,2.0,1.0,0.0,3.0,0.0,1.0,0.0,0.0,0.0,0.0,2.0,2.0,3.0,0.0,0.0,0.0,0.0,0.0,0.0,2.0,0.0,1.0,0.017,0.0,0.202,0.0,0.0,0.0,2.712,3.0,2.72,0.0,0.051,0.01,0.01,0.26,0.239,0.232
847849884820798483476,Debrusk-Rossi-Lekkerimaki,2026020015,2026,VAN,EDM,HOME,20261001,line,5on5,45.0,11.0,0.0,0.0,0.0,0.0,0.0,0.0,0.0,0.0,0.0,0.0,0.0,0.0,0.0,0.0,0.0,0.0,0.0,0.0,0.0,0.0,0.0,0.0,0.0,0.0,0.0,0.0,0.0,0.0,0.0,1.0,0.0,0.0,0.0,0.0,0.0,0.0,0.0,0.0,0.0,0.0,0.0,0.0,0.0,0.0,0.0,0.0,0.0,0.0,0.0,0.0,0.0,0.0,0.0,0.0,0.0,0.0,0.0,0.0,0.0,0.0,0.0,0.0,0.0,0.0,0.0,0.0,0.0,0.0,0.0,0.0,0.0,0.0,0.0,0.0,0.0,0.0,0.0,0.0,0.0,0.0,0.0,0.0,0.0,0.0,0.0,0.0,0.0,0.0,0.0,0.0,0.0,0.0,0.0,0.0,0.0,0.0,0.0,0.0,0.0
847849884834768483499,Ohgren-Debrusk-Lekkerimaki,2026020015,2026,VAN,EDM,HOME,20261001,line,5on5,20.0,15.0,0.0,0.0,0.0,0.0,0.0,0.0,0.0,0.0,0.0,0.0,0.0,0.0,0.0,0.0,0.0,0.0,0.0,0.0,0.0,0.0,0.0,0.0,0.0,0.0,0.0,0.0,1.0,2.0,0.0,0.0,0.0,0.0,0.0,0.0,0.0,0.0,0.0,0.0,0.0,0.0,0.0,0.0,0.0,0.0,0.0,0.0,0.0,0.0,0.0,0.0,0.0,0.0,0.0,0.0,0.0,0.0,0.0,0.0,0.0,0.0,0.0,0.0,0.0,0.0,0.0,0.0,0.0,0.0,0.0,0.0,0.0,0.0,0.0,0.0,0.0,0.0,1.0,0.0,0.0,0.0,0.0,0.0,0.0,0.0,0.0,0.0,0.0,0.0,0.0,0.0,0.0,0.0,0.0,0.0,0.0,0.0,0.0,0.0,0.0
847584884810328483395,Bains-Cotter-Gallagher,2026020004,2026,VAN,EDM,AWAY,20260929,line,5on5,478.0,4.0,0.2328,0.2857,0.3636,2.951,0.115,0.194,0.531,0.003,1.179,1.978,0.115,0.124,0.124,3.0,1.0,0.0,4.0,0.0,0.0,0.0,1.0,0.0,1.0,2.0,3.0,4.0,1.0,2.0,2.0,4.0,1.0,3.0,4.0,0.0,0.0,0.115,0.0,0.0,0.0,0.0,0.0,4.452,4.0,4.392,2.0,0.038,0.0,0.0,0.153,0.166,0.166,4.953,0.379,0.521,0.749,0.013,2.514,2.824,0.375,0.356,0.352,4.0,3.0,3.0,10.0,0.0,1.0,0.0,0.0,0.0,3.0,3.0,4.0,7.0,1.0,2.0,6.0,7.0,0.0,1.0,6.0,1.0,0.0,0.229,0.15,0.0,0.0,0.0,0.0,9.315,7.0,6.524,0.0,0.11,0.043,0.043,0.446,0.419,0.417
847584884810328483395,Bains-Cotter-Gallagher,2026020015,2026,VAN,EDM,HOME,20261001,line,5on5,190.0,7.0,0.1641,0.375,0.1667,0.472,0.065,0.098,0.077,0.001,0.302,0.456,0.065,0.062,0.062,0.0,1.0,2.0,3.0,0.0,0.0,0.0,0.0,0.0,1.0,0.0,0.0,1.0,1.0,2.0,1.0,1.0,0.0,1.0,1.0,0.0,0.0,0.065,0.0,0.0,0.0,0.0,0.0,2.8,1.0,0.971,1.0,0.021,0.0,0.0,0.085,0.081,0.081,3.659,0.331,0.525,0.541,0.009,2.039,1.555,0.305,0.367,0.338,2.0,3.0,0.0,5.0,1.0,1.0,0.0,0.0,0.0,3.0,0.0,1.0,4.0,0.0,0.0,1.0,2.0,0.0,0.0,3.0,1.0,1.0,0.026,0.091,0.214,0.0,0.0,1.0,5.677,5.0,5.608,0.0,0.105,0.01,0.01,0.426,0.472,0.436
847849884800128483476,Debrusk-Pettersson-Lekkerimaki,2026020004,2026,VAN,EDM,AWAY,20260929,line,5on5,654.0,1.0,0.1191,0.35,0.2857,2.912,0.076,0.22,0.733,0.005,1.605,1.36,0.076,0.083,0.083,3.0,1.0,3.0,7.0,1.0,0.0,0.0,0.0,0.0,2.0,1.0,2.0,3.0,0.0,0.0,5.0,1.0,2.0,5.0,4.0,0.0,0.0,0.076,0.0,0.0,1.0,0.0,0.0,7.761,4.0,4.332,2.0,0.045,0.0,0.0,0.121,0.131,0.131,7.042,0.562,0.644,1.476,0.015,3.759,3.545,0.546,0.524,0.509,8.0,2.0,3.0,13.0,0.0,0.0,0.0,3.0,0.0,5.0,2.0,8.0,10.0,0.0,0.0,7.0,9.0,2.0,4.0,7.0,3.0,0.0,0.206,0.356,0.0,0.0,0.0,0.0,12.205,10.0,9.417,3.0,0.127,0.0,0.0,0.689,0.643,0.625
847849884800128483476,Debrusk-Pettersson-Lekkerimaki,2026020015,2026,VAN,EDM,HOME,20261001,line,5on5,127.0,8.0,0.0,0.0,0.0,0.0,0.0,0.0,0.0,0.0,0.0,0.0,0.0,0.0,0.0,0.0,0.0,0.0,0.0,0.0,0.0,0.0,0.0,0.0,0.0,0.0,0.0,0.0,0.0,0.0,1.0,2.0,0.0,1.0,0.0,0.0,0.0,0.0,0.0,0.0,0.0,0.0,0.0,0.0,0.0,0.0,1.0,0.0,0.0,0.0,0.0,0.0,0.0,1.547,0.016,0.112,0.285,0.002,0.774,0.81,0.016,0.017,0.017,2.0,0.0,0.0,2.0,0.0,0.0,0.0,0.0,0.0,0.0,2.0,2.0,2.0,0.0,0.0,1.0,0.0,1.0,1.0,2.0,0.0,0.0,0.016,0.0,0.0,0.0,0.0,0.0,2.064,2.0,2.061,1.0,0.023,0.0,0.0,0.04,0.042,0.042
84794258484240,Hronek-Willander,2026020015,2026,VAN,EDM,HOME,20261001,pairing,5on5,42.0,11.0,0.0,0.0,0.0,0.0,0.0,0.0,0.0,0.0,0.0,0.0,0.0,0.0,0.0,0.0,0.0,0.0,0.0,0.0,0.0,0.0,0.0,0.0,0.0,0.0,0.0,0.0,0.0,0.0,1.0,0.0,0.0,0.0,0.0,0.0,0.0,0.0,0.0,0.0,0.0,0.0,0.0,0.0,0.0,0.0,0.0,0.0,0.0,0.0,0.0,0.0,0.0,1.52,0.085,0.124,0.242,0.003,0.833,0.714,0.085,0.098,0.098,1.0,1.0,0.0,2.0,1.0,0.0,0.0,0.0,0.0,0.0,1.0,0.0,1.0,0.0,0.0,0.0,0.0,0.0,0.0,1.0,1.0,0.0,0.003,0.082,0.0,1.0,0.0,0.0,2.428,2.0,2.322,0.0,0.026,0.0,0.0,0.111,0.128,0.128
847844484810328483395,Bains-Cotter-Boeser,2026020015,2026,VAN,EDM,HOME,20261001,line,5on5,19.0,16.0,0.0,0.0,0.0,0.0,0.0,0.0,0.0,0.0,0.0,0.0,0.0,0.0,0.0,0.0,0.0,0.0,0.0,0.0,0.0,0.0,0.0,0.0,0.0,0.0,0.0,0.0,0.0,0.0,0.0,2.0,0.0,0.0,0.0,0.0,0.0,0.0,0.0,0.0,0.0,0.0,0.0,0.0,0.0,0.0,0.0,0.0,0.0,0.0,0.0,0.0,0.0,0.0,0.0,0.0,0.0,0.0,0.0,0.0,0.0,0.0,0.0,0.0,0.0,0.0,0.0,0.0,0.0,0.0,0.0,0.0,0.0,0.0,0.0,0.0,0.0,0.0,0.0,0.0,0.0,0.0,0.0,0.0,0.0,0.0,0.0,0.0,0.0,0.0,0.0,0.0,0.0,0.0,0.0,0.0,0.0,0.0,0.0,0.0,0.0
84745688483678,Pettersson-Schenn,2026020004,2026,VAN,EDM,AWAY,20260929,pairing,5on5,730.0,3.0,0.4979,0.6316,0.6,4.425,0.242,0.39,0.916,0.012,2.106,2.333,0.242,0.261,0.26,5.0,1.0,6.0,12.0,0.0,0.0,0.0,0.0,0.0,2.0,4.0,5.0,6.0,2.0,4.0,4.0,6.0,0.0,3.0,5.0,1.0,0.0,0.146,0.097,0.0,0.0,0.0,0.0,13.023,6.0,6.393,3.0,0.079,0.0,0.0,0.322,0.346,0.345,3.141,0.244,0.277,0.281,0.012,1.356,1.831,0.244,0.232,0.232,4.0,0.0,3.0,7.0,0.0,0.0,0.0,0.0,0.0,2.0,2.0,4.0,4.0,0.0,0.0,8.0,12.0,2.0,1.0,3.0,1.0,0.0,0.094,0.15,0.0,0.0,0.0,0.0,6.625,4.0,3.83,0.0,0.059,0.0,0.0,0.303,0.287,0.287
84745688483678,Pettersson-Schenn,2026020015,2026,VAN,EDM,HOME,20261001,pairing,5on5,430.0,3.0,0.7045,0.4444,0.5,1.86,0.248,0.249,0.337,0.005,0.973,1.188,0.248,0.224,0.224,1.0,2.0,1.0,4.0,1.0,0.0,0.0,0.0,0.0,2.0,0.0,0.0,2.0,2.0,4.0,3.0,6.0,0.0,4.0,2.0,1.0,0.0,0.082,0.167,0.0,0.0,1.0,0.0,3.585,3.0,2.728,1.0,0.052,0.0,0.0,0.3,0.271,0.271,2.161,0.104,0.188,0.307,0.003,1.142,1.256,0.103,0.114,0.113,2.0,1.0,2.0,5.0,0.0,1.0,0.0,0.0,0.0,1.0,1.0,2.0,3.0,1.0,2.0,4.0,5.0,1.0,5.0,2.0,1.0,0.0,0.024,0.081,0.0,0.0,0.0,0.0,5.555,3.0,3.231,2.0,0.039,0.019,0.019,0.124,0.136,0.134
848001284833958483476,Bains-Pettersson-Lekkerimaki,2026020015,2026,VAN,EDM,HOME,20261001,line,5on5,15.0,19.0,1.0,1.0,1.0,2.549,0.129,0.295,0.389,0.003,1.055,1.13,0.124,0.114,0.11,3.0,0.0,0.0,3.0,1.0,2.0,1.0,0.0,0.0,0.0,0.0,2.0,2.0,0.0,0.0,0.0,0.0,0.0,0.0,3.0,0.0,0.0,0.129,0.0,0.0,1.0,0.0,0.0,2.55,3.0,2.635,0.0,0.061,0.093,0.093,0.097,0.086,0.083,0.0,0.0,0.0,0.0,0.0,0.0,0.0,0.0,0.0,0.0,0.0,0.0,0.0,0.0,0.0,0.0,0.0,0.0,0.0,0.0,0.0,0.0,0.0,0.0,0.0,0.0,0.0,0.0,0.0,0.0,0.0,0.0,0.0,0.0,0.0,0.0,0.0,0.0,0.0,0.0,0.0,0.0,0.0,0.0,0.0,0.0,0.0,0.0
847844484800128483499,Ohgren-Pettersson-Boeser,2026020004,2026,VAN,EDM,AWAY,20260929,line,5on5,42.0,5.0,1.0,1.0,1.0,0.794,0.025,0.065,0.194,0.002,0.212,0.502,0.025,0.026,0.026,1.0,0.0,0.0,1.0,0.0,0.0,0.0,0.0,0.0,0.0,1.0,1.0,1.0,0.0,0.0,0.0,0.0,0.0,0.0,1.0,0.0,0.0,0.025,0.0,0.0,0.0,0.0,0.0,1.032,1.0,1.03,0.0,0.013,0.0,0.0,0.038,0.04,0.04,0.0,0.0,0.0,0.0,0.0,0.0,0.0,0.0,0.0,0.0,0.0,0.0,0.0,0.0,0.0,0.0,0.0,0.0,0.0,0.0,0.0,0.0,0.0,0.0,0.0,0.0,0.0,0.0,0.0,0.0,0.0,0.0,0.0,0.0,0.0,0.0,0.0,0.0,0.0,0.0,0.0,0.0,0.0,0.0,0.0,0.0,0.0,0.0
84794258484798,Buium-Hronek,2026020004,2026,VAN,EDM,AWAY,20260929,pairing,5on5,1008.0,1.0,0.5537,0.4194,0.4783,8.692,0.711,0.752,1.273,0.016,3.439,4.809,0.709,0.783,0.781,9.0,2.0,2.0,13.0,3.0,0.0,0.0,0.0,0.0,3.0,5.0,6.0,8.0,1.0,2.0,7.0,3.0,1.0,5.0,7.0,3.0,1.0,0.103,0.345,0.263,1.0,1.0,1.0,14.328,11.0,12.061,3.0,0.158,0.0,0.0,0.869,0.957,0.955,9.041,0.573,0.963,1.723,0.012,4.473,4.256,0.568,0.527,0.523,10.0,2.0,6.0,18.0,1.0,3.0,0.0,3.0,0.0,3.0,2.0,9.0,11.0,2.0,4.0,12.0,13.0,0.0,9.0,9.0,2.0,1.0,0.088,0.283,0.202,1.0,0.0,0.0,16.69,12.0,11.052,7.0,0.201,0.147,0.147,0.626,0.576,0.567
84794258484798,Buium-Hronek,2026020015,2026,VAN,EDM,HOME,20261001,pairing,5on5,463.0,2.0,0.2226,0.3333,0.3846,4.081,0.185,0.451,0.68,0.005,1.685,1.993,0.176,0.165,0.157,5.0,0.0,0.0,5.0,1.0,2.0,1.0,1.0,0.0,0.0,1.0,4.0,4.0,0.0,0.0,7.0,2.0,0.0,4.0,5.0,0.0,0.0,0.185,0.0,0.0,1.0,0.0,0.0,4.315,5.0,4.43,2.0,0.094,0.093,0.093,0.187,0.167,0.158,5.97,0.646,0.599,0.749,0.017,2.839,3.15,0.602,0.732,0.682,7.0,1.0,2.0,10.0,2.0,1.0,1.0,1.0,0.0,2.0,2.0,5.0,6.0,0.0,0.0,2.0,3.0,0.0,0.0,5.0,2.0,1.0,0.062,0.322,0.262,1.0,0.0,1.0,11.423,8.0,8.951,0.0,0.126,0.262,0.262,0.51,0.572,0.566
847584884800128482055,O'Connor-Pettersson-Gallagher,2026020015,2026,VAN,EDM,HOME,20261001,line,5on5,23.0,14.0,0.0,0.0,0.0,0.0,0.0,0.0,0.0,0.0,0.0,0.0,0.0,0.0,0.0,0.0,0.0,0.0,0.0,0.0,0.0,0.0,0.0,0.0,0.0,0.0,0.0,0.0,0.0,0.0,0.0,1.0,0.0,0.0,0.0,0.0,0.0,0.0,0.0,0.0,0.0,0.0,0.0,0.0,0.0,0.0,0.0,0.0,0.0,0.0,0.0,0.0,0.0,0.0,0.0,0.0,0.0,0.0,0.0,0.0,0.0,0.0,0.0,0.0,0.0,1.0,1.0,0.0,0.0,0.0,0.0,0.0,0.0,0.0,0.0,0.0,0.0,0.0,1.0,0.0,0.0,0.0,0.0,0.0,0.0,0.0,0.0,0.0,0.0,0.0,0.0,1.214,0.0,0.0,0.0,0.0,0.0,0.0,0.0,0.0,0.0
848103284833958483476,Bains-Cotter-Lekkerimaki,2026020015,2026,VAN,EDM,HOME,20261001,line,5on5,69.0,10.0,0.0,0.0,0.0,0.0,0.0,0.0,0.0,0.0,0.0,0.0,0.0,0.0,0.0,0.0,0.0,0.0,0.0,0.0,0.0,0.0,0.0,0.0,0.0,0.0,0.0,0.0,0.0,0.0,0.0,1.0,0.0,0.0,0.0,0.0,0.0,0.0,0.0,0.0,0.0,0.0,0.0,0.0,0.0,0.0,0.0,0.0,0.0,0.0,0.0,0.0,0.0,0.0,0.0,0.0,0.0,0.0,0.0,0.0,0.0,0.0,0.0,0.0,0.0,0.0,0.0,0.0,0.0,0.0,0.0,0.0,0.0,0.0,0.0,0.0,0.0,0.0,1.0,0.0,0.0,0.0,0.0,0.0,0.0,0.0,0.0,0.0,0.0,0.0,0.0,0.0,0.0,0.0,0.0,0.0,0.0,0.0,0.0,0.0,0.0
848102484820558484136,O'Connor-Sasson-Karlsson,2026020004,2026,VAN,EDM,AWAY,20260929,line,5on5,609.0,3.0,0.4595,0.3636,0.4375,5.391,0.318,0.504,0.992,0.011,2.282,2.892,0.317,0.358,0.356,4.0,3.0,1.0,8.0,1.0,0.0,0.0,0.0,0.0,3.0,3.0,3.0,6.0,1.0,2.0,5.0,1.0,1.0,2.0,5.0,2.0,0.0,0.081,0.237,0.0,0.0,1.0,0.0,9.026,7.0,7.799,0.0,0.105,0.0,0.0,0.423,0.476,0.473,6.83,0.374,0.681,1.381,0.013,3.363,3.187,0.371,0.344,0.342,7.0,2.0,5.0,14.0,1.0,2.0,0.0,0.0,0.0,4.0,2.0,6.0,8.0,0.0,0.0,10.0,7.0,0.0,5.0,7.0,2.0,0.0,0.092,0.283,0.0,1.0,0.0,0.0,12.975,9.0,8.248,4.0,0.142,0.137,0.137,0.379,0.349,0.346
848102484820558484136,O'Connor-Sasson-Karlsson,2026020015,2026,VAN,EDM,HOME,20261001,line,5on5,235.0,6.0,0.0734,0.1429,0.1667,0.786,0.027,0.093,0.104,0.002,0.297,0.476,0.023,0.025,0.021,1.0,0.0,0.0,1.0,0.0,0.0,0.0,0.0,0.0,0.0,1.0,1.0,1.0,0.0,0.0,4.0,1.0,0.0,4.0,1.0,0.0,0.0,0.027,0.0,0.0,0.0,0.0,0.0,0.915,1.0,0.916,1.0,0.021,0.0,0.0,0.048,0.044,0.037,3.721,0.341,0.401,0.521,0.006,1.816,1.916,0.341,0.381,0.381,4.0,1.0,1.0,6.0,2.0,0.0,0.0,0.0,0.0,2.0,1.0,2.0,3.0,0.0,0.0,0.0,3.0,0.0,0.0,3.0,2.0,0.0,0.028,0.312,0.0,1.0,1.0,0.0,6.627,5.0,5.483,0.0,0.085,0.0,0.0,0.425,0.474,0.474
847844484784988481032,Debrusk-Cotter-Boeser,2026020015,2026,VAN,EDM,HOME,20261001,line,5on5,18.0,17.0,0.0,0.0,0.0,0.0,0.0,0.0,0.0,0.0,0.0,0.0,0.0,0.0,0.0,0.0,0.0,0.0,0.0,0.0,0.0,0.0,0.0,0.0,0.0,0.0,0.0,0.0,0.0,0.0,0.0,0.0,0.0,1.0,0.0,0.0,0.0,0.0,0.0,0.0,0.0,0.0,0.0,0.0,0.0,0.0,0.0,0.0,0.0,0.0,0.0,0.0,0.0,0.0,0.0,0.0,0.0,0.0,0.0,0.0,0.0,0.0,0.0,0.0,0.0,0.0,0.0,0.0,0.0,0.0,0.0,0.0,0.0,0.0,0.0,0.0,0.0,0.0,0.0,0.0,1.0,1.0,0.0,0.0,0.0,0.0,0.0,0.0,0.0,0.0,0.0,0.0,0.0,0.0,0.0,0.0,0.0,0.0,0.0,0.0,0.0
847849884800128484136,Debrusk-Pettersson-Sasson,2026020004,2026,VAN,EDM,AWAY,20260929,line,5on5,17.0,15.0,0.0,0.0,0.0,0.0,0.0,0.0,0.0,0.0,0.0,0.0,0.0,0.0,0.0,0.0,0.0,0.0,0.0,0.0,0.0,0.0,0.0,0.0,0.0,0.0,0.0,0.0,0.0,0.0,1.0,0.0,0.0,0.0,0.0,0.0,0.0,0.0,0.0,0.0,0.0,0.0,0.0,0.0,0.0,0.0,0.0,0.0,0.0,0.0,0.0,0.0,0.0,0.774,0.052,0.053,0.158,0.002,0.431,0.303,0.052,0.05,0.05,1.0,0.0,0.0,1.0,0.0,0.0,0.0,0.0,0.0,1.0,0.0,1.0,1.0,0.0,0.0,0.0,0.0,0.0,1.0,1.0,0.0,0.0,0.052,0.0,0.0,0.0,0.0,0.0,0.97,1.0,0.971,0.0,0.012,0.0,0.0,0.064,0.061,0.061
84745688476467,Oleksiak-Schenn,2026020004,2026,VAN,EDM,AWAY,20260929,pairing,5on5,12.0,9.0,1.0,1.0,1.0,0.629,0.02,0.058,0.172,0.001,0.339,0.41,0.02,0.023,0.023,1.0,0.0,0.0,1.0,0.0,0.0,0.0,1.0,0.0,0.0,0.0,1.0,1.0,0.0,0.0,0.0,0.0,0.0,0.0,1.0,0.0,0.0,0.02,0.0,0.0,0.0,0.0,0.0,1.214,1.0,1.161,0.0,0.011,0.0,0.0,0.031,0.036,0.036,0.0,0.0,0.0,0.0,0.0,0.0,0.0,0.0,0.0,0.0,0.0,0.0,0.0,0.0,0.0,0.0,0.0,0.0,0.0,0.0,0.0,0.0,0.0,0.0,0.0,0.0,0.0,0.0,0.0,0.0,0.0,0.0,0.0,0.0,0.0,0.0,0.0,0.0,0.0,0.0,0.0,0.0,0.0,0.0,0.0,0.0,0.0,0.0
84745688476467,Oleksiak-Schenn,2026020015,2026,VAN,EDM,HOME,20261001,pairing,5on5,55.0,10.0,0.0,0.0,0.0,0.0,0.0,0.0,0.0,0.0,0.0,0.0,0.0,0.0,0.0,0.0,0.0,0.0,0.0,0.0,0.0,0.0,0.0,0.0,0.0,0.0,0.0,0.0,0.0,0.0,0.0,2.0,0.0,0.0,0.0,0.0,0.0,0.0,0.0,0.0,0.0,0.0,0.0,0.0,0.0,0.0,0.0,0.0,0.0,0.0,0.0,0.0,0.0,0.732,0.079,0.082,0.088,0.002,0.294,0.455,0.079,0.091,0.091,1.0,0.0,1.0,2.0,0.0,0.0,0.0,0.0,0.0,0.0,1.0,1.0,1.0,0.0,0.0,1.0,1.0,0.0,0.0,1.0,0.0,0.0,0.079,0.0,0.0,0.0,0.0,0.0,2.428,1.0,1.161,0.0,0.017,0.0,0.0,0.096,0.111,0.111
84764678484240,Oleksiak-Willander,2026020004,2026,VAN,EDM,AWAY,20260929,pairing,5on5,935.0,2.0,0.051,0.1613,0.125,2.323,0.081,0.186,0.579,0.003,1.122,1.028,0.081,0.086,0.086,0.0,3.0,2.0,5.0,0.0,0.0,0.0,0.0,0.0,1.0,2.0,0.0,3.0,0.0,0.0,4.0,2.0,3.0,4.0,3.0,0.0,0.0,0.081,0.0,0.0,0.0,0.0,0.0,5.484,3.0,3.161,1.0,0.04,0.0,0.0,0.121,0.128,0.128,15.552,1.507,1.353,2.688,0.035,7.359,8.057,1.454,1.395,1.346,15.0,6.0,5.0,26.0,2.0,1.0,0.0,2.0,0.0,10.0,6.0,13.0,19.0,0.0,0.0,8.0,10.0,0.0,3.0,15.0,4.0,2.0,0.409,0.546,0.552,0.0,0.0,2.0,23.969,21.0,19.4,1.0,0.273,0.043,0.043,1.737,1.609,1.554
84764678484240,Oleksiak-Willander,2026020015,2026,VAN,EDM,HOME,20261001,pairing,5on5,600.0,1.0,0.6417,0.3571,0.4,2.952,0.369,0.366,0.494,0.011,1.194,1.565,0.363,0.326,0.321,1.0,3.0,1.0,5.0,1.0,0.0,0.0,0.0,0.0,2.0,1.0,0.0,3.0,1.0,2.0,5.0,7.0,1.0,3.0,2.0,2.0,0.0,0.056,0.313,0.0,1.0,0.0,0.0,4.315,4.0,3.513,1.0,0.077,0.0,0.0,0.446,0.394,0.388,4.334,0.206,0.375,0.977,0.013,2.121,2.307,0.203,0.235,0.231,5.0,1.0,3.0,9.0,0.0,0.0,0.0,1.0,0.0,4.0,1.0,5.0,6.0,1.0,2.0,3.0,4.0,1.0,2.0,5.0,1.0,0.0,0.098,0.108,0.0,0.0,0.0,0.0,10.198,6.0,6.574,1.0,0.076,0.0,0.0,0.282,0.319,0.315
847844484810328483499,Ohgren-Cotter-Boeser,2026020015,2026,VAN,EDM,HOME,20261001,line,5on5,448.0,1.0,0.5051,0.4545,0.4286,2.195,0.197,0.208,0.437,0.005,1.035,1.119,0.197,0.174,0.174,2.0,1.0,2.0,5.0,2.0,0.0,0.0,0.0,0.0,1.0,0.0,0.0,1.0,0.0,0.0,5.0,3.0,0.0,4.0,2.0,1.0,0.0,0.031,0.167,0.0,1.0,1.0,0.0,4.25,3.0,2.635,2.0,0.042,0.0,0.0,0.24,0.212,0.212,2.986,0.193,0.232,0.531,0.012,1.28,1.752,0.19,0.223,0.219,4.0,0.0,2.0,6.0,0.0,0.0,0.0,0.0,0.0,3.0,1.0,4.0,4.0,1.0,2.0,2.0,2.0,0.0,2.0,3.0,1.0,0.0,0.086,0.108,0.0,0.0,0.0,0.0,7.284,4.0,4.644,0.0,0.047,0.0,0.0,0.241,0.277,0.273
848001284820558483476,O'Connor-Pettersson-Lekkerimaki,2026020004,2026,VAN,EDM,AWAY,20260929,line,5on5,23.0,12.0,0.0,0.0,0.0,0.0,0.0,0.0,0.0,0.0,0.0,0.0,0.0,0.0,0.0,0.0,0.0,0.0,0.0,0.0,0.0,0.0,0.0,0.0,0.0,0.0,0.0,0.0,0.0,0.0,0.0,0.0,0.0,0.0,0.0,0.0,0.0,0.0,0.0,0.0,0.0,0.0,0.0,0.0,0.0,0.0,0.0,0.0,0.0,0.0,0.0,0.0,0.0,0.0,0.0,0.0,0.0,0.0,0.0,0.0,0.0,0.0,0.0,0.0,0.0,0.0,0.0,0.0,0.0,0.0,0.0,0.0,0.0,0.0,0.0,0.0,0.0,0.0,0.0,0.0,0.0,1.0,0.0,0.0,0.0,0.0,0.0,0.0,0.0,0.0,0.0,0.0,0.0,0.0,0.0,0.0,0.0,0.0,0.0,0.0,0.0
84745688479425,Hronek-Schenn,2026020015,2026,VAN,EDM,HOME,20261001,pairing,5on5,28.0,12.0,0.0,0.0,0.0,0.0,0.0,0.0,0.0,0.0,0.0,0.0,0.0,0.0,0.0,0.0,0.0,0.0,0.0,0.0,0.0,0.0,0.0,0.0,0.0,0.0,0.0,0.0,0.0,0.0,0.0,0.0,0.0,0.0,0.0,0.0,0.0,0.0,0.0,0.0,0.0,0.0,0.0,0.0,0.0,0.0,0.0,0.0,0.0,0.0,0.0,0.0,0.0,0.0,0.0,0.0,0.0,0.0,0.0,0.0,0.0,0.0,0.0,0.0,0.0,0.0,0.0,0.0,0.0,0.0,0.0,0.0,0.0,0.0,0.0,0.0,0.0,0.0,0.0,0.0,0.0,1.0,0.0,0.0,0.0,0.0,0.0,0.0,0.0,0.0,0.0,0.0,0.0,0.0,0.0,0.0,0.0,0.0,0.0,0.0,0.0
847584884810328483499,Ohgren-Cotter-Gallagher,2026020015,2026,VAN,EDM,HOME,20261001,line,5on5,17.0,18.0,0.0,0.0,0.0,0.0,0.0,0.0,0.0,0.0,0.0,0.0,0.0,0.0,0.0,0.0,0.0,0.0,0.0,0.0,0.0,0.0,0.0,0.0,0.0,0.0,0.0,0.0,0.0,0.0,0.0,1.0,0.0,0.0,0.0,0.0,0.0,0.0,0.0,0.0,0.0,0.0,0.0,0.0,0.0,0.0,0.0,0.0,0.0,0.0,0.0,0.0,0.0,0.0,0.0,0.0,0.0,0.0,0.0,0.0,0.0,0.0,0.0,0.0,0.0,0.0,0.0,0.0,0.0,0.0,0.0,0.0,0.0,0.0,0.0,0.0,0.0,0.0,0.0,2.0,0.0,0.0,0.0,0.0,0.0,0.0,0.0,0.0,0.0,0.0,0.0,0.0,0.0,0.0,0.0,0.0,0.0,0.0,0.0,0.0,0.0
84842408484798,Buium-Willander,2026020004,2026,VAN,EDM,AWAY,20260929,pairing,5on5,171.0,4.0,0.1064,0.5,0.25,0.783,0.01,0.057,0.168,0.003,0.366,0.398,0.01,0.011,0.011,1.0,0.0,2.0,3.0,0.0,0.0,0.0,0.0,0.0,0.0,1.0,1.0,1.0,0.0,0.0,1.0,0.0,0.0,0.0,1.0,0.0,0.0,0.01,0.0,0.0,0.0,0.0,0.0,3.309,1.0,1.1,0.0,0.012,0.0,0.0,0.021,0.023,0.023,2.204,0.084,0.274,0.365,0.008,1.144,1.125,0.084,0.079,0.079,1.0,2.0,0.0,3.0,0.0,1.0,0.0,0.0,0.0,1.0,1.0,1.0,3.0,0.0,0.0,2.0,0.0,0.0,2.0,3.0,0.0,0.0,0.084,0.0,0.0,0.0,0.0,0.0,2.8,3.0,2.804,1.0,0.058,0.024,0.024,0.118,0.11,0.11
84842408484798,Buium-Willander,2026020015,2026,VAN,EDM,HOME,20261001,pairing,5on5,256.0,4.0,0.0,0.0,0.0,0.0,0.0,0.0,0.0,0.0,0.0,0.0,0.0,0.0,0.0,0.0,0.0,0.0,0.0,0.0,0.0,0.0,0.0,0.0,0.0,0.0,0.0,0.0,1.0,2.0,2.0,2.0,0.0,2.0,0.0,0.0,0.0,0.0,0.0,0.0,0.0,0.0,0.0,0.0,0.0,0.0,1.0,0.0,0.0,0.0,0.0,0.0,0.0,0.845,0.156,0.123,0.064,0.001,0.308,0.348,0.156,0.179,0.179,1.0,0.0,0.0,1.0,1.0,0.0,0.0,0.0,0.0,0.0,0.0,0.0,0.0,0.0,0.0,0.0,1.0,1.0,2.0,0.0,1.0,0.0,0.0,0.156,0.0,0.0,1.0,0.0,1.214,1.0,1.161,1.0,0.027,0.0,0.0,0.183,0.211,0.211
848001284820558484136,O'Connor-Pettersson-Sasson,2026020004,2026,VAN,EDM,AWAY,20260929,line,5on5,39.0,8.0,0.0,0.0,0.0,0.0,0.0,0.0,0.0,0.0,0.0,0.0,0.0,0.0,0.0,0.0,0.0,0.0,0.0,0.0,0.0,0.0,0.0,0.0,0.0,0.0,0.0,0.0,0.0,0.0,1.0,0.0,0.0,1.0,0.0,0.0,0.0,0.0,0.0,0.0,0.0,0.0,0.0,0.0,0.0,0.0,1.0,0.0,0.0,0.0,0.0,0.0,0.0,0.841,0.19,0.076,0.084,0.002,0.332,0.316,0.16,0.175,0.147,1.0,0.0,2.0,3.0,0.0,0.0,0.0,0.0,0.0,1.0,0.0,1.0,1.0,0.0,0.0,0.0,0.0,0.0,1.0,0.0,1.0,0.0,0.0,0.19,0.0,0.0,0.0,0.0,2.745,1.0,0.916,0.0,0.016,0.0,0.0,0.206,0.19,0.159
848001284810248483499,Ohgren-Pettersson-Karlsson,2026020015,2026,VAN,EDM,HOME,20261001,line,5on5,10.0,20.0,0.0,0.0,0.0,0.0,0.0,0.0,0.0,0.0,0.0,0.0,0.0,0.0,0.0,0.0,0.0,0.0,0.0,0.0,0.0,0.0,0.0,0.0,0.0,0.0,0.0,0.0,0.0,0.0,1.0,0.0,0.0,0.0,0.0,0.0,0.0,0.0,0.0,0.0,0.0,0.0,0.0,0.0,0.0,0.0,0.0,0.0,0.0,0.0,0.0,0.0,0.0,0.0,0.0,0.0,0.0,0.0,0.0,0.0,0.0,0.0,0.0,0.0,0.0,0.0,0.0,0.0,0.0,0.0,0.0,0.0,0.0,0.0,0.0,0.0,0.0,0.0,0.0,1.0,0.0,0.0,0.0,0.0,0.0,0.0,0.0,0.0,0.0,0.0,0.0,0.0,0.0,0.0,0.0,0.0,0.0,0.0,0.0,0.0,0.0
847844484820798483499,Ohgren-Rossi-Boeser,2026020004,2026,VAN,EDM,AWAY,20260929,line,5on5,645.0,2.0,0.5092,0.5,0.4167,3.81,0.445,0.325,0.54,0.011,1.836,1.842,0.445,0.484,0.484,4.0,1.0,6.0,11.0,1.0,0.0,0.0,0.0,0.0,0.0,4.0,3.0,4.0,1.0,2.0,2.0,5.0,0.0,3.0,3.0,1.0,1.0,0.086,0.097,0.263,0.0,0.0,1.0,11.92,5.0,5.292,3.0,0.069,0.0,0.0,0.514,0.558,0.558,5.34,0.429,0.51,0.815,0.014,2.471,2.762,0.425,0.391,0.388,5.0,2.0,4.0,11.0,2.0,1.0,0.0,1.0,0.0,2.0,1.0,3.0,5.0,0.0,0.0,7.0,8.0,0.0,3.0,6.0,0.0,1.0,0.087,0.0,0.342,1.0,0.0,1.0,10.242,7.0,6.457,2.0,0.104,0.024,0.024,0.508,0.464,0.461
847844484820798483499,Ohgren-Rossi-Boeser,2026020015,2026,VAN,EDM,HOME,20261001,line,5on5,261.0,5.0,0.4152,0.4167,0.375,2.247,0.093,0.207,0.434,0.003,1.104,1.159,0.093,0.083,0.083,2.0,1.0,2.0,5.0,0.0,0.0,0.0,1.0,0.0,2.0,0.0,2.0,3.0,1.0,2.0,3.0,2.0,0.0,4.0,3.0,0.0,0.0,0.093,0.0,0.0,0.0,0.0,0.0,4.49,3.0,2.728,1.0,0.042,0.0,0.0,0.135,0.122,0.122,3.489,0.131,0.31,0.679,0.004,1.94,1.936,0.129,0.144,0.142,3.0,2.0,2.0,7.0,0.0,1.0,0.0,1.0,0.0,2.0,1.0,3.0,5.0,0.0,0.0,0.0,3.0,0.0,3.0,4.0,1.0,0.0,0.05,0.081,0.0,0.0,0.0,0.0,7.619,5.0,5.423,1.0,0.064,0.019,0.019,0.176,0.193,0.192
84774478478450,Theodore-Wotherspoon,2026020005,2026,VGK,CHI,HOME,20260929,pairing,5on5,13.0,8.0,0.0,1.0,0.0,0.0,0.0,0.0,0.0,0.0,0.0,0.0,0.0,0.0,0.0,0.0,0.0,1.0,1.0,0.0,0.0,0.0,0.0,0.0,0.0,0.0,0.0,0.0,0.0,0.0,0.0,0.0,0.0,0.0,0.0,0.0,0.0,0.0,0.0,0.0,0.0,0.0,0.0,1.026,0.0,0.0,0.0,0.0,0.0,0.0,0.0,0.0,0.0,0.0,0.0,0.0,0.0,0.0,0.0,0.0,0.0,0.0,0.0,0.0,0.0,0.0,0.0,0.0,0.0,0.0,0.0,0.0,0.0,0.0,0.0,0.0,0.0,0.0,0.0,0.0,0.0,0.0,0.0,0.0,0.0,0.0,0.0,0.0,0.0,0.0,0.0,0.0,0.0,0.0,0.0,0.0,0.0,0.0,0.0,0.0,0.0
847534384784838479353,Howden-Dowd-Marner,2026020005,2026,VGK,CHI,HOME,20260929,line,5on5,22.0,16.0,0.0,1.0,0.0,0.0,0.0,0.0,0.0,0.0,0.0,0.0,0.0,0.0,0.0,0.0,0.0,1.0,1.0,0.0,0.0,0.0,0.0,0.0,0.0,0.0,0.0,0.0,0.0,0.0,0.0,0.0,0.0,0.0,0.0,0.0,0.0,0.0,0.0,0.0,0.0,0.0,0.0,1.074,0.0,0.0,0.0,0.0,0.0,0.0,0.0,0.0,0.0,0.0,0.0,0.0,0.0,0.0,0.0,0.0,0.0,0.0,0.0,0.0,0.0,0.0,0.0,0.0,0.0,0.0,0.0,0.0,0.0,0.0,0.0,0.0,0.0,0.0,0.0,0.0,0.0,0.0,0.0,0.0,0.0,0.0,0.0,0.0,0.0,0.0,0.0,0.0,0.0,0.0,0.0,0.0,0.0,0.0,0.0,0.0,0.0
847591384779648478403,Barbashev-Eichel-Stone,2026020005,2026,VGK,CHI,HOME,20260929,line,5on5,661.0,2.0,0.6464,0.5926,0.5417,9.24,0.733,0.864,2.044,0.024,5.008,4.328,0.721,0.736,0.724,7.0,6.0,3.0,16.0,1.0,0.0,0.0,2.0,0.0,6.0,4.0,6.0,12.0,1.0,2.0,5.0,5.0,1.0,5.0,12.0,0.0,1.0,0.392,0.0,0.34,0.0,0.0,1.0,16.688,13.0,13.448,2.0,0.173,0.0,0.0,0.906,0.909,0.895,8.62,0.401,1.144,1.52,0.018,4.245,3.673,0.379,0.395,0.374,8.0,3.0,0.0,11.0,0.0,2.0,0.0,4.0,0.0,3.0,2.0,8.0,11.0,0.0,0.0,7.0,4.0,0.0,1.0,9.0,2.0,0.0,0.203,0.198,0.0,0.0,0.0,0.0,10.296,11.0,10.497,0.0,0.244,0.122,0.122,0.522,0.515,0.495
84783968478450,Wotherspoon-Hanifin,2026020005,2026,VGK,CHI,HOME,20260929,pairing,5on5,83.0,6.0,0.6207,0.5,0.5,0.718,0.036,0.055,0.161,0.001,0.26,0.487,0.036,0.038,0.038,1.0,0.0,0.0,1.0,0.0,0.0,0.0,0.0,0.0,1.0,0.0,1.0,1.0,0.0,0.0,0.0,0.0,0.0,1.0,1.0,0.0,0.0,0.036,0.0,0.0,0.0,0.0,0.0,1.132,1.0,1.05,0.0,0.011,0.0,0.0,0.047,0.049,0.049,0.71,0.022,0.045,0.167,0.001,0.308,0.458,0.021,0.021,0.02,1.0,0.0,0.0,1.0,0.0,0.0,0.0,0.0,0.0,0.0,1.0,1.0,1.0,0.0,0.0,0.0,1.0,0.0,0.0,1.0,0.0,0.0,0.022,0.0,0.0,0.0,0.0,0.0,0.895,1.0,0.954,0.0,0.009,0.0,0.0,0.03,0.029,0.028
847644884781098478483,Olofsson-Karlsson-Marner,2026020005,2026,VGK,CHI,HOME,20260929,line,5on5,34.0,10.0,0.0,0.0,0.0,0.0,0.0,0.0,0.0,0.0,0.0,0.0,0.0,0.0,0.0,0.0,0.0,0.0,0.0,0.0,0.0,0.0,0.0,0.0,0.0,0.0,0.0,0.0,0.0,0.0,0.0,0.0,0.0,1.0,0.0,0.0,0.0,0.0,0.0,0.0,0.0,0.0,0.0,0.0,0.0,0.0,0.0,0.0,0.0,0.0,0.0,0.0,0.0,0.0,0.0,0.0,0.0,0.0,0.0,0.0,0.0,0.0,0.0,0.0,0.0,0.0,0.0,0.0,0.0,0.0,0.0,0.0,0.0,0.0,0.0,0.0,0.0,0.0,0.0,0.0,0.0,0.0,0.0,0.0,0.0,0.0,0.0,0.0,0.0,0.0,0.0,0.0,0.0,0.0,0.0,0.0,0.0,0.0,0.0,0.0,0.0
847534384793538483553,Howden-Dowd-Gatcomb,2026020005,2026,VGK,CHI,HOME,20260929,line,5on5,91.0,5.0,1.0,0.6,1.0,2.233,0.327,0.261,0.255,0.008,0.908,1.242,0.326,0.323,0.322,3.0,0.0,0.0,3.0,1.0,1.0,0.0,0.0,0.0,0.0,1.0,2.0,2.0,0.0,0.0,0.0,3.0,0.0,0.0,1.0,2.0,0.0,0.008,0.319,0.0,0.0,1.0,0.0,3.014,3.0,2.993,0.0,0.057,0.008,0.008,0.375,0.37,0.368,0.0,0.0,0.0,0.0,0.0,0.0,0.0,0.0,0.0,0.0,0.0,0.0,2.0,2.0,0.0,0.0,0.0,0.0,0.0,0.0,0.0,0.0,0.0,0.0,0.0,1.0,1.0,0.0,0.0,0.0,0.0,0.0,0.0,0.0,0.0,0.0,0.0,0.0,2.064,0.0,0.0,0.0,0.0,0.0,0.0,0.0,0.0,0.0
84783978478450,Wotherspoon-Andersson,2026020005,2026,VGK,CHI,HOME,20260929,pairing,5on5,938.0,1.0,0.3826,0.5,0.4737,6.585,0.515,0.627,1.232,0.02,3.143,3.463,0.515,0.523,0.523,8.0,1.0,3.0,12.0,0.0,0.0,0.0,5.0,0.0,0.0,4.0,8.0,9.0,1.0,2.0,7.0,6.0,1.0,8.0,6.0,3.0,0.0,0.196,0.319,0.0,0.0,0.0,0.0,12.956,9.0,9.441,6.0,0.129,0.0,0.0,0.644,0.653,0.653,7.768,0.831,1.299,1.071,0.021,3.786,2.993,0.789,0.822,0.78,7.0,3.0,2.0,12.0,1.0,3.0,0.0,1.0,0.0,4.0,1.0,6.0,9.0,0.0,0.0,8.0,5.0,0.0,5.0,6.0,3.0,1.0,0.311,0.286,0.235,1.0,0.0,0.0,11.31,10.0,9.563,4.0,0.28,0.357,0.357,0.754,0.747,0.726
84774478478396,Theodore-Hanifin,2026020005,2026,VGK,CHI,HOME,20260929,pairing,5on5,14.0,7.0,0.0,0.0,0.0,0.0,0.0,0.0,0.0,0.0,0.0,0.0,0.0,0.0,0.0,0.0,0.0,0.0,0.0,0.0,0.0,0.0,0.0,0.0,0.0,0.0,0.0,0.0,0.0,0.0,0.0,0.0,0.0,1.0,0.0,0.0,0.0,0.0,0.0,0.0,0.0,0.0,0.0,0.0,0.0,0.0,0.0,0.0,0.0,0.0,0.0,0.0,0.0,0.0,0.0,0.0,0.0,0.0,0.0,0.0,0.0,0.0,0.0,0.0,0.0,0.0,0.0,0.0,0.0,0.0,0.0,0.0,0.0,0.0,0.0,0.0,0.0,0.0,0.0,0.0,0.0,0.0,0.0,0.0,0.0,0.0,0.0,0.0,0.0,0.0,0.0,0.0,0.0,0.0,0.0,0.0,0.0,0.0,0.0,0.0,0.0
84774478478397,Theodore-Andersson,2026020005,2026,VGK,CHI,HOME,20260929,pairing,5on5,84.0,5.0,0.0,0.0,0.0,0.0,0.0,0.0,0.0,0.0,0.0,0.0,0.0,0.0,0.0,0.0,0.0,0.0,0.0,0.0,0.0,0.0,0.0,0.0,0.0,0.0,0.0,0.0,0.0,0.0,1.0,0.0,0.0,0.0,0.0,0.0,0.0,0.0,0.0,0.0,0.0,0.0,0.0,0.0,0.0,0.0,0.0,0.0,0.0,0.0,0.0,0.0,0.0,2.22,0.05,0.138,0.41,0.006,1.072,1.323,0.05,0.049,0.049,2.0,1.0,0.0,3.0,0.0,0.0,0.0,1.0,0.0,0.0,2.0,2.0,3.0,0.0,0.0,0.0,0.0,0.0,0.0,3.0,0.0,0.0,0.05,0.0,0.0,0.0,0.0,0.0,2.808,3.0,2.863,0.0,0.028,0.0,0.0,0.078,0.077,0.077
847688184835538483890,Gatcomb-Hertl-Bowman,2026020005,2026,VGK,CHI,HOME,20260929,line,5on5,23.0,15.0,0.0,0.0,0.0,0.0,0.0,0.0,0.0,0.0,0.0,0.0,0.0,0.0,0.0,0.0,0.0,0.0,0.0,0.0,0.0,0.0,0.0,0.0,0.0,0.0,0.0,0.0,0.0,0.0,0.0,0.0,0.0,0.0,0.0,0.0,0.0,0.0,0.0,0.0,0.0,0.0,0.0,0.0,0.0,0.0,0.0,0.0,0.0,0.0,0.0,0.0,0.0,0.0,0.0,0.0,0.0,0.0,0.0,0.0,0.0,0.0,0.0,0.0,0.0,1.0,1.0,0.0,0.0,0.0,0.0,0.0,0.0,0.0,0.0,0.0,0.0,0.0,0.0,0.0,0.0,0.0,0.0,0.0,0.0,0.0,0.0,0.0,0.0,0.0,0.0,0.936,0.0,0.0,0.0,0.0,0.0,0.0,0.0,0.0,0.0
847644884838908484803,Connelly-Karlsson-Bowman,2026020005,2026,VGK,CHI,HOME,20260929,line,5on5,14.0,22.0,0.0,0.0,0.0,0.0,0.0,0.0,0.0,0.0,0.0,0.0,0.0,0.0,0.0,0.0,0.0,0.0,0.0,0.0,0.0,0.0,0.0,0.0,0.0,0.0,0.0,0.0,0.0,0.0,0.0,0.0,0.0,0.0,0.0,0.0,0.0,0.0,0.0,0.0,0.0,0.0,0.0,0.0,0.0,0.0,0.0,0.0,0.0,0.0,0.0,0.0,0.0,0.0,0.0,0.0,0.0,0.0,0.0,0.0,0.0,0.0,0.0,0.0,0.0,0.0,0.0,0.0,0.0,0.0,0.0,0.0,0.0,0.0,0.0,0.0,0.0,0.0,0.0,0.0,0.0,1.0,0.0,0.0,0.0,0.0,0.0,0.0,0.0,0.0,0.0,0.0,0.0,0.0,1.0,0.0,0.0,0.0,0.0,0.0,0.0
847534384781098483890,Olofsson-Dowd-Bowman,2026020005,2026,VGK,CHI,HOME,20260929,line,5on5,43.0,8.0,1.0,1.0,1.0,0.825,0.01,0.051,0.172,0.004,0.443,0.321,0.01,0.01,0.01,1.0,0.0,0.0,1.0,0.0,0.0,0.0,1.0,0.0,0.0,0.0,1.0,1.0,0.0,0.0,1.0,1.0,0.0,1.0,1.0,0.0,0.0,0.01,0.0,0.0,0.0,0.0,0.0,1.074,1.0,1.05,0.0,0.011,0.0,0.0,0.021,0.021,0.021,0.0,0.0,0.0,0.0,0.0,0.0,0.0,0.0,0.0,0.0,0.0,0.0,0.0,0.0,0.0,0.0,0.0,0.0,0.0,0.0,0.0,0.0,0.0,0.0,0.0,1.0,1.0,0.0,0.0,0.0,0.0,0.0,0.0,0.0,0.0,0.0,0.0,0.0,0.0,0.0,0.0,0.0,0.0,0.0,0.0,0.0,0.0,0.0
847796484784038478483,Barbashev-Eichel-Marner,2026020005,2026,VGK,CHI,HOME,20260929,line,5on5,39.0,9.0,0.0,0.0,0.0,0.0,0.0,0.0,0.0,0.0,0.0,0.0,0.0,0.0,0.0,0.0,0.0,0.0,0.0,0.0,0.0,0.0,0.0,0.0,0.0,0.0,0.0,0.0,0.0,0.0,0.0,0.0,1.0,0.0,0.0,0.0,0.0,0.0,0.0,0.0,0.0,0.0,0.0,0.0,0.0,0.0,0.0,0.0,0.0,0.0,0.0,0.0,0.0,0.0,0.0,0.0,0.0,0.0,0.0,0.0,0.0,0.0,0.0,0.0,0.0,0.0,0.0,0.0,0.0,0.0,0.0,0.0,0.0,0.0,0.0,0.0,0.0,0.0,0.0,0.0,0.0,0.0,0.0,0.0,0.0,0.0,0.0,0.0,0.0,0.0,0.0,0.0,0.0,0.0,0.0,0.0,0.0,0.0,0.0,0.0,0.0
847644884835538483890,Gatcomb-Karlsson-Bowman,2026020005,2026,VGK,CHI,HOME,20260929,line,5on5,18.0,19.0,0.0,0.0,0.0,0.0,0.0,0.0,0.0,0.0,0.0,0.0,0.0,0.0,0.0,0.0,0.0,0.0,0.0,0.0,0.0,0.0,0.0,0.0,0.0,0.0,0.0,0.0,0.0,0.0,0.0,1.0,0.0,0.0,0.0,0.0,0.0,0.0,0.0,0.0,0.0,0.0,0.0,0.0,0.0,0.0,0.0,0.0,0.0,0.0,0.0,0.0,0.0,0.0,0.0,0.0,0.0,0.0,0.0,0.0,0.0,0.0,0.0,0.0,0.0,0.0,0.0,0.0,0.0,0.0,0.0,0.0,0.0,0.0,0.0,0.0,0.0,0.0,0.0,0.0,0.0,0.0,0.0,0.0,0.0,0.0,0.0,0.0,0.0,0.0,0.0,0.0,0.0,0.0,0.0,0.0,0.0,0.0,0.0,0.0,0.0
847534384838908484803,Connelly-Dowd-Bowman,2026020005,2026,VGK,CHI,HOME,20260929,line,5on5,16.0,20.0,0.0,0.0,0.0,0.0,0.0,0.0,0.0,0.0,0.0,0.0,0.0,0.0,0.0,0.0,0.0,0.0,0.0,0.0,0.0,0.0,0.0,0.0,0.0,0.0,0.0,0.0,0.0,0.0,0.0,0.0,0.0,0.0,0.0,0.0,0.0,0.0,0.0,0.0,0.0,0.0,0.0,0.0,0.0,0.0,0.0,0.0,0.0,0.0,0.0,0.0,0.0,0.829,0.075,0.142,0.076,0.003,0.381,0.323,0.075,0.075,0.075,1.0,0.0,0.0,1.0,1.0,0.0,0.0,0.0,0.0,0.0,0.0,0.0,0.0,0.0,0.0,0.0,0.0,0.0,0.0,1.0,0.0,0.0,0.075,0.0,0.0,1.0,0.0,0.0,0.975,1.0,0.964,0.0,0.029,0.0,0.0,0.103,0.103,0.103
847688184779648478109,Olofsson-Hertl-Barbashev,2026020005,2026,VGK,CHI,HOME,20260929,line,5on5,43.0,7.0,0.0,0.0,0.0,0.0,0.0,0.0,0.0,0.0,0.0,0.0,0.0,0.0,0.0,0.0,0.0,0.0,0.0,0.0,0.0,0.0,0.0,0.0,0.0,0.0,0.0,0.0,0.0,0.0,0.0,1.0,0.0,0.0,0.0,0.0,0.0,0.0,0.0,0.0,0.0,0.0,0.0,0.0,0.0,0.0,0.0,0.0,0.0,0.0,0.0,0.0,0.0,0.762,0.089,0.076,0.122,0.001,0.354,0.358,0.089,0.088,0.088,1.0,0.0,0.0,1.0,0.0,0.0,0.0,0.0,0.0,0.0,1.0,1.0,1.0,0.0,0.0,0.0,1.0,0.0,0.0,0.0,1.0,0.0,0.0,0.089,0.0,0.0,0.0,0.0,0.936,1.0,0.954,0.0,0.017,0.0,0.0,0.106,0.105,0.105
84783968478468,Hanifin-Lauzon,2026020005,2026,VGK,CHI,HOME,20260929,pairing,5on5,909.0,2.0,0.7095,0.5556,0.6429,13.384,0.855,1.612,2.751,0.034,6.831,5.917,0.825,0.856,0.826,15.0,3.0,2.0,20.0,1.0,2.0,0.0,4.0,0.0,9.0,2.0,14.0,17.0,1.0,2.0,11.0,11.0,1.0,4.0,16.0,2.0,0.0,0.539,0.315,0.0,0.0,1.0,0.0,21.13,18.0,18.645,1.0,0.349,0.184,0.184,1.02,1.022,0.998,7.225,0.35,0.64,1.561,0.013,3.757,3.68,0.349,0.346,0.345,6.0,4.0,6.0,16.0,0.0,0.0,0.0,1.0,0.0,3.0,6.0,6.0,10.0,1.0,2.0,7.0,6.0,0.0,5.0,8.0,2.0,0.0,0.165,0.184,0.0,0.0,0.0,0.0,15.303,10.0,9.619,2.0,0.13,0.0,0.0,0.48,0.475,0.473
847644884779648478483,Barbashev-Karlsson-Marner,2026020005,2026,VGK,CHI,HOME,20260929,line,5on5,18.0,18.0,0.0,0.0,0.0,0.0,0.0,0.0,0.0,0.0,0.0,0.0,0.0,0.0,0.0,0.0,0.0,0.0,0.0,0.0,0.0,0.0,0.0,0.0,0.0,0.0,0.0,0.0,0.0,0.0,0.0,0.0,0.0,0.0,0.0,0.0,0.0,0.0,0.0,0.0,0.0,0.0,0.0,0.0,0.0,0.0,0.0,0.0,0.0,0.0,0.0,0.0,0.0,0.466,0.059,0.08,0.088,0.002,0.355,0.416,0.059,0.062,0.062,0.0,1.0,0.0,1.0,0.0,0.0,0.0,0.0,0.0,0.0,1.0,0.0,1.0,1.0,2.0,0.0,0.0,0.0,0.0,1.0,0.0,0.0,0.059,0.0,0.0,0.0,0.0,0.0,1.032,1.0,1.03,0.0,0.018,0.0,0.0,0.076,0.08,0.08
847534384784838483890,Marner-Dowd-Bowman,2026020005,2026,VGK,CHI,HOME,20260929,line,5on5,29.0,12.0,0.0,0.0,0.0,0.0,0.0,0.0,0.0,0.0,0.0,0.0,0.0,0.0,0.0,0.0,0.0,0.0,0.0,0.0,0.0,0.0,0.0,0.0,0.0,0.0,0.0,0.0,0.0,0.0,0.0,0.0,0.0,1.0,0.0,0.0,0.0,0.0,0.0,0.0,0.0,0.0,0.0,0.0,0.0,0.0,0.0,0.0,0.0,0.0,0.0,0.0,0.0,0.0,0.0,0.0,0.0,0.0,0.0,0.0,0.0,0.0,0.0,0.0,0.0,0.0,0.0,0.0,0.0,0.0,0.0,0.0,0.0,0.0,0.0,0.0,0.0,0.0,0.0,0.0,0.0,0.0,0.0,0.0,0.0,0.0,0.0,0.0,0.0,0.0,0.0,0.0,0.0,0.0,0.0,0.0,0.0,0.0,0.0,0.0,0.0
847688184781098484803,Olofsson-Hertl-Connelly,2026020005,2026,VGK,CHI,HOME,20260929,line,5on5,517.0,3.0,0.767,0.6364,0.6111,8.572,0.721,1.209,1.483,0.026,4.198,3.362,0.666,0.728,0.672,8.0,3.0,3.0,14.0,1.0,3.0,1.0,2.0,0.0,3.0,2.0,7.0,10.0,0.0,0.0,5.0,2.0,0.0,2.0,8.0,2.0,1.0,0.287,0.222,0.211,0.0,0.0,1.0,14.962,11.0,11.451,0.0,0.274,0.395,0.395,0.6,0.605,0.58,5.373,0.219,0.553,1.033,0.006,2.356,2.833,0.216,0.215,0.213,4.0,3.0,1.0,8.0,0.0,1.0,0.0,1.0,0.0,3.0,2.0,4.0,7.0,0.0,0.0,5.0,0.0,3.0,4.0,7.0,0.0,0.0,0.219,0.0,0.0,0.0,0.0,0.0,7.486,7.0,6.69,3.0,0.113,0.017,0.017,0.314,0.309,0.306
847534384779648483553,Barbashev-Dowd-Gatcomb,2026020005,2026,VGK,CHI,HOME,20260929,line,5on5,46.0,6.0,0.0,0.0,0.0,0.0,0.0,0.0,0.0,0.0,0.0,0.0,0.0,0.0,0.0,0.0,0.0,0.0,0.0,0.0,0.0,0.0,0.0,0.0,0.0,0.0,0.0,0.0,0.0,0.0,0.0,1.0,0.0,0.0,0.0,0.0,0.0,0.0,0.0,0.0,0.0,0.0,0.0,0.0,0.0,0.0,0.0,0.0,0.0,0.0,0.0,0.0,0.0,0.418,0.074,0.078,0.055,0.003,0.358,0.432,0.074,0.074,0.074,0.0,1.0,0.0,1.0,0.0,0.0,0.0,0.0,0.0,1.0,0.0,0.0,1.0,0.0,0.0,1.0,0.0,0.0,0.0,1.0,0.0,0.0,0.074,0.0,0.0,0.0,0.0,0.0,0.975,1.0,0.964,0.0,0.017,0.0,0.0,0.091,0.091,0.091
847534384759138483890,Stone-Dowd-Bowman,2026020005,2026,VGK,CHI,HOME,20260929,line,5on5,25.0,13.0,0.0,0.0,0.0,0.0,0.0,0.0,0.0,0.0,0.0,0.0,0.0,0.0,0.0,0.0,0.0,0.0,0.0,0.0,0.0,0.0,0.0,0.0,0.0,0.0,0.0,0.0,0.0,0.0,0.0,0.0,0.0,0.0,0.0,0.0,0.0,0.0,0.0,0.0,0.0,0.0,0.0,0.0,0.0,0.0,0.0,0.0,0.0,0.0,0.0,0.0,0.0,0.0,0.0,0.0,0.0,0.0,0.0,0.0,0.0,0.0,0.0,0.0,0.0,1.0,1.0,0.0,0.0,0.0,0.0,0.0,0.0,0.0,0.0,0.0,0.0,0.0,0.0,0.0,0.0,0.0,0.0,0.0,0.0,0.0,0.0,0.0,0.0,0.0,0.0,0.936,0.0,0.0,0.0,0.0,0.0,0.0,0.0,0.0,0.0
847644884784838479353,Howden-Karlsson-Marner,2026020005,2026,VGK,CHI,HOME,20260929,line,5on5,738.0,1.0,0.9247,0.5789,0.6667,5.72,0.577,0.572,1.081,0.011,2.701,3.057,0.576,0.58,0.579,6.0,2.0,3.0,11.0,0.0,0.0,0.0,2.0,0.0,2.0,4.0,6.0,8.0,0.0,0.0,11.0,3.0,2.0,7.0,5.0,3.0,0.0,0.258,0.319,0.0,0.0,0.0,0.0,11.662,8.0,8.312,6.0,0.115,0.0,0.0,0.692,0.696,0.694,2.947,0.047,0.186,0.552,0.003,1.288,1.924,0.047,0.047,0.047,3.0,1.0,4.0,8.0,0.0,0.0,0.0,1.0,0.0,1.0,2.0,3.0,4.0,0.0,0.0,5.0,3.0,1.0,2.0,4.0,0.0,0.0,0.047,0.0,0.0,0.0,0.0,0.0,7.719,4.0,3.893,1.0,0.037,0.0,0.0,0.085,0.085,0.085
847688184781098479353,Olofsson-Hertl-Howden,2026020005,2026,VGK,CHI,HOME,20260929,line,5on5,30.0,11.0,1.0,1.0,1.0,0.791,0.031,0.063,0.106,0.003,0.322,0.475,0.031,0.032,0.032,1.0,0.0,0.0,1.0,0.0,0.0,0.0,0.0,0.0,0.0,1.0,1.0,1.0,0.0,0.0,0.0,0.0,0.0,0.0,1.0,0.0,0.0,0.031,0.0,0.0,0.0,0.0,0.0,1.074,1.0,1.05,0.0,0.014,0.0,0.0,0.045,0.045,0.045,0.0,0.0,0.0,0.0,0.0,0.0,0.0,0.0,0.0,0.0,0.0,0.0,0.0,0.0,0.0,0.0,0.0,0.0,0.0,0.0,0.0,0.0,0.0,0.0,0.0,0.0,0.0,0.0,0.0,0.0,0.0,0.0,0.0,0.0,0.0,0.0,0.0,0.0,0.0,0.0,0.0,0.0,0.0,0.0,0.0,0.0,0.0,0.0
847688184781098483553,Olofsson-Hertl-Gatcomb,2026020005,2026,VGK,CHI,HOME,20260929,line,5on5,21.0,17.0,0.0,0.0,0.0,0.0,0.0,0.0,0.0,0.0,0.0,0.0,0.0,0.0,0.0,0.0,0.0,0.0,0.0,0.0,0.0,0.0,0.0,0.0,0.0,0.0,0.0,0.0,0.0,0.0,0.0,0.0,0.0,0.0,0.0,0.0,0.0,0.0,0.0,0.0,0.0,0.0,0.0,0.0,0.0,0.0,0.0,0.0,0.0,0.0,0.0,0.0,0.0,0.74,0.03,0.055,0.175,0.003,0.324,0.413,0.03,0.03,0.03,0.0,1.0,0.0,1.0,0.0,0.0,0.0,0.0,0.0,0.0,1.0,0.0,1.0,0.0,0.0,0.0,0.0,0.0,0.0,1.0,0.0,0.0,0.03,0.0,0.0,0.0,0.0,0.0,0.936,1.0,0.954,0.0,0.011,0.0,0.0,0.041,0.041,0.041
847810984784038484803,Olofsson-Eichel-Connelly,2026020005,2026,VGK,CHI,HOME,20260929,line,5on5,15.0,21.0,0.0,0.0,0.0,0.0,0.0,0.0,0.0,0.0,0.0,0.0,0.0,0.0,0.0,0.0,0.0,0.0,0.0,0.0,0.0,0.0,0.0,0.0,0.0,0.0,0.0,0.0,0.0,0.0,0.0,0.0,0.0,0.0,0.0,0.0,0.0,0.0,0.0,0.0,0.0,0.0,0.0,0.0,0.0,0.0,0.0,0.0,0.0,0.0,0.0,0.0,0.0,0.714,0.061,0.075,0.126,0.001,0.358,0.377,0.061,0.061,0.061,1.0,0.0,0.0,1.0,1.0,0.0,0.0,0.0,0.0,0.0,0.0,0.0,0.0,0.0,0.0,0.0,0.0,0.0,0.0,1.0,0.0,0.0,0.061,0.0,0.0,1.0,0.0,0.0,0.975,1.0,0.964,0.0,0.015,0.0,0.0,0.076,0.076,0.076
847591384764488479353,Howden-Karlsson-Stone,2026020005,2026,VGK,CHI,HOME,20260929,line,5on5,25.0,14.0,0.0,1.0,0.0,0.0,0.0,0.0,0.0,0.0,0.0,0.0,0.0,0.0,0.0,0.0,0.0,1.0,1.0,0.0,0.0,0.0,0.0,0.0,0.0,0.0,0.0,0.0,0.0,0.0,0.0,0.0,0.0,0.0,0.0,0.0,0.0,0.0,0.0,0.0,0.0,0.0,0.0,1.026,0.0,0.0,0.0,0.0,0.0,0.0,0.0,0.0,0.0,0.0,0.0,0.0,0.0,0.0,0.0,0.0,0.0,0.0,0.0,0.0,0.0,0.0,0.0,0.0,0.0,0.0,0.0,0.0,0.0,0.0,0.0,0.0,0.0,0.0,0.0,0.0,0.0,0.0,0.0,0.0,0.0,0.0,0.0,0.0,0.0,0.0,0.0,0.0,0.0,0.0,0.0,0.0,0.0,0.0,0.0,0.0,0.0
84751888477447,Theodore-Mcnabb,2026020005,2026,VGK,CHI,HOME,20260929,pairing,5on5,878.0,3.0,0.7714,0.6667,0.619,9.239,1.019,0.975,1.672,0.026,4.862,4.447,0.98,1.017,0.978,7.0,6.0,5.0,18.0,2.0,2.0,1.0,0.0,0.0,4.0,5.0,5.0,11.0,0.0,0.0,8.0,4.0,2.0,6.0,9.0,2.0,2.0,0.241,0.226,0.552,0.0,0.0,2.0,18.58,13.0,13.29,3.0,0.203,0.219,0.219,1.002,0.996,0.978,6.376,0.302,0.676,0.971,0.011,2.491,3.548,0.301,0.299,0.298,6.0,2.0,1.0,9.0,1.0,1.0,0.0,3.0,0.0,3.0,0.0,5.0,7.0,0.0,0.0,8.0,2.0,4.0,2.0,7.0,1.0,0.0,0.186,0.116,0.0,1.0,0.0,0.0,8.598,8.0,7.654,1.0,0.141,0.017,0.017,0.426,0.421,0.42
84751888478450,Wotherspoon-Mcnabb,2026020005,2026,VGK,CHI,HOME,20260929,pairing,5on5,120.0,4.0,0.4537,0.5,0.5,0.707,0.049,0.066,0.131,0.003,0.367,0.383,0.049,0.05,0.05,0.0,1.0,0.0,1.0,0.0,0.0,0.0,0.0,0.0,0.0,1.0,0.0,1.0,0.0,0.0,0.0,2.0,0.0,1.0,1.0,0.0,0.0,0.049,0.0,0.0,0.0,0.0,0.0,1.074,1.0,1.05,1.0,0.013,0.0,0.0,0.062,0.063,0.063,0.466,0.059,0.08,0.088,0.002,0.355,0.416,0.059,0.062,0.062,0.0,1.0,0.0,1.0,0.0,0.0,0.0,0.0,0.0,0.0,1.0,0.0,1.0,1.0,2.0,0.0,0.0,0.0,0.0,1.0,0.0,0.0,0.059,0.0,0.0,0.0,0.0,0.0,1.032,1.0,1.03,0.0,0.018,0.0,0.0,0.076,0.08,0.08
847644884793538483553,Howden-Karlsson-Gatcomb,2026020005,2026,VGK,CHI,HOME,20260929,line,5on5,13.0,23.0,0.0,0.0,0.0,0.0,0.0,0.0,0.0,0.0,0.0,0.0,0.0,0.0,0.0,0.0,0.0,0.0,0.0,0.0,0.0,0.0,0.0,0.0,0.0,0.0,0.0,0.0,0.0,0.0,0.0,1.0,0.0,1.0,0.0,0.0,0.0,0.0,0.0,0.0,0.0,0.0,0.0,0.0,0.0,0.0,1.0,0.0,0.0,0.0,0.0,0.0,0.0,0.0,0.0,0.0,0.0,0.0,0.0,0.0,0.0,0.0,0.0,0.0,0.0,0.0,0.0,0.0,0.0,0.0,0.0,0.0,0.0,0.0,0.0,0.0,0.0,0.0,0.0,0.0,0.0,0.0,0.0,0.0,0.0,0.0,0.0,0.0,0.0,0.0,0.0,0.0,0.0,0.0,0.0,0.0,0.0,0.0,0.0,0.0,0.0
847534384835538483890,Gatcomb-Dowd-Bowman,2026020005,2026,VGK,CHI,HOME,20260929,line,5on5,394.0,4.0,0.1185,0.5,0.5,3.253,0.075,0.316,0.806,0.009,1.883,1.912,0.075,0.075,0.075,5.0,0.0,0.0,5.0,0.0,0.0,0.0,2.0,0.0,3.0,0.0,5.0,5.0,1.0,2.0,5.0,5.0,0.0,3.0,5.0,0.0,0.0,0.075,0.0,0.0,0.0,0.0,0.0,5.324,5.0,5.172,2.0,0.061,0.0,0.0,0.136,0.137,0.137,3.898,0.558,0.489,0.522,0.013,1.75,1.668,0.536,0.551,0.529,4.0,1.0,0.0,5.0,0.0,1.0,0.0,0.0,0.0,2.0,2.0,4.0,5.0,1.0,2.0,3.0,4.0,0.0,4.0,1.0,3.0,1.0,0.025,0.299,0.235,0.0,0.0,0.0,4.68,5.0,4.772,2.0,0.107,0.235,0.235,0.43,0.425,0.422
